0 2.74 1 -0.14 1.74591e+07 3514.5 1.74556e+07 250.792 4.60191 2.89809 2.31543e+08 3591.49 3591.49 541665 0 1.74556e+09
1 2.74 1 -0.095 1.75213e+07 3514.5 1.75178e+07 248.438 4.61509 2.88491 2.32021e+08 3591.49 3591.49 541665 0 1.75178e+09
2 2.74 1 -0.05 1.75634e+07 3514.5 1.75599e+07 247.042 4.62066 2.87934 2.32321e+08 3591.49 3591.49 541665 0 1.75599e+09
3 2.74 1 -0.005 1.75931e+07 3514.5 1.75896e+07 246.604 4.61864 2.88136 2.32436e+08 3591.49 3591.49 541665 0 1.75896e+09
4 2.74 1 0.04 1.76099e+07 3514.5 1.76064e+07 247.146 4.60945 2.89055 2.32363e+08 3591.49 3591.49 541665 0 1.76065e+09
5 2.74 1.01143 -0.14 1.68817e+07 3514.5 1.68782e+07 224.083 4.92726 2.57274 2.3735e+08 3632.54 3632.54 535732 0 1.68782e+09
6 2.74 1.01143 -0.095 1.67954e+07 3514.5 1.67919e+07 222.062 4.94778 2.55222 2.37872e+08 3632.54 3632.54 535732 0 1.67919e+09
7 2.74 1.01143 -0.05 1.67599e+07 3514.5 1.67563e+07 220.833 4.95768 2.54232 2.38198e+08 3632.54 3632.54 535732 0 1.67564e+09
8 2.74 1.01143 -0.005 1.67841e+07 3514.5 1.67806e+07 220.375 4.95534 2.54466 2.38323e+08 3632.54 3632.54 535732 0 1.67807e+09
9 2.74 1.01143 0.04 1.68704e+07 3514.5 1.68669e+07 220.708 4.94078 2.55922 2.38244e+08 3632.54 3632.54 535732 0 1.68669e+09
10 2.74 1.02286 -0.14 1.4926e+07 3514.5 1.49225e+07 205.083 5.39122 2.10878 2.43077e+08 3673.59 3673.59 529863 0 1.49225e+09
11 2.74 1.02286 -0.095 1.47381e+07 3514.5 1.47345e+07 203.438 5.4294 2.0706 2.43642e+08 3673.59 3673.59 529863 0 1.47346e+09
12 2.74 1.02286 -0.05 1.46437e+07 3514.5 1.46402e+07 202.396 5.44992 2.05008 2.43996e+08 3673.59 3673.59 529863 0 1.46403e+09
13 2.74 1.02286 -0.005 1.46525e+07 3514.5 1.4649e+07 201.938 5.45095 2.04905 2.44131e+08 3673.59 3673.59 529863 0 1.4649e+09
14 2.74 1.02286 0.04 1.47677e+07 3514.5 1.47641e+07 202.104 5.43256 2.06744 2.44045e+08 3673.59 3673.59 529863 0 1.47642e+09
15 2.74 1.03429 -0.14 1.25206e+07 3514.5 1.25171e+07 191.958 5.96799 1.53201 2.48746e+08 3714.63 3714.63 524059 0 1.25171e+09
16 2.74 1.03429 -0.095 1.22596e+07 3514.5 1.2256e+07 190.604 6.01915 1.48085 2.49354e+08 3714.63 3714.63 524059 0 1.22561e+09
17 2.74 1.03429 -0.05 1.21186e+07 3514.5 1.21151e+07 189.75 6.04837 1.45163 2.49735e+08 3714.63 3714.63 524059 0 1.21151e+09
18 2.74 1.03429 -0.005 1.21084e+07 3514.5 1.21049e+07 189.354 6.05382 1.44618 2.49881e+08 3714.63 3714.63 524059 0 1.21049e+09
19 2.74 1.03429 0.04 1.22337e+07 3514.5 1.22301e+07 189.417 6.03485 1.46515 2.49789e+08 3714.63 3714.63 524059 0 1.22302e+09
20 2.74 1.04571 -0.14 1.00999e+07 3514.5 1.00964e+07 182.542 6.57355 0.926448 2.54374e+08 3755.68 3755.68 518318 0 1.00964e+09
21 2.74 1.04571 -0.095 9.76983e+06 3514.5 9.76632e+06 181.417 6.63218 0.867824 2.55026e+08 3755.68 3755.68 518318 0 9.76633e+08
22 2.74 1.04571 -0.05 9.57986e+06 3514.5 9.57634e+06 180.688 6.66628 0.83372 2.55435e+08 3755.68 3755.68 518318 0 9.57636e+08
23 2.74 1.04571 -0.005 9.54492e+06 3514.5 9.5414e+06 180.333 6.67463 0.825374 2.55592e+08 3755.68 3755.68 518318 0 9.54142e+08
24 2.74 1.04571 0.04 9.67179e+06 3514.5 9.66827e+06 180.354 6.65668 0.843324 2.55492e+08 3755.68 3755.68 518318 0 9.66829e+08
25 2.74 1.05714 -0.14 7.8527e+06 3514.5 7.84918e+06 175.375 7.16338 0.336621 2.59975e+08 3796.72 3796.72 512641 0 7.84919e+08
26 2.74 1.05714 -0.095 7.43469e+06 3514.5 7.43118e+06 174.417 7.2259 0.274096 2.60673e+08 3796.72 3796.72 512641 0 7.43118e+08
27 2.74 1.05714 -0.05 7.17594e+06 3514.5 7.17243e+06 173.771 7.26271 0.237291 2.61109e+08 3796.72 3796.72 512641 0 7.17243e+08
28 2.74 1.05714 -0.005 7.10176e+06 3514.5 7.09825e+06 173.438 7.27292 0.227083 2.61277e+08 3796.72 3796.72 512641 0 7.09825e+08
29 2.74 1.05714 0.04 7.22461e+06 3514.5 7.2211e+06 173.438 7.25617 0.243827 2.61171e+08 3796.72 3796.72 512641 0 7.2211e+08
30 2.74 1.06857 -0.14 5.89769e+06 3514.5 5.89417e+06 169.625 7.72227 0.222274 2.65563e+08 3837.77 3837.77 507025 0 5.89418e+08
31 2.74 1.06857 -0.095 5.34669e+06 3514.5 5.34318e+06 168.75 7.7867 0.286698 2.66304e+08 3837.77 3837.77 507025 0 5.34318e+08
32 2.74 1.06857 -0.05 4.97107e+06 3514.5 4.96755e+06 168.188 7.82521 0.325212 2.66768e+08 3837.77 3837.77 507025 0 4.96756e+08
33 2.74 1.06857 -0.005 4.82326e+06 3514.5 4.81975e+06 167.896 7.83684 0.336839 2.66946e+08 3837.77 3837.77 507025 0 4.81975e+08
34 2.74 1.06857 0.04 4.93393e+06 3514.5 4.93042e+06 167.875 7.82117 0.321165 2.66833e+08 3837.77 3837.77 507025 0 4.93042e+08
35 2.74 1.08 -0.14 4.40166e+06 3514.5 4.39814e+06 164.812 8.24725 0.747253 2.7115e+08 3878.81 3878.81 501471 0 4.39816e+08
36 2.74 1.08 -0.095 3.64874e+06 3514.5 3.64522e+06 164.021 8.3129 0.812901 2.71934e+08 3878.81 3878.81 501471 0 3.64524e+08
37 2.74 1.08 -0.05 3.05036e+06 3514.5 3.04684e+06 163.5 8.35253 0.852532 2.7242e+08 3878.81 3878.81 501471 0 3.04686e+08
38 2.74 1.08 -0.005 2.73101e+06 3514.5 2.72749e+06 163.229 8.36526 0.865261 2.72601e+08 3878.81 3878.81 501471 0 2.72751e+08
39 2.74 1.08 0.04 2.80667e+06 3514.5 2.80316e+06 163.208 8.35056 0.850556 2.72484e+08 3878.81 3878.81 501471 0 2.80318e+08
40 2.74667 1 -0.14 1.68514e+07 3514.5 1.68479e+07 246.5 4.59837 2.90163 2.31543e+08 3591.49 3591.49 541665 0 1.6848e+09
41 2.74667 1 -0.095 1.68839e+07 3514.5 1.68803e+07 244.188 4.61276 2.88724 2.32021e+08 3591.49 3591.49 541665 0 1.68804e+09
42 2.74667 1 -0.05 1.69105e+07 3514.5 1.69069e+07 242.812 4.61907 2.88093 2.32321e+08 3591.49 3591.49 541665 0 1.6907e+09
43 2.74667 1 -0.005 1.69392e+07 3514.5 1.69357e+07 242.375 4.61707 2.88293 2.32435e+08 3591.49 3591.49 541665 0 1.69357e+09
44 2.74667 1 0.04 1.69698e+07 3514.5 1.69663e+07 242.875 4.60671 2.89329 2.32363e+08 3591.49 3591.49 541665 0 1.69663e+09
45 2.74667 1.01143 -0.14 1.59004e+07 3514.5 1.58968e+07 220.562 4.96244 2.53756 2.3735e+08 3632.54 3632.54 535732 0 1.58969e+09
46 2.74667 1.01143 -0.095 1.57913e+07 3514.5 1.57878e+07 218.604 4.9875 2.5125 2.37871e+08 3632.54 3632.54 535732 0 1.57879e+09
47 2.74667 1.01143 -0.05 1.57439e+07 3514.5 1.57404e+07 217.396 4.99992 2.50008 2.38198e+08 3632.54 3632.54 535732 0 1.57404e+09
48 2.74667 1.01143 -0.005 1.57671e+07 3514.5 1.57636e+07 216.938 4.99843 2.50157 2.38323e+08 3632.54 3632.54 535732 0 1.57636e+09
49 2.74667 1.01143 0.04 1.58631e+07 3514.5 1.58596e+07 217.229 4.98248 2.51752 2.38243e+08 3632.54 3632.54 535732 0 1.58596e+09
50 2.74667 1.02286 -0.14 1.37302e+07 3514.5 1.37267e+07 202.521 5.47783 2.02217 2.43077e+08 3673.59 3673.59 529863 0 1.37267e+09
51 2.74667 1.02286 -0.095 1.3527e+07 3514.5 1.35235e+07 200.938 5.52037 1.97963 2.43641e+08 3673.59 3673.59 529863 0 1.35235e+09
52 2.74667 1.02286 -0.05 1.34254e+07 3514.5 1.34218e+07 199.938 5.54378 1.95622 2.43995e+08 3673.59 3673.59 529863 0 1.34219e+09
53 2.74667 1.02286 -0.005 1.34346e+07 3514.5 1.34311e+07 199.521 5.54661 1.95339 2.4413e+08 3673.59 3673.59 529863 0 1.34311e+09
54 2.74667 1.02286 0.04 1.3558e+07 3514.5 1.35545e+07 199.646 5.5275 1.9725 2.44044e+08 3673.59 3673.59 529863 0 1.35545e+09
55 2.74667 1.03429 -0.14 1.12198e+07 3514.5 1.12163e+07 190.146 6.08708 1.41292 2.48745e+08 3714.63 3714.63 524059 0 1.12163e+09
56 2.74667 1.03429 -0.095 1.09467e+07 3514.5 1.09432e+07 188.875 6.14154 1.35846 2.49353e+08 3714.63 3714.63 524059 0 1.09432e+09
57 2.74667 1.03429 -0.05 1.08004e+07 3514.5 1.07969e+07 188.062 6.17276 1.32724 2.49735e+08 3714.63 3714.63 524059 0 1.07969e+09
58 2.74667 1.03429 -0.005 1.07923e+07 3514.5 1.07888e+07 187.667 6.17906 1.32094 2.4988e+08 3714.63 3714.63 524059 0 1.07888e+09
59 2.74667 1.03429 0.04 1.09269e+07 3514.5 1.09234e+07 187.729 6.16033 1.33967 2.49788e+08 3714.63 3714.63 524059 0 1.09234e+09
60 2.74667 1.04571 -0.14 8.75763e+06 3514.5 8.75412e+06 181.229 6.70879 0.791212 2.54372e+08 3755.68 3755.68 518318 0 8.75413e+08
61 2.74667 1.04571 -0.095 8.41122e+06 3514.5 8.40771e+06 180.167 6.76935 0.730646 2.55025e+08 3755.68 3755.68 518318 0 8.40772e+08
62 2.74667 1.04571 -0.05 8.21274e+06 3514.5 8.20923e+06 179.458 6.80461 0.69539 2.55434e+08 3755.68 3755.68 518318 0 8.20924e+08
63 2.74667 1.04571 -0.005 8.17955e+06 3514.5 8.17604e+06 179.125 6.81373 0.686272 2.5559e+08 3755.68 3755.68 518318 0 8.17605e+08
64 2.74667 1.04571 0.04 8.31904e+06 3514.5 8.31553e+06 179.146 6.79604 0.703957 2.55491e+08 3755.68 3755.68 518318 0 8.31554e+08
65 2.74667 1.05714 -0.14 6.5207e+06 3514.5 6.51718e+06 174.375 7.30623 0.193775 2.59973e+08 3796.72 3796.72 512641 0 6.51719e+08
66 2.74667 1.05714 -0.095 6.06942e+06 3514.5 6.0659e+06 173.438 7.36979 0.130214 2.60669e+08 3796.72 3796.72 512641 0 6.06591e+08
67 2.74667 1.05714 -0.05 5.78771e+06 3514.5 5.7842e+06 172.812 7.40738 0.0926152 2.61106e+08 3796.72 3796.72 512641 0 5.7842e+08
68 2.74667 1.05714 -0.005 5.70933e+06 3514.5 5.70582e+06 172.5 7.41816 0.081842 2.61273e+08 3796.72 3796.72 512641 0 5.70582e+08
69 2.74667 1.05714 0.04 5.85025e+06 3514.5 5.84673e+06 172.5 7.40166 0.0983447 2.61167e+08 3796.72 3796.72 512641 0 5.84674e+08
70 2.74667 1.06857 -0.14 4.6661e+06 3514.5 4.66258e+06 168.812 7.86876 0.368765 2.6556e+08 3837.77 3837.77 507025 0 4.66259e+08
71 2.74667 1.06857 -0.095 4.04169e+06 3514.5 4.03818e+06 167.979 7.93403 0.434028 2.66299e+08 3837.77 3837.77 507025 0 4.03819e+08
72 2.74667 1.06857 -0.05 3.59646e+06 3514.5 3.59295e+06 167.417 7.97308 0.473078 2.6676e+08 3837.77 3837.77 507025 0 3.59296e+08
73 2.74667 1.06857 -0.005 3.4157e+06 3514.5 3.41218e+06 167.125 7.98509 0.485086 2.66935e+08 3837.77 3837.77 507025 0 3.41219e+08
74 2.74667 1.06857 0.04 3.55338e+06 3514.5 3.54987e+06 167.104 7.96961 0.469609 2.66825e+08 3837.77 3837.77 507025 0 3.54988e+08
75 2.74667 1.08 -0.14 3.49813e+06 3514.5 3.49462e+06 164.125 8.39554 0.895539 2.71153e+08 3878.81 3878.81 501471 0 3.49463e+08
76 2.74667 1.08 -0.095 2.63799e+06 3514.5 2.63448e+06 163.354 8.46189 0.96189 2.71934e+08 3878.81 3878.81 501471 0 2.6345e+08
77 2.74667 1.08 -0.05 1.85593e+06 3514.5 1.85241e+06 162.854 8.50241 1.00241 2.72406e+08 3878.81 3878.81 501471 0 1.85243e+08
78 2.74667 1.08 -0.005 1.33924e+06 3514.5 1.33573e+06 162.583 8.51624 1.01624 2.72554e+08 3878.81 3878.81 501471 0 1.33575e+08
79 2.74667 1.08 0.04 1.45052e+06 3514.5 1.44701e+06 162.562 8.50149 1.00149 2.72449e+08 3878.81 3878.81 501471 0 1.44703e+08
80 2.75333 1 -0.14 1.61782e+07 3514.5 1.61747e+07 242.25 4.6001 2.8999 2.31543e+08 3591.49 3591.49 541665 0 1.61747e+09
81 2.75333 1 -0.095 1.61815e+07 3514.5 1.6178e+07 239.979 4.61633 2.88367 2.32021e+08 3591.49 3591.49 541665 0 1.61781e+09
82 2.75333 1 -0.05 1.61931e+07 3514.5 1.61896e+07 238.625 4.62376 2.87624 2.32321e+08 3591.49 3591.49 541665 0 1.61897e+09
83 2.75333 1 -0.005 1.6221e+07 3514.5 1.62175e+07 238.188 4.62193 2.87807 2.32435e+08 3591.49 3591.49 541665 0 1.62176e+09
84 2.75333 1 0.04 1.62653e+07 3514.5 1.62617e+07 238.667 4.6107 2.8893 2.32362e+08 3591.49 3591.49 541665 0 1.62618e+09
85 2.75333 1.01143 -0.14 1.48699e+07 3514.5 1.48663e+07 217.167 5.00955 2.49045 2.3735e+08 3632.54 3632.54 535732 0 1.48664e+09
86 2.75333 1.01143 -0.095 1.47398e+07 3514.5 1.47363e+07 215.292 5.03974 2.46026 2.37871e+08 3632.54 3632.54 535732 0 1.47363e+09
87 2.75333 1.01143 -0.05 1.46818e+07 3514.5 1.46783e+07 214.125 5.05525 2.44475 2.38198e+08 3632.54 3632.54 535732 0 1.46783e+09
88 2.75333 1.01143 -0.005 1.47047e+07 3514.5 1.47012e+07 213.667 5.05471 2.44529 2.38322e+08 3632.54 3632.54 535732 0 1.47012e+09
89 2.75333 1.01143 0.04 1.48106e+07 3514.5 1.48071e+07 213.958 5.03837 2.46163 2.38243e+08 3632.54 3632.54 535732 0 1.48071e+09
90 2.75333 1.02286 -0.14 1.25054e+07 3514.5 1.25019e+07 200.125 5.5749 1.9251 2.43076e+08 3673.59 3673.59 529863 0 1.25019e+09
91 2.75333 1.02286 -0.095 1.22888e+07 3514.5 1.22853e+07 198.625 5.62183 1.87817 2.43641e+08 3673.59 3673.59 529863 0 1.22853e+09
92 2.75333 1.02286 -0.05 1.21813e+07 3514.5 1.21778e+07 197.688 5.64822 1.85178 2.43994e+08 3673.59 3673.59 529863 0 1.21778e+09
93 2.75333 1.02286 -0.005 1.21924e+07 3514.5 1.21889e+07 197.271 5.65206 1.84794 2.4413e+08 3673.59 3673.59 529863 0 1.21889e+09
94 2.75333 1.02286 0.04 1.2325e+07 3514.5 1.23215e+07 197.396 5.63302 1.86698 2.44044e+08 3673.59 3673.59 529863 0 1.23216e+09
95 2.75333 1.03429 -0.14 9.9043e+06 3514.5 9.90078e+06 188.479 6.21255 1.28745 2.48744e+08 3714.63 3714.63 524059 0 9.90081e+08
96 2.75333 1.03429 -0.095 9.61951e+06 3514.5 9.61599e+06 187.271 6.26966 1.23034 2.49352e+08 3714.63 3714.63 524059 0 9.61602e+08
97 2.75333 1.03429 -0.05 9.46879e+06 3514.5 9.46528e+06 186.479 6.30243 1.19757 2.49733e+08 3714.63 3714.63 524059 0 9.4653e+08
98 2.75333 1.03429 -0.005 9.46444e+06 3514.5 9.46092e+06 186.125 6.30995 1.19005 2.49879e+08 3714.63 3714.63 524059 0 9.46095e+08
99 2.75333 1.03429 0.04 9.61093e+06 3514.5 9.60742e+06 186.167 6.29124 1.20876 2.49787e+08 3714.63 3714.63 524059 0 9.60744e+08
100 2.75333 1.04571 -0.14 7.4126e+06 3514.5 7.40909e+06 180 6.8474 0.652597 2.5437e+08 3755.68 3755.68 518318 0 7.4091e+08
101 2.75333 1.04571 -0.095 7.04664e+06 3514.5 7.04313e+06 178.979 6.90951 0.590492 2.55022e+08 3755.68 3755.68 518318 0 7.04314e+08
102 2.75333 1.04571 -0.05 6.83822e+06 3514.5 6.83471e+06 178.312 6.94593 0.554073 2.55431e+08 3755.68 3755.68 518318 0 6.83472e+08
103 2.75333 1.04571 -0.005 6.80851e+06 3514.5 6.805e+06 177.979 6.9556 0.544398 2.55588e+08 3755.68 3755.68 518318 0 6.80501e+08
104 2.75333 1.04571 0.04 6.96572e+06 3514.5 6.9622e+06 178 6.93817 0.561829 2.55489e+08 3755.68 3755.68 518318 0 6.96222e+08
105 2.75333 1.05714 -0.14 5.21235e+06 3514.5 5.20883e+06 173.417 7.451 0.0489994 2.59969e+08 3796.72 3796.72 512641 0 5.20883e+08
106 2.75333 1.05714 -0.095 4.71414e+06 3514.5 4.71062e+06 172.521 7.5156 0.0155993 2.60664e+08 3796.72 3796.72 512641 0 4.71062e+08
107 2.75333 1.05714 -0.05 4.39787e+06 3514.5 4.39435e+06 171.917 7.55392 0.0539171 2.611e+08 3796.72 3796.72 512641 0 4.39436e+08
108 2.75333 1.05714 -0.005 4.3137e+06 3514.5 4.31018e+06 171.625 7.56518 0.0651835 2.61267e+08 3796.72 3796.72 512641 0 4.31018e+08
109 2.75333 1.05714 0.04 4.48419e+06 3514.5 4.48067e+06 171.625 7.54889 0.0488942 2.61162e+08 3796.72 3796.72 512641 0 4.48067e+08
110 2.75333 1.06857 -0.14 3.56074e+06 3514.5 3.55722e+06 168.021 8.01654 0.516541 2.65557e+08 3837.77 3837.77 507025 0 3.55723e+08
111 2.75333 1.06857 -0.095 2.83154e+06 3514.5 2.82803e+06 167.229 8.08265 0.582651 2.66291e+08 3837.77 3837.77 507025 0 2.82804e+08
112 2.75333 1.06857 -0.05 2.25914e+06 3514.5 2.25562e+06 166.688 8.12246 0.622465 2.66742e+08 3837.77 3837.77 507025 0 2.25563e+08
113 2.75333 1.06857 -0.005 2.00579e+06 3514.5 2.00227e+06 166.396 8.135 0.635004 2.6691e+08 3837.77 3837.77 507025 0 2.00229e+08
114 2.75333 1.06857 0.04 2.20557e+06 3514.5 2.20205e+06 166.396 8.1196 0.619595 2.66808e+08 3837.77 3837.77 507025 0 2.20206e+08
115 2.75333 1.08 -0.14 3.01383e+06 3514.5 3.01031e+06 163.479 8.54461 1.04461 2.71166e+08 3878.81 3878.81 501471 0 3.01034e+08
116 2.75333 1.08 -0.095 2.14476e+06 3514.5 2.14124e+06 162.729 8.61156 1.11156 2.71958e+08 3878.81 3878.81 501471 0 2.14127e+08
117 2.75333 1.08 -0.05 1.25996e+06 3514.5 1.25644e+06 162.229 8.65318 1.15318 2.72461e+08 3878.81 3878.81 501471 0 1.25647e+08
118 2.75333 1.08 -0.005 370327 3514.5 366812 161.979 8.67563 1.17563 2.72755e+08 3878.81 3878.81 501471 0 3.66836e+07
119 2.75333 1.08 0.04 583922 3514.5 580407 161.958 8.65649 1.15649 2.72578e+08 3878.81 3878.81 501471 0 5.80431e+07
120 2.76 1 -0.14 1.54397e+07 3514.5 1.54362e+07 238.062 4.60884 2.89116 2.31543e+08 3591.49 3591.49 541665 0 1.54362e+09
121 2.76 1 -0.095 1.54148e+07 3514.5 1.54113e+07 235.833 4.62752 2.87248 2.32021e+08 3591.49 3591.49 541665 0 1.54114e+09
122 2.76 1 -0.05 1.54121e+07 3514.5 1.54086e+07 234.5 4.63645 2.86355 2.32321e+08 3591.49 3591.49 541665 0 1.54087e+09
123 2.76 1 -0.005 1.54396e+07 3514.5 1.5436e+07 234.062 4.63495 2.86505 2.32435e+08 3591.49 3591.49 541665 0 1.54361e+09
124 2.76 1 0.04 1.54973e+07 3514.5 1.54938e+07 234.521 4.62277 2.87723 2.32362e+08 3591.49 3591.49 541665 0 1.54939e+09
125 2.76 1.01143 -0.14 1.37935e+07 3514.5 1.379e+07 213.958 5.06993 2.43007 2.37349e+08 3632.54 3632.54 535732 0 1.379e+09
126 2.76 1.01143 -0.095 1.36444e+07 3514.5 1.36409e+07 212.167 5.10524 2.39476 2.37871e+08 3632.54 3632.54 535732 0 1.3641e+09
127 2.76 1.01143 -0.05 1.35774e+07 3514.5 1.35739e+07 211.042 5.12385 2.37615 2.38197e+08 3632.54 3632.54 535732 0 1.35739e+09
128 2.76 1.01143 -0.005 1.3601e+07 3514.5 1.35975e+07 210.604 5.12472 2.37528 2.38322e+08 3632.54 3632.54 535732 0 1.35975e+09
129 2.76 1.01143 0.04 1.37171e+07 3514.5 1.37136e+07 210.854 5.10724 2.39276 2.38243e+08 3632.54 3632.54 535732 0 1.37137e+09
130 2.76 1.02286 -0.14 1.12551e+07 3514.5 1.12516e+07 197.917 5.6818 1.8182 2.43075e+08 3673.59 3673.59 529863 0 1.12516e+09
131 2.76 1.02286 -0.095 1.10267e+07 3514.5 1.10232e+07 196.5 5.73268 1.76732 2.4364e+08 3673.59 3673.59 529863 0 1.10232e+09
132 2.76 1.02286 -0.05 1.09151e+07 3514.5 1.09115e+07 195.604 5.76145 1.73855 2.43994e+08 3673.59 3673.59 529863 0 1.09116e+09
133 2.76 1.02286 -0.005 1.09296e+07 3514.5 1.09261e+07 195.208 5.76655 1.73345 2.44129e+08 3673.59 3673.59 529863 0 1.09261e+09
134 2.76 1.02286 0.04 1.10732e+07 3514.5 1.10697e+07 195.312 5.74733 1.75267 2.44043e+08 3673.59 3673.59 529863 0 1.10697e+09
135 2.76 1.03429 -0.14 8.57649e+06 3514.5 8.57298e+06 186.938 6.34334 1.15666 2.48742e+08 3714.63 3714.63 524059 0 8.573e+08
136 2.76 1.03429 -0.095 8.2799e+06 3514.5 8.27638e+06 185.792 6.40276 1.09724 2.49351e+08 3714.63 3714.63 524059 0 8.27641e+08
137 2.76 1.03429 -0.05 8.12566e+06 3514.5 8.12215e+06 185.042 6.43711 1.06289 2.49732e+08 3714.63 3714.63 524059 0 8.12217e+08
138 2.76 1.03429 -0.005 8.12746e+06 3514.5 8.12395e+06 184.688 6.44532 1.05468 2.49878e+08 3714.63 3714.63 524059 0 8.12397e+08
139 2.76 1.03429 0.04 8.28964e+06 3514.5 8.28613e+06 184.729 6.42687 1.07313 2.49785e+08 3714.63 3714.63 524059 0 8.28615e+08
140 2.76 1.04571 -0.14 6.06967e+06 3514.5 6.06616e+06 178.854 6.98899 0.511014 2.54367e+08 3755.68 3755.68 518318 0 6.06617e+08
141 2.76 1.04571 -0.095 5.67841e+06 3514.5 5.6749e+06 177.875 7.05244 0.447565 2.55019e+08 3755.68 3755.68 518318 0 5.67491e+08
142 2.76 1.04571 -0.05 5.45721e+06 3514.5 5.4537e+06 177.229 7.08975 0.410246 2.55427e+08 3755.68 3755.68 518318 0 5.45371e+08
143 2.76 1.04571 -0.005 5.43389e+06 3514.5 5.43038e+06 176.917 7.10005 0.399955 2.55584e+08 3755.68 3755.68 518318 0 5.43039e+08
144 2.76 1.04571 0.04 5.61762e+06 3514.5 5.61411e+06 176.938 7.08285 0.417152 2.55486e+08 3755.68 3755.68 518318 0 5.61412e+08
145 2.76 1.05714 -0.14 3.9569e+06 3514.5 3.95339e+06 172.521 7.59763 0.0976316 2.59964e+08 3796.72 3796.72 512641 0 3.95339e+08
146 2.76 1.05714 -0.095 3.38697e+06 3514.5 3.38345e+06 171.646 7.66313 0.163128 2.60656e+08 3796.72 3796.72 512641 0 3.38346e+08
147 2.76 1.05714 -0.05 3.01062e+06 3514.5 3.00711e+06 171.083 7.70221 0.202208 2.61088e+08 3796.72 3796.72 512641 0 3.00711e+08
148 2.76 1.05714 -0.005 2.91669e+06 3514.5 2.91318e+06 170.792 7.71387 0.213875 2.61254e+08 3796.72 3796.72 512641 0 2.91318e+08
149 2.76 1.05714 0.04 3.14326e+06 3514.5 3.13974e+06 170.792 7.69773 0.197728 2.61153e+08 3796.72 3796.72 512641 0 3.13975e+08
150 2.76 1.06857 -0.14 2.74364e+06 3514.5 2.74012e+06 167.292 8.16554 0.665543 2.65563e+08 3837.77 3837.77 507025 0 2.74014e+08
151 2.76 1.06857 -0.095 1.91247e+06 3514.5 1.90896e+06 166.5 8.23256 0.732564 2.66296e+08 3837.77 3837.77 507025 0 1.90897e+08
152 2.76 1.06857 -0.05 1.11391e+06 3514.5 1.1104e+06 165.979 8.27424 0.774243 2.66723e+08 3837.77 3837.77 507025 0 1.11041e+08
153 2.76 1.06857 -0.005 594669 3514.5 591154 165.708 8.29085 0.790846 2.66764e+08 3837.77 3837.77 507025 0 5.9117e+07
154 2.76 1.06857 0.04 1.03864e+06 3514.5 1.03513e+06 165.708 8.27216 0.772156 2.66793e+08 3837.77 3837.77 507025 0 1.03515e+08
155 2.76 1.08 -0.14 3.15095e+06 3514.5 3.14743e+06 162.854 8.69409 1.19409 2.71185e+08 3878.81 3878.81 501471 0 3.14746e+08
156 2.76 1.08 -0.095 2.49999e+06 3514.5 2.49648e+06 162.125 8.76113 1.26113 2.71989e+08 3878.81 3878.81 501471 0 2.4965e+08
157 2.76 1.08 -0.05 1.93547e+06 3514.5 1.93196e+06 161.625 8.80198 1.30198 2.7251e+08 3878.81 3878.81 501471 0 1.93199e+08
158 2.76 1.08 -0.005 1.58097e+06 3514.5 1.57746e+06 161.375 8.81579 1.31579 2.72731e+08 3878.81 3878.81 501471 0 1.57748e+08
159 2.76 1.08 0.04 1.61215e+06 3514.5 1.60864e+06 161.375 8.80162 1.30162 2.72608e+08 3878.81 3878.81 501471 0 1.60866e+08
160 2.76667 1 -0.14 1.46369e+07 3514.5 1.46333e+07 233.958 4.62629 2.87371 2.31542e+08 3591.49 3591.49 541665 0 1.46334e+09
161 2.76667 1 -0.095 1.45852e+07 3514.5 1.45816e+07 231.792 4.64842 2.85158 2.32021e+08 3591.49 3591.49 541665 0 1.45817e+09
162 2.76667 1 -0.05 1.4569e+07 3514.5 1.45655e+07 230.5 4.65964 2.84036 2.3232e+08 3591.49 3591.49 541665 0 1.45655e+09
163 2.76667 1 -0.005 1.45964e+07 3514.5 1.45929e+07 230.062 4.65862 2.84138 2.32435e+08 3591.49 3591.49 541665 0 1.4593e+09
164 2.76667 1 0.04 1.46677e+07 3514.5 1.46642e+07 230.5 4.64544 2.85456 2.32362e+08 3591.49 3591.49 541665 0 1.46642e+09
165 2.76667 1.01143 -0.14 1.2675e+07 3514.5 1.26715e+07 210.958 5.14356 2.35644 2.37349e+08 3632.54 3632.54 535732 0 1.26715e+09
166 2.76667 1.01143 -0.095 1.25093e+07 3514.5 1.25057e+07 209.25 5.18382 2.31618 2.3787e+08 3632.54 3632.54 535732 0 1.25058e+09
167 2.76667 1.01143 -0.05 1.2435e+07 3514.5 1.24315e+07 208.188 5.2058 2.2942 2.38197e+08 3632.54 3632.54 535732 0 1.24315e+09
168 2.76667 1.01143 -0.005 1.24606e+07 3514.5 1.24571e+07 207.75 5.20771 2.29229 2.38322e+08 3632.54 3632.54 535732 0 1.24571e+09
169 2.76667 1.01143 0.04 1.25878e+07 3514.5 1.25842e+07 207.979 5.18962 2.31038 2.38242e+08 3632.54 3632.54 535732 0 1.25843e+09
170 2.76667 1.02286 -0.14 9.98225e+06 3514.5 9.97874e+06 195.875 5.79715 1.70285 2.43074e+08 3673.59 3673.59 529863 0 9.97877e+08
171 2.76667 1.02286 -0.095 9.74379e+06 3514.5 9.74027e+06 194.542 5.85154 1.64846 2.43639e+08 3673.59 3673.59 529863 0 9.74031e+08
172 2.76667 1.02286 -0.05 9.62986e+06 3514.5 9.62634e+06 193.688 5.88246 1.61754 2.43993e+08 3673.59 3673.59 529863 0 9.62637e+08
173 2.76667 1.02286 -0.005 9.65015e+06 3514.5 9.64663e+06 193.312 5.88869 1.61131 2.44128e+08 3673.59 3673.59 529863 0 9.64667e+08
174 2.76667 1.02286 0.04 9.80713e+06 3514.5 9.80362e+06 193.396 5.86939 1.63061 2.44042e+08 3673.59 3673.59 529863 0 9.80365e+08
175 2.76667 1.03429 -0.14 7.23871e+06 3514.5 7.2352e+06 185.521 6.47875 1.02125 2.4874e+08 3714.63 3714.63 524059 0 7.23522e+08
176 2.76667 1.03429 -0.095 6.9295e+06 3514.5 6.92599e+06 184.417 6.54003 0.959973 2.49348e+08 3714.63 3714.63 524059 0 6.926e+08
177 2.76667 1.03429 -0.05 6.77278e+06 3514.5 6.76927e+06 183.708 6.57573 0.924267 2.4973e+08 3714.63 3714.63 524059 0 6.76929e+08
178 2.76667 1.03429 -0.005 6.78442e+06 3514.5 6.78091e+06 183.354 6.58461 0.915394 2.49876e+08 3714.63 3714.63 524059 0 6.78093e+08
179 2.76667 1.03429 0.04 6.96829e+06 3514.5 6.96478e+06 183.396 6.5664 0.933602 2.49783e+08 3714.63 3714.63 524059 0 6.9648e+08
180 2.76667 1.04571 -0.14 4.73795e+06 3514.5 4.73443e+06 177.792 7.13317 0.366831 2.54363e+08 3755.68 3755.68 518318 0 4.73444e+08
181 2.76667 1.04571 -0.095 4.31045e+06 3514.5 4.30693e+06 176.854 7.1978 0.302199 2.55013e+08 3755.68 3755.68 518318 0 4.30694e+08
182 2.76667 1.04571 -0.05 4.07053e+06 3514.5 4.06701e+06 176.229 7.23593 0.264073 2.55421e+08 3755.68 3755.68 518318 0 4.06702e+08
183 2.76667 1.04571 -0.005 4.0593e+06 3514.5 4.05578e+06 175.917 7.24668 0.25332 2.55578e+08 3755.68 3755.68 518318 0 4.05579e+08
184 2.76667 1.04571 0.04 4.28658e+06 3514.5 4.28306e+06 175.938 7.22968 0.270317 2.55481e+08 3755.68 3755.68 518318 0 4.28307e+08
185 2.76667 1.05714 -0.14 2.83253e+06 3514.5 2.82902e+06 171.667 7.74591 0.245911 2.5996e+08 3796.72 3796.72 512641 0 2.82902e+08
186 2.76667 1.05714 -0.095 2.149e+06 3514.5 2.14549e+06 170.833 7.8125 0.312503 2.60643e+08 3796.72 3796.72 512641 0 2.14549e+08
187 2.76667 1.05714 -0.05 1.64267e+06 3514.5 1.63916e+06 170.271 7.85262 0.35262 2.61058e+08 3796.72 3796.72 512641 0 1.63916e+08
188 2.76667 1.05714 -0.005 1.52507e+06 3514.5 1.52155e+06 169.979 7.86483 0.364832 2.6122e+08 3796.72 3796.72 512641 0 1.52156e+08
189 2.76667 1.05714 0.04 1.89043e+06 3514.5 1.88691e+06 169.979 7.84836 0.348357 2.6114e+08 3796.72 3796.72 512641 0 1.88692e+08
190 2.76667 1.06857 -0.14 2.51805e+06 3514.5 2.51453e+06 166.583 8.31519 0.815191 2.65586e+08 3837.77 3837.77 507025 0 2.51455e+08
191 2.76667 1.06857 -0.095 1.80961e+06 3514.5 1.8061e+06 165.833 8.38263 0.882635 2.66346e+08 3837.77 3837.77 507025 0 1.80611e+08
192 2.76667 1.06857 -0.05 1.16776e+06 3514.5 1.16425e+06 165.312 8.42425 0.924251 2.66859e+08 3837.77 3837.77 507025 0 1.16427e+08
193 2.76667 1.06857 -0.005 821408 3514.5 817894 165.042 8.4389 0.938902 2.67127e+08 3837.77 3837.77 507025 0 8.17913e+07
194 2.76667 1.06857 0.04 1.13406e+06 3514.5 1.13054e+06 165.042 8.42241 0.922405 2.66941e+08 3837.77 3837.77 507025 0 1.13056e+08
195 2.76667 1.08 -0.14 3.84528e+06 3514.5 3.84176e+06 162.25 8.84403 1.34403 2.71193e+08 3878.81 3878.81 501471 0 3.84179e+08
196 2.76667 1.08 -0.095 3.45269e+06 3514.5 3.44918e+06 161.542 8.91111 1.41111 2.71992e+08 3878.81 3878.81 501471 0 3.44921e+08
197 2.76667 1.08 -0.05 3.1515e+06 3514.5 3.14799e+06 161.062 8.95176 1.45176 2.72497e+08 3878.81 3878.81 501471 0 3.14802e+08
198 2.76667 1.08 -0.005 2.9822e+06 3514.5 2.97869e+06 160.812 8.9653 1.4653 2.72693e+08 3878.81 3878.81 501471 0 2.97872e+08
199 2.76667 1.08 0.04 2.98169e+06 3514.5 2.97817e+06 160.792 8.95137 1.45137 2.72572e+08 3878.81 3878.81 501471 0 2.9782e+08
200 2.77333 1 -0.14 1.37716e+07 3514.5 1.37681e+07 229.979 4.65441 2.84559 2.31542e+08 3591.49 3591.49 541665 0 1.37681e+09
201 2.77333 1 -0.095 1.36946e+07 3514.5 1.36911e+07 227.875 4.68051 2.81949 2.32021e+08 3591.49 3591.49 541665 0 1.36912e+09
202 2.77333 1 -0.05 1.36663e+07 3514.5 1.36628e+07 226.625 4.6943 2.8057 2.3232e+08 3591.49 3591.49 541665 0 1.36628e+09
203 2.77333 1 -0.005 1.36944e+07 3514.5 1.36909e+07 226.188 4.69392 2.80608 2.32435e+08 3591.49 3591.49 541665 0 1.3691e+09
204 2.77333 1 0.04 1.37792e+07 3514.5 1.37757e+07 226.604 4.67972 2.82028 2.32362e+08 3591.49 3591.49 541665 0 1.37758e+09
205 2.77333 1.01143 -0.14 1.15185e+07 3514.5 1.1515e+07 208.167 5.22968 2.27032 2.37348e+08 3632.54 3632.54 535732 0 1.1515e+09
206 2.77333 1.01143 -0.095 1.13386e+07 3514.5 1.1335e+07 206.542 5.27463 2.22537 2.3787e+08 3632.54 3632.54 535732 0 1.13351e+09
207 2.77333 1.01143 -0.05 1.12592e+07 3514.5 1.12557e+07 205.521 5.29944 2.20056 2.38196e+08 3632.54 3632.54 535732 0 1.12558e+09
208 2.77333 1.01143 -0.005 1.12885e+07 3514.5 1.1285e+07 205.104 5.30272 2.19728 2.38321e+08 3632.54 3632.54 535732 0 1.12851e+09
209 2.77333 1.01143 0.04 1.14279e+07 3514.5 1.14244e+07 205.312 5.28413 2.21587 2.38242e+08 3632.54 3632.54 535732 0 1.14244e+09
210 2.77333 1.02286 -0.14 8.68976e+06 3514.5 8.68624e+06 194 5.91995 1.58005 2.43073e+08 3673.59 3673.59 529863 0 8.68627e+08
211 2.77333 1.02286 -0.095 8.44284e+06 3514.5 8.43932e+06 192.729 5.97721 1.52279 2.43638e+08 3673.59 3673.59 529863 0 8.43935e+08
212 2.77333 1.02286 -0.05 8.32893e+06 3514.5 8.32541e+06 191.917 6.01004 1.48996 2.43991e+08 3673.59 3673.59 529863 0 8.32544e+08
213 2.77333 1.02286 -0.005 8.35812e+06 3514.5 8.3546e+06 191.562 6.01728 1.48272 2.44127e+08 3673.59 3673.59 529863 0 8.35463e+08
214 2.77333 1.02286 0.04 8.5322e+06 3514.5 8.52869e+06 191.646 5.99817 1.50183 2.44041e+08 3673.59 3673.59 529863 0 8.52872e+08
215 2.77333 1.03429 -0.14 5.89368e+06 3514.5 5.89016e+06 184.188 6.61788 0.882116 2.48738e+08 3714.63 3714.63 524059 0 5.89018e+08
216 2.77333 1.03429 -0.095 5.56979e+06 3514.5 5.56627e+06 183.125 6.68079 0.819208 2.49345e+08 3714.63 3714.63 524059 0 5.56629e+08
217 2.77333 1.03429 -0.05 5.41195e+06 3514.5 5.40844e+06 182.458 6.71767 0.782326 2.49726e+08 3714.63 3714.63 524059 0 5.40845e+08
218 2.77333 1.03429 -0.005 5.43971e+06 3514.5 5.43619e+06 182.125 6.72726 0.772739 2.49872e+08 3714.63 3714.63 524059 0 5.43621e+08
219 2.77333 1.03429 0.04 5.65549e+06 3514.5 5.65197e+06 182.167 6.70928 0.790722 2.49781e+08 3714.63 3714.63 524059 0 5.65199e+08
220 2.77333 1.04571 -0.14 3.43908e+06 3514.5 3.43556e+06 176.792 7.2796 0.220397 2.54356e+08 3755.68 3755.68 518318 0 3.43557e+08
221 2.77333 1.04571 -0.095 2.95233e+06 3514.5 2.94881e+06 175.875 7.34529 0.154706 2.55002e+08 3755.68 3755.68 518318 0 2.94882e+08
222 2.77333 1.04571 -0.05 2.67892e+06 3514.5 2.67541e+06 175.271 7.38422 0.115782 2.55407e+08 3755.68 3755.68 518318 0 2.67541e+08
223 2.77333 1.04571 -0.005 2.69402e+06 3514.5 2.69051e+06 174.979 7.39543 0.104567 2.55566e+08 3755.68 3755.68 518318 0 2.69051e+08
224 2.77333 1.04571 0.04 3.00373e+06 3514.5 3.00021e+06 175 7.37852 0.121477 2.55474e+08 3755.68 3755.68 518318 0 3.00022e+08
225 2.77333 1.05714 -0.14 2.07356e+06 3514.5 2.07005e+06 170.854 7.8956 0.3956 2.59971e+08 3796.72 3796.72 512641 0 2.07005e+08
226 2.77333 1.05714 -0.095 1.30106e+06 3514.5 1.29754e+06 170.042 7.96369 0.463692 2.60661e+08 3796.72 3796.72 512641 0 1.29755e+08
227 2.77333 1.05714 -0.05 522366 3514.5 518852 169.5 8.0096 0.509596 2.61046e+08 3796.72 3796.72 512641 0 5.18862e+07
228 2.77333 1.05714 -0.005 302179 3514.5 298664 169.229 8.02932 0.529317 2.61208e+08 3796.72 3796.72 512641 0 2.98675e+07
229 2.77333 1.05714 0.04 1.10261e+06 3514.5 1.0991e+06 169.229 8.00092 0.500921 2.61184e+08 3796.72 3796.72 512641 0 1.09911e+08
230 2.77333 1.06857 -0.14 3.02272e+06 3514.5 3.01921e+06 165.917 8.46517 0.965173 2.65604e+08 3837.77 3837.77 507025 0 3.01923e+08
231 2.77333 1.06857 -0.095 2.62418e+06 3514.5 2.62066e+06 165.167 8.53246 1.03246 2.66361e+08 3837.77 3837.77 507025 0 2.62069e+08
232 2.77333 1.06857 -0.05 2.34282e+06 3514.5 2.3393e+06 164.667 8.57306 1.07306 2.66842e+08 3837.77 3837.77 507025 0 2.33932e+08
233 2.77333 1.06857 -0.005 2.23667e+06 3514.5 2.23316e+06 164.417 8.58621 1.08621 2.67028e+08 3837.77 3837.77 507025 0 2.23318e+08
234 2.77333 1.06857 0.04 2.34573e+06 3514.5 2.34221e+06 164.396 8.57152 1.07152 2.6691e+08 3837.77 3837.77 507025 0 2.34224e+08
235 2.77333 1.08 -0.14 4.86496e+06 3514.5 4.86144e+06 161.667 8.99459 1.49459 2.71193e+08 3878.81 3878.81 501471 0 4.86147e+08
236 2.77333 1.08 -0.095 4.65016e+06 3514.5 4.64665e+06 160.958 9.06185 1.56185 2.71987e+08 3878.81 3878.81 501471 0 4.64668e+08
237 2.77333 1.08 -0.05 4.48946e+06 3514.5 4.48594e+06 160.5 9.10261 1.60261 2.72486e+08 3878.81 3878.81 501471 0 4.48597e+08
238 2.77333 1.08 -0.005 4.39643e+06 3514.5 4.39291e+06 160.271 9.11624 1.61624 2.72678e+08 3878.81 3878.81 501471 0 4.39294e+08
239 2.77333 1.08 0.04 4.38458e+06 3514.5 4.38106e+06 160.25 9.10247 1.60247 2.72557e+08 3878.81 3878.81 501471 0 4.3811e+08
240 2.78 1 -0.14 1.28466e+07 3514.5 1.2843e+07 226.167 4.69488 2.80512 2.31542e+08 3591.49 3591.49 541665 0 1.28431e+09
241 2.78 1 -0.095 1.27465e+07 3514.5 1.2743e+07 224.146 4.72569 2.77431 2.3202e+08 3591.49 3591.49 541665 0 1.27431e+09
242 2.78 1 -0.05 1.27076e+07 3514.5 1.27041e+07 222.917 4.74192 2.75808 2.3232e+08 3591.49 3591.49 541665 0 1.27042e+09
243 2.78 1 -0.005 1.27374e+07 3514.5 1.27339e+07 222.5 4.74267 2.75733 2.32434e+08 3591.49 3591.49 541665 0 1.27339e+09
244 2.78 1 0.04 1.2836e+07 3514.5 1.28325e+07 222.875 4.72711 2.77289 2.32362e+08 3591.49 3591.49 541665 0 1.28325e+09
245 2.78 1.01143 -0.14 1.03282e+07 3514.5 1.03247e+07 205.583 5.32732 2.17268 2.37348e+08 3632.54 3632.54 535732 0 1.03247e+09
246 2.78 1.01143 -0.095 1.01368e+07 3514.5 1.01333e+07 204.042 5.3766 2.1234 2.37869e+08 3632.54 3632.54 535732 0 1.01333e+09
247 2.78 1.01143 -0.05 1.00549e+07 3514.5 1.00514e+07 203.083 5.40432 2.09568 2.38195e+08 3632.54 3632.54 535732 0 1.00514e+09
248 2.78 1.01143 -0.005 1.00902e+07 3514.5 1.00867e+07 202.688 5.40888 2.09112 2.3832e+08 3632.54 3632.54 535732 0 1.00868e+09
249 2.78 1.01143 0.04 1.02437e+07 3514.5 1.02402e+07 202.854 5.38964 2.11036 2.38241e+08 3632.54 3632.54 535732 0 1.02402e+09
250 2.78 1.02286 -0.14 7.3801e+06 3514.5 7.37659e+06 192.271 6.04904 1.45096 2.43072e+08 3673.59 3673.59 529863 0 7.37662e+08
251 2.78 1.02286 -0.095 7.12643e+06 3514.5 7.12291e+06 191.062 6.10881 1.39119 2.43636e+08 3673.59 3673.59 529863 0 7.12294e+08
252 2.78 1.02286 -0.05 7.01565e+06 3514.5 7.01214e+06 190.292 6.14331 1.35669 2.4399e+08 3673.59 3673.59 529863 0 7.01217e+08
253 2.78 1.02286 -0.005 7.05848e+06 3514.5 7.05497e+06 189.958 6.15144 1.34856 2.44125e+08 3673.59 3673.59 529863 0 7.05499e+08
254 2.78 1.02286 0.04 7.25546e+06 3514.5 7.25194e+06 190.021 6.13237 1.36763 2.4404e+08 3673.59 3673.59 529863 0 7.25197e+08
255 2.78 1.03429 -0.14 4.54542e+06 3514.5 4.5419e+06 182.958 6.76041 0.739588 2.48733e+08 3714.63 3714.63 524059 0 4.54192e+08
256 2.78 1.03429 -0.095 4.20216e+06 3514.5 4.19864e+06 181.938 6.82476 0.675242 2.4934e+08 3714.63 3714.63 524059 0 4.19866e+08
257 2.78 1.03429 -0.05 4.04546e+06 3514.5 4.04195e+06 181.292 6.86257 0.637435 2.4972e+08 3714.63 3714.63 524059 0 4.04196e+08
258 2.78 1.03429 -0.005 4.10162e+06 3514.5 4.09811e+06 180.979 6.87276 0.627241 2.49867e+08 3714.63 3714.63 524059 0 4.09812e+08
259 2.78 1.03429 0.04 4.36835e+06 3514.5 4.36484e+06 181 6.8549 0.6451 2.49777e+08 3714.63 3714.63 524059 0 4.36485e+08
260 2.78 1.04571 -0.14 2.24241e+06 3514.5 2.23889e+06 175.833 7.4282 0.0717991 2.54346e+08 3755.68 3755.68 518318 0 2.23889e+08
261 2.78 1.04571 -0.095 1.64295e+06 3514.5 1.63944e+06 174.958 7.49537 0.00462951 2.54978e+08 3755.68 3755.68 518318 0 1.63944e+08
262 2.78 1.04571 -0.05 1.28338e+06 3514.5 1.27987e+06 174.375 7.53565 0.0356462 2.55363e+08 3755.68 3755.68 518318 0 1.27987e+08
263 2.78 1.04571 -0.005 1.38174e+06 3514.5 1.37823e+06 174.083 7.54694 0.0469429 2.55539e+08 3755.68 3755.68 518318 0 1.37823e+08
264 2.78 1.04571 0.04 1.88227e+06 3514.5 1.87876e+06 174.104 7.52939 0.0293857 2.5547e+08 3755.68 3755.68 518318 0 1.87876e+08
265 2.78 1.05714 -0.14 2.1246e+06 3514.5 2.12109e+06 170.083 8.04563 0.545631 2.60008e+08 3796.72 3796.72 512641 0 2.1211e+08
266 2.78 1.05714 -0.095 1.64925e+06 3514.5 1.64573e+06 169.292 8.1134 0.613402 2.60733e+08 3796.72 3796.72 512641 0 1.64575e+08
267 2.78 1.05714 -0.05 1.34515e+06 3514.5 1.34163e+06 168.771 8.15428 0.65428 2.61207e+08 3796.72 3796.72 512641 0 1.34165e+08
268 2.78 1.05714 -0.005 1.35073e+06 3514.5 1.34722e+06 168.5 8.16684 0.666843 2.61382e+08 3796.72 3796.72 512641 0 1.34723e+08
269 2.78 1.05714 0.04 1.68183e+06 3514.5 1.67832e+06 168.5 8.15071 0.650707 2.61245e+08 3796.72 3796.72 512641 0 1.67833e+08
270 2.78 1.06857 -0.14 3.99165e+06 3514.5 3.98814e+06 165.271 8.61584 1.11584 2.65605e+08 3837.77 3837.77 507025 0 3.98816e+08
271 2.78 1.06857 -0.095 3.80897e+06 3514.5 3.80545e+06 164.542 8.68325 1.18325 2.66355e+08 3837.77 3837.77 507025 0 3.80547e+08
272 2.78 1.06857 -0.05 3.69206e+06 3514.5 3.68854e+06 164.042 8.72396 1.22396 2.66825e+08 3837.77 3837.77 507025 0 3.68857e+08
273 2.78 1.06857 -0.005 3.65412e+06 3514.5 3.65061e+06 163.792 8.73725 1.23725 2.67005e+08 3837.77 3837.77 507025 0 3.65063e+08
274 2.78 1.06857 0.04 3.70705e+06 3514.5 3.70354e+06 163.792 8.72277 1.22277 2.66891e+08 3837.77 3837.77 507025 0 3.70356e+08
275 2.78 1.08 -0.14 6.04842e+06 3514.5 6.0449e+06 161.104 9.14577 1.64577 2.7119e+08 3878.81 3878.81 501471 0 6.04493e+08
276 2.78 1.08 -0.095 5.94705e+06 3514.5 5.94354e+06 160.417 9.21321 1.71321 2.71983e+08 3878.81 3878.81 501471 0 5.94357e+08
277 2.78 1.08 -0.05 5.86718e+06 3514.5 5.86367e+06 159.958 9.25415 1.75415 2.7248e+08 3878.81 3878.81 501471 0 5.86371e+08
278 2.78 1.08 -0.005 5.81482e+06 3514.5 5.8113e+06 159.729 9.26794 1.76794 2.7267e+08 3878.81 3878.81 501471 0 5.81134e+08
279 2.78 1.08 0.04 5.79732e+06 3514.5 5.7938e+06 159.708 9.25433 1.75433 2.7255e+08 3878.81 3878.81 501471 0 5.79384e+08
280 2.78667 1 -0.14 1.18655e+07 3514.5 1.1862e+07 222.542 4.74854 2.75146 2.31542e+08 3591.49 3591.49 541665 0 1.18621e+09
281 2.78667 1 -0.095 1.1745e+07 3514.5 1.17415e+07 220.604 4.78426 2.71574 2.3202e+08 3591.49 3591.49 541665 0 1.17415e+09
282 2.78667 1 -0.05 1.16975e+07 3514.5 1.1694e+07 219.438 4.80377 2.69623 2.3232e+08 3591.49 3591.49 541665 0 1.16941e+09
283 2.78667 1 -0.005 1.17303e+07 3514.5 1.17268e+07 219.021 4.80539 2.69461 2.32434e+08 3591.49 3591.49 541665 0 1.17268e+09
284 2.78667 1 0.04 1.18432e+07 3514.5 1.18397e+07 219.354 4.78857 2.71143 2.32361e+08 3591.49 3591.49 541665 0 1.18397e+09
285 2.78667 1.01143 -0.14 9.10828e+06 3514.5 9.10477e+06 203.188 5.43515 2.06485 2.37347e+08 3632.54 3632.54 535732 0 9.10481e+08
286 2.78667 1.01143 -0.095 8.90844e+06 3514.5 8.90492e+06 201.729 5.48834 2.01166 2.37868e+08 3632.54 3632.54 535732 0 8.90496e+08
287 2.78667 1.01143 -0.05 8.8271e+06 3514.5 8.82359e+06 200.812 5.51846 1.98154 2.38195e+08 3632.54 3632.54 535732 0 8.82363e+08
288 2.78667 1.01143 -0.005 8.87164e+06 3514.5 8.86813e+06 200.438 5.52419 1.97581 2.3832e+08 3632.54 3632.54 535732 0 8.86817e+08
289 2.78667 1.01143 0.04 9.04211e+06 3514.5 9.03859e+06 200.604 5.50493 1.99507 2.3824e+08 3632.54 3632.54 535732 0 9.03863e+08
290 2.78667 1.02286 -0.14 6.05551e+06 3514.5 6.05199e+06 190.688 6.18356 1.31644 2.43069e+08 3673.59 3673.59 529863 0 6.05202e+08
291 2.78667 1.02286 -0.095 5.79701e+06 3514.5 5.7935e+06 189.542 6.2455 1.2545 2.43633e+08 3673.59 3673.59 529863 0 5.79352e+08
292 2.78667 1.02286 -0.05 5.69414e+06 3514.5 5.69062e+06 188.792 6.28133 1.21867 2.43987e+08 3673.59 3673.59 529863 0 5.69065e+08
293 2.78667 1.02286 -0.005 5.75839e+06 3514.5 5.75487e+06 188.458 6.29012 1.20988 2.44123e+08 3673.59 3673.59 529863 0 5.7549e+08
294 2.78667 1.02286 0.04 5.98773e+06 3514.5 5.98421e+06 188.521 6.27127 1.22873 2.44038e+08 3673.59 3673.59 529863 0 5.98424e+08
295 2.78667 1.03429 -0.14 3.20243e+06 3514.5 3.19891e+06 181.792 6.90583 0.594172 2.48724e+08 3714.63 3714.63 524059 0 3.19892e+08
296 2.78667 1.03429 -0.095 2.82829e+06 3514.5 2.82477e+06 180.833 6.97156 0.528436 2.49328e+08 3714.63 3714.63 524059 0 2.82478e+08
297 2.78667 1.03429 -0.05 2.67783e+06 3514.5 2.67431e+06 180.188 7.01017 0.489825 2.49709e+08 3714.63 3714.63 524059 0 2.67432e+08
298 2.78667 1.03429 -0.005 2.79212e+06 3514.5 2.78861e+06 179.896 7.02083 0.479167 2.49859e+08 3714.63 3714.63 524059 0 2.78862e+08
299 2.78667 1.03429 0.04 3.14967e+06 3514.5 3.14615e+06 179.917 7.00308 0.496924 2.49773e+08 3714.63 3714.63 524059 0 3.14616e+08
300 2.78667 1.04571 -0.14 1.44705e+06 3514.5 1.44354e+06 174.938 7.57884 0.0788437 2.54362e+08 3755.68 3755.68 518318 0 1.44354e+08
301 2.78667 1.04571 -0.095 753636 3514.5 750121 174.083 7.64931 0.149313 2.55017e+08 3755.68 3755.68 518318 0 7.50124e+07
302 2.78667 1.04571 -0.05 131783 3514.5 128269 173.521 7.72391 0.223907 2.56175e+08 3755.68 3755.68 518318 0 1.28273e+07
303 2.78667 1.04571 -0.005 683791 3514.5 680277 173.25 7.70183 0.20183 2.55664e+08 3755.68 3755.68 518318 0 6.80281e+07
304 2.78667 1.04571 0.04 1.40431e+06 3514.5 1.4008e+06 173.25 7.68141 0.181414 2.55521e+08 3755.68 3755.68 518318 0 1.4008e+08
305 2.78667 1.05714 -0.14 2.94794e+06 3514.5 2.94443e+06 169.354 8.19601 0.696007 2.60018e+08 3796.72 3796.72 512641 0 2.94444e+08
306 2.78667 1.05714 -0.095 2.77898e+06 3514.5 2.77547e+06 168.583 8.2636 0.763602 2.60725e+08 3796.72 3796.72 512641 0 2.77548e+08
307 2.78667 1.05714 -0.05 2.70756e+06 3514.5 2.70405e+06 168.083 8.30413 0.804131 2.61169e+08 3796.72 3796.72 512641 0 2.70407e+08
308 2.78667 1.05714 -0.005 2.74737e+06 3514.5 2.74385e+06 167.812 8.31696 0.816959 2.61337e+08 3796.72 3796.72 512641 0 2.74387e+08
309 2.78667 1.05714 0.04 2.904e+06 3514.5 2.90048e+06 167.812 8.30168 0.801678 2.61226e+08 3796.72 3796.72 512641 0 2.9005e+08
310 2.78667 1.06857 -0.14 5.17148e+06 3514.5 5.16797e+06 164.646 8.76729 1.26729 2.65602e+08 3837.77 3837.77 507025 0 5.168e+08
311 2.78667 1.06857 -0.095 5.11404e+06 3514.5 5.11053e+06 163.938 8.83494 1.33494 2.66348e+08 3837.77 3837.77 507025 0 5.11056e+08
312 2.78667 1.06857 -0.05 5.07969e+06 3514.5 5.07617e+06 163.458 8.87582 1.37582 2.66816e+08 3837.77 3837.77 507025 0 5.0762e+08
313 2.78667 1.06857 -0.005 5.07304e+06 3514.5 5.06953e+06 163.208 8.88931 1.38931 2.66995e+08 3837.77 3837.77 507025 0 5.06955e+08
314 2.78667 1.06857 0.04 5.10069e+06 3514.5 5.09718e+06 163.208 8.87501 1.37501 2.66881e+08 3837.77 3837.77 507025 0 5.09721e+08
315 2.78667 1.08 -0.14 7.31718e+06 3514.5 7.31366e+06 160.562 9.29749 1.79749 2.71187e+08 3878.81 3878.81 501471 0 7.3137e+08
316 2.78667 1.08 -0.095 7.29102e+06 3514.5 7.2875e+06 159.896 9.36509 1.86509 2.71979e+08 3878.81 3878.81 501471 0 7.28754e+08
317 2.78667 1.08 -0.05 7.26255e+06 3514.5 7.25904e+06 159.438 9.40621 1.90621 2.72475e+08 3878.81 3878.81 501471 0 7.25908e+08
318 2.78667 1.08 -0.005 7.23537e+06 3514.5 7.23186e+06 159.208 9.42015 1.92015 2.72665e+08 3878.81 3878.81 501471 0 7.2319e+08
319 2.78667 1.08 0.04 7.21455e+06 3514.5 7.21104e+06 159.208 9.40662 1.90662 2.72545e+08 3878.81 3878.81 501471 0 7.21108e+08
320 2.79333 1 -0.14 1.08331e+07 3514.5 1.08296e+07 219.125 4.81579 2.68421 2.31541e+08 3591.49 3591.49 541665 0 1.08297e+09
321 2.79333 1 -0.095 1.06952e+07 3514.5 1.06917e+07 217.271 4.85645 2.64355 2.32019e+08 3591.49 3591.49 541665 0 1.06918e+09
322 2.79333 1 -0.05 1.06417e+07 3514.5 1.06382e+07 216.167 4.87921 2.62079 2.32319e+08 3591.49 3591.49 541665 0 1.06383e+09
323 2.79333 1 -0.005 1.06793e+07 3514.5 1.06758e+07 215.771 4.88206 2.61794 2.32434e+08 3591.49 3591.49 541665 0 1.06758e+09
324 2.79333 1 0.04 1.08074e+07 3514.5 1.08039e+07 216.062 4.86415 2.63585 2.32361e+08 3591.49 3591.49 541665 0 1.08039e+09
325 2.79333 1.01143 -0.14 7.86286e+06 3514.5 7.85934e+06 201 5.55226 1.94774 2.37345e+08 3632.54 3632.54 535732 0 7.85938e+08
326 2.79333 1.01143 -0.095 7.65812e+06 3514.5 7.65461e+06 199.625 5.60892 1.89108 2.37867e+08 3632.54 3632.54 535732 0 7.65465e+08
327 2.79333 1.01143 -0.05 7.58146e+06 3514.5 7.57795e+06 198.75 5.64118 1.85882 2.38193e+08 3632.54 3632.54 535732 0 7.57798e+08
328 2.79333 1.01143 -0.005 7.63977e+06 3514.5 7.63625e+06 198.396 5.64797 1.85203 2.38318e+08 3632.54 3632.54 535732 0 7.63629e+08
329 2.79333 1.01143 0.04 7.83173e+06 3514.5 7.82822e+06 198.521 5.62837 1.87163 2.38239e+08 3632.54 3632.54 535732 0 7.82825e+08
330 2.79333 1.02286 -0.14 4.71791e+06 3514.5 4.7144e+06 189.208 6.32253 1.17747 2.43065e+08 3673.59 3673.59 529863 0 4.71442e+08
331 2.79333 1.02286 -0.095 4.45726e+06 3514.5 4.45374e+06 188.104 6.38626 1.11374 2.43629e+08 3673.59 3673.59 529863 0 4.45376e+08
332 2.79333 1.02286 -0.05 4.37082e+06 3514.5 4.3673e+06 187.396 6.42335 1.07665 2.43983e+08 3673.59 3673.59 529863 0 4.36733e+08
333 2.79333 1.02286 -0.005 4.47082e+06 3514.5 4.46731e+06 187.083 6.43285 1.06715 2.4412e+08 3673.59 3673.59 529863 0 4.46733e+08
334 2.79333 1.02286 0.04 4.749e+06 3514.5 4.74549e+06 187.146 6.41417 1.08583 2.44036e+08 3673.59 3673.59 529863 0 4.74551e+08
335 2.79333 1.03429 -0.14 1.89416e+06 3514.5 1.89064e+06 180.708 7.05432 0.445677 2.48706e+08 3714.63 3714.63 524059 0 1.89065e+08
336 2.79333 1.03429 -0.095 1.45216e+06 3514.5 1.44864e+06 179.771 7.12172 0.378281 2.49295e+08 3714.63 3714.63 524059 0 1.44865e+08
337 2.79333 1.03429 -0.05 1.32816e+06 3514.5 1.32464e+06 179.167 7.16132 0.338676 2.49676e+08 3714.63 3714.63 524059 0 1.32465e+08
338 2.79333 1.03429 -0.005 1.60207e+06 3514.5 1.59856e+06 178.875 7.17174 0.328259 2.49849e+08 3714.63 3714.63 524059 0 1.59857e+08
339 2.79333 1.03429 0.04 2.13467e+06 3514.5 2.13115e+06 178.896 7.15355 0.34645 2.49775e+08 3714.63 3714.63 524059 0 2.13116e+08
340 2.79333 1.04571 -0.14 1.74919e+06 3514.5 1.74568e+06 174.083 7.72875 0.228745 2.54419e+08 3755.68 3755.68 518318 0 1.74568e+08
341 2.79333 1.04571 -0.095 1.53436e+06 3514.5 1.53085e+06 173.271 7.79668 0.296677 2.55099e+08 3755.68 3755.68 518318 0 1.53085e+08
342 2.79333 1.04571 -0.05 1.52191e+06 3514.5 1.5184e+06 172.708 7.83697 0.336975 2.55521e+08 3755.68 3755.68 518318 0 1.5184e+08
343 2.79333 1.04571 -0.005 1.72116e+06 3514.5 1.71765e+06 172.458 7.84883 0.348831 2.55667e+08 3755.68 3755.68 518318 0 1.71766e+08
344 2.79333 1.04571 0.04 2.08327e+06 3514.5 2.07976e+06 172.458 7.83226 0.332257 2.55548e+08 3755.68 3755.68 518318 0 2.07976e+08
345 2.79333 1.05714 -0.14 4.10494e+06 3514.5 4.10142e+06 168.646 8.34746 0.847458 2.60014e+08 3796.72 3796.72 512641 0 4.10144e+08
346 2.79333 1.05714 -0.095 4.08911e+06 3514.5 4.0856e+06 167.896 8.41532 0.91532 2.60715e+08 3796.72 3796.72 512641 0 4.08562e+08
347 2.79333 1.05714 -0.05 4.10557e+06 3514.5 4.10205e+06 167.396 8.45611 0.95611 2.61154e+08 3796.72 3796.72 512641 0 4.10207e+08
348 2.79333 1.05714 -0.005 4.15689e+06 3514.5 4.15337e+06 167.146 8.46916 0.969163 2.61321e+08 3796.72 3796.72 512641 0 4.15339e+08
349 2.79333 1.05714 0.04 4.24825e+06 3514.5 4.24473e+06 167.146 8.45414 0.954142 2.61214e+08 3796.72 3796.72 512641 0 4.24475e+08
350 2.79333 1.06857 -0.14 6.44841e+06 3514.5 6.4449e+06 164.042 8.91946 1.41946 2.65599e+08 3837.77 3837.77 507025 0 6.44493e+08
351 2.79333 1.06857 -0.095 6.46784e+06 3514.5 6.46433e+06 163.333 8.98737 1.48737 2.66344e+08 3837.77 3837.77 507025 0 6.46436e+08
352 2.79333 1.06857 -0.05 6.48188e+06 3514.5 6.47837e+06 162.875 9.02842 1.52842 2.66811e+08 3837.77 3837.77 507025 0 6.4784e+08
353 2.79333 1.06857 -0.005 6.49323e+06 3514.5 6.48971e+06 162.646 9.04203 1.54203 2.66989e+08 3837.77 3837.77 507025 0 6.48974e+08
354 2.79333 1.06857 0.04 6.50667e+06 3514.5 6.50316e+06 162.646 9.0279 1.5279 2.66876e+08 3837.77 3837.77 507025 0 6.50319e+08
355 2.79333 1.08 -0.14 8.63411e+06 3514.5 8.6306e+06 160.021 9.44974 1.94974 2.71185e+08 3878.81 3878.81 501471 0 8.63064e+08
356 2.79333 1.08 -0.095 8.66052e+06 3514.5 8.657e+06 159.375 9.51747 2.01747 2.71976e+08 3878.81 3878.81 501471 0 8.65704e+08
357 2.79333 1.08 -0.05 8.66737e+06 3514.5 8.66386e+06 158.938 9.55869 2.05869 2.72472e+08 3878.81 3878.81 501471 0 8.6639e+08
358 2.79333 1.08 -0.005 8.65734e+06 3514.5 8.65382e+06 158.708 9.57279 2.07279 2.72662e+08 3878.81 3878.81 501471 0 8.65386e+08
359 2.79333 1.08 0.04 8.63438e+06 3514.5 8.63087e+06 158.708 9.55939 2.05939 2.72541e+08 3878.81 3878.81 501471 0 8.63091e+08
360 2.8 1 -0.14 9.75478e+06 3514.5 9.75127e+06 215.938 4.89656 2.60344 2.31541e+08 3591.49 3591.49 541665 0 9.75132e+08
361 2.8 1 -0.095 9.60314e+06 3514.5 9.59963e+06 214.188 4.94229 2.55771 2.32019e+08 3591.49 3591.49 541665 0 9.59968e+08
362 2.8 1 -0.05 9.5468e+06 3514.5 9.54329e+06 213.146 4.96815 2.53185 2.32319e+08 3591.49 3591.49 541665 0 9.54334e+08
363 2.8 1 -0.005 9.59167e+06 3514.5 9.58816e+06 212.75 4.97196 2.52804 2.32433e+08 3591.49 3591.49 541665 0 9.58821e+08
364 2.8 1 0.04 9.73656e+06 3514.5 9.73305e+06 213.021 4.9534 2.5466 2.3236e+08 3591.49 3591.49 541665 0 9.7331e+08
365 2.8 1.01143 -0.14 6.59598e+06 3514.5 6.59247e+06 198.979 5.6771 1.8229 2.37344e+08 3632.54 3632.54 535732 0 6.5925e+08
366 2.8 1.01143 -0.095 6.39096e+06 3514.5 6.38745e+06 197.688 5.7368 1.7632 2.37865e+08 3632.54 3632.54 535732 0 6.38748e+08
367 2.8 1.01143 -0.05 6.32498e+06 3514.5 6.32147e+06 196.854 5.77095 1.72905 2.38192e+08 3632.54 3632.54 535732 0 6.3215e+08
368 2.8 1.01143 -0.005 6.40413e+06 3514.5 6.40061e+06 196.521 5.77868 1.72132 2.38317e+08 3632.54 3632.54 535732 0 6.40065e+08
369 2.8 1.01143 0.04 6.62463e+06 3514.5 6.62112e+06 196.625 5.75904 1.74096 2.38238e+08 3632.54 3632.54 535732 0 6.62115e+08
370 2.8 1.02286 -0.14 3.36903e+06 3514.5 3.36552e+06 187.833 6.46549 1.03451 2.43058e+08 3673.59 3673.59 529863 0 3.36554e+08
371 2.8 1.02286 -0.095 3.11106e+06 3514.5 3.10755e+06 186.792 6.53086 0.969136 2.43621e+08 3673.59 3673.59 529863 0 3.10757e+08
372 2.8 1.02286 -0.05 3.06012e+06 3514.5 3.05661e+06 186.104 6.56897 0.931028 2.43976e+08 3673.59 3673.59 529863 0 3.05663e+08
373 2.8 1.02286 -0.005 3.22651e+06 3514.5 3.22299e+06 185.792 6.57895 0.921047 2.44115e+08 3673.59 3673.59 529863 0 3.22301e+08
374 2.8 1.02286 0.04 3.5838e+06 3514.5 3.58028e+06 185.854 6.56039 0.939608 2.44033e+08 3673.59 3673.59 529863 0 3.5803e+08
375 2.8 1.03429 -0.14 845808 3514.5 842293 179.688 7.20733 0.292667 2.48697e+08 3714.63 3714.63 524059 0 8.42299e+07
376 2.8 1.03429 -0.095 200278 3514.5 196764 178.792 7.29697 0.203027 2.49189e+08 3714.63 3714.63 524059 0 1.96768e+07
377 2.8 1.03429 -0.05 442254 3514.5 438739 178.208 7.32068 0.179315 2.49839e+08 3714.63 3714.63 524059 0 4.38743e+07
378 2.8 1.03429 -0.005 1.08815e+06 3514.5 1.08463e+06 177.917 7.32442 0.175576 2.49919e+08 3714.63 3714.63 524059 0 1.08464e+08
379 2.8 1.03429 0.04 1.7438e+06 3514.5 1.74029e+06 177.938 7.30538 0.194619 2.4981e+08 3714.63 3714.63 524059 0 1.74029e+08
380 2.8 1.04571 -0.14 2.82091e+06 3514.5 2.8174e+06 173.271 7.87931 0.379308 2.54417e+08 3755.68 3755.68 518318 0 2.81741e+08
381 2.8 1.04571 -0.095 2.84408e+06 3514.5 2.84056e+06 172.479 7.94729 0.447285 2.55075e+08 3755.68 3755.68 518318 0 2.84057e+08
382 2.8 1.04571 -0.05 2.92824e+06 3514.5 2.92472e+06 171.938 7.9879 0.487895 2.55485e+08 3755.68 3755.68 518318 0 2.92473e+08
383 2.8 1.04571 -0.005 3.06956e+06 3514.5 3.06604e+06 171.688 8.00037 0.500372 2.5564e+08 3755.68 3755.68 518318 0 3.06605e+08
384 2.8 1.04571 0.04 3.26716e+06 3514.5 3.26365e+06 171.688 7.98446 0.484458 2.55536e+08 3755.68 3755.68 518318 0 3.26366e+08
385 2.8 1.05714 -0.14 5.38631e+06 3514.5 5.3828e+06 167.979 8.49985 0.999851 2.60009e+08 3796.72 3796.72 512641 0 5.38282e+08
386 2.8 1.05714 -0.095 5.45259e+06 3514.5 5.44907e+06 167.25 8.568 1.068 2.60708e+08 3796.72 3796.72 512641 0 5.44909e+08
387 2.8 1.05714 -0.05 5.51355e+06 3514.5 5.51003e+06 166.75 8.60907 1.10907 2.61146e+08 3796.72 3796.72 512641 0 5.51005e+08
388 2.8 1.05714 -0.005 5.57084e+06 3514.5 5.56733e+06 166.521 8.62229 1.12229 2.61314e+08 3796.72 3796.72 512641 0 5.56735e+08
389 2.8 1.05714 0.04 5.62908e+06 3514.5 5.62557e+06 166.521 8.60747 1.10747 2.61207e+08 3796.72 3796.72 512641 0 5.62559e+08
390 2.8 1.06857 -0.14 7.77541e+06 3514.5 7.7719e+06 163.458 9.07223 1.57223 2.65596e+08 3837.77 3837.77 507025 0 7.77193e+08
391 2.8 1.06857 -0.095 7.84578e+06 3514.5 7.84227e+06 162.771 9.14032 1.64032 2.6634e+08 3837.77 3837.77 507025 0 7.8423e+08
392 2.8 1.06857 -0.05 7.89144e+06 3514.5 7.88792e+06 162.312 9.18158 1.68158 2.66807e+08 3837.77 3837.77 507025 0 7.88796e+08
393 2.8 1.06857 -0.005 7.91452e+06 3514.5 7.91101e+06 162.083 9.19537 1.69537 2.66985e+08 3837.77 3837.77 507025 0 7.91104e+08
394 2.8 1.06857 0.04 7.91892e+06 3514.5 7.91541e+06 162.083 9.18139 1.68139 2.66872e+08 3837.77 3837.77 507025 0 7.91544e+08
395 2.8 1.08 -0.14 9.98047e+06 3514.5 9.97696e+06 159.5 9.60243 2.10243 2.71183e+08 3878.81 3878.81 501471 0 9.977e+08
396 2.8 1.08 -0.095 1.00454e+07 3514.5 1.00419e+07 158.875 9.67025 2.17025 2.71974e+08 3878.81 3878.81 501471 0 1.00419e+09
397 2.8 1.08 -0.05 1.00779e+07 3514.5 1.00744e+07 158.438 9.71162 2.21162 2.7247e+08 3878.81 3878.81 501471 0 1.00745e+09
398 2.8 1.08 -0.005 1.00803e+07 3514.5 1.00768e+07 158.208 9.72588 2.22588 2.7266e+08 3878.81 3878.81 501471 0 1.00769e+09
399 2.8 1.08 0.04 1.00559e+07 3514.5 1.00524e+07 158.208 9.71261 2.21261 2.72539e+08 3878.81 3878.81 501471 0 1.00524e+09
400 2.80667 1 -0.14 8.63668e+06 3514.5 8.63317e+06 212.979 4.99006 2.50994 2.3154e+08 3591.49 3591.49 541665 0 8.63322e+08
401 2.80667 1 -0.095 8.47568e+06 3514.5 8.47216e+06 211.354 5.04074 2.45926 2.32018e+08 3591.49 3591.49 541665 0 8.47221e+08
402 2.80667 1 -0.05 8.42052e+06 3514.5 8.41701e+06 210.354 5.06927 2.43073 2.32318e+08 3591.49 3591.49 541665 0 8.41705e+08
403 2.80667 1 -0.005 8.4762e+06 3514.5 8.47268e+06 209.979 5.07428 2.42572 2.32432e+08 3591.49 3591.49 541665 0 8.47273e+08
404 2.80667 1 0.04 8.64046e+06 3514.5 8.63694e+06 210.229 5.05518 2.44482 2.3236e+08 3591.49 3591.49 541665 0 8.63699e+08
405 2.80667 1.01143 -0.14 5.31202e+06 3514.5 5.30851e+06 197.125 5.8087 1.6913 2.37341e+08 3632.54 3632.54 535732 0 5.30854e+08
406 2.80667 1.01143 -0.095 5.11364e+06 3514.5 5.11012e+06 195.896 5.87088 1.62912 2.37862e+08 3632.54 3632.54 535732 0 5.11015e+08
407 2.80667 1.01143 -0.05 5.06824e+06 3514.5 5.06472e+06 195.125 5.90678 1.59322 2.38189e+08 3632.54 3632.54 535732 0 5.06476e+08
408 2.80667 1.01143 -0.005 5.18002e+06 3514.5 5.17651e+06 194.792 5.91523 1.58477 2.38315e+08 3632.54 3632.54 535732 0 5.17654e+08
409 2.80667 1.01143 0.04 5.44042e+06 3514.5 5.43691e+06 194.896 5.89572 1.60428 2.38237e+08 3632.54 3632.54 535732 0 5.43694e+08
410 2.80667 1.02286 -0.14 2.01049e+06 3514.5 2.00698e+06 186.562 6.61236 0.887644 2.4304e+08 3673.59 3673.59 529863 0 2.007e+08
411 2.80667 1.02286 -0.095 1.76944e+06 3514.5 1.76593e+06 185.562 6.67925 0.820749 2.43602e+08 3673.59 3673.59 529863 0 1.76594e+08
412 2.80667 1.02286 -0.05 1.81397e+06 3514.5 1.81046e+06 184.896 6.71811 0.781886 2.43964e+08 3673.59 3673.59 529863 0 1.81048e+08
413 2.80667 1.02286 -0.005 2.12363e+06 3514.5 2.12012e+06 184.604 6.72824 0.771757 2.44113e+08 3673.59 3673.59 529863 0 2.12013e+08
414 2.80667 1.02286 0.04 2.60961e+06 3514.5 2.6061e+06 184.667 6.70954 0.790457 2.44035e+08 3673.59 3673.59 529863 0 2.60611e+08
415 2.80667 1.03429 -0.14 1.29834e+06 3514.5 1.29482e+06 178.729 7.35566 0.144343 2.48814e+08 3714.63 3714.63 524059 0 1.29482e+08
416 2.80667 1.03429 -0.095 1.35477e+06 3514.5 1.35126e+06 177.854 7.42344 0.0765554 2.49439e+08 3714.63 3714.63 524059 0 1.35126e+08
417 2.80667 1.03429 -0.05 1.58316e+06 3514.5 1.57965e+06 177.292 7.46316 0.0368406 2.4981e+08 3714.63 3714.63 524059 0 1.57965e+08
418 2.80667 1.03429 -0.005 1.9208e+06 3514.5 1.91729e+06 177.021 7.47448 0.0255223 2.49939e+08 3714.63 3714.63 524059 0 1.91729e+08
419 2.80667 1.03429 0.04 2.32689e+06 3514.5 2.32337e+06 177.042 7.45716 0.0428401 2.49831e+08 3714.63 3714.63 524059 0 2.32337e+08
420 2.80667 1.04571 -0.14 4.10065e+06 3514.5 4.09713e+06 172.5 8.03149 0.531494 2.54409e+08 3755.68 3755.68 518318 0 4.09714e+08
421 2.80667 1.04571 -0.095 4.21865e+06 3514.5 4.21513e+06 171.729 8.09987 0.599869 2.55063e+08 3755.68 3755.68 518318 0 4.21515e+08
422 2.80667 1.04571 -0.05 4.33772e+06 3514.5 4.3342e+06 171.208 8.14082 0.640822 2.55472e+08 3755.68 3755.68 518318 0 4.33422e+08
423 2.80667 1.04571 -0.005 4.45759e+06 3514.5 4.45407e+06 170.958 8.15362 0.65362 2.55628e+08 3755.68 3755.68 518318 0 4.45408e+08
424 2.80667 1.04571 0.04 4.58238e+06 3514.5 4.57886e+06 170.958 8.13799 0.637986 2.55527e+08 3755.68 3755.68 518318 0 4.57887e+08
425 2.80667 1.05714 -0.14 6.72247e+06 3514.5 6.71895e+06 167.333 8.65304 1.15304 2.60005e+08 3796.72 3796.72 512641 0 6.71897e+08
426 2.80667 1.05714 -0.095 6.8386e+06 3514.5 6.83509e+06 166.604 8.72151 1.22151 2.60704e+08 3796.72 3796.72 512641 0 6.83511e+08
427 2.80667 1.05714 -0.05 6.92637e+06 3514.5 6.92285e+06 166.146 8.7627 1.2627 2.61141e+08 3796.72 3796.72 512641 0 6.92288e+08
428 2.80667 1.05714 -0.005 6.98744e+06 3514.5 6.98393e+06 165.896 8.77621 1.27621 2.61309e+08 3796.72 3796.72 512641 0 6.98396e+08
429 2.80667 1.05714 0.04 7.02586e+06 3514.5 7.02235e+06 165.896 8.76156 1.26156 2.61202e+08 3796.72 3796.72 512641 0 7.02237e+08
430 2.80667 1.06857 -0.14 9.13117e+06 3514.5 9.12765e+06 162.896 9.22552 1.72552 2.65594e+08 3837.77 3837.77 507025 0 9.12769e+08
431 2.80667 1.06857 -0.095 9.2375e+06 3514.5 9.23398e+06 162.229 9.29376 1.79376 2.66338e+08 3837.77 3837.77 507025 0 9.23402e+08
432 2.80667 1.06857 -0.05 9.3054e+06 3514.5 9.30189e+06 161.771 9.33521 1.83521 2.66804e+08 3837.77 3837.77 507025 0 9.30193e+08
433 2.80667 1.06857 -0.005 9.3368e+06 3514.5 9.33329e+06 161.542 9.34917 1.84917 2.66983e+08 3837.77 3837.77 507025 0 9.33332e+08
434 2.80667 1.06857 0.04 9.33499e+06 3514.5 9.33147e+06 161.542 9.33534 1.83534 2.66869e+08 3837.77 3837.77 507025 0 9.33151e+08
435 2.80667 1.08 -0.14 1.1346e+07 3514.5 1.13425e+07 159 9.75549 2.25549 2.71181e+08 3878.81 3878.81 501471 0 1.13425e+09
436 2.80667 1.08 -0.095 1.14402e+07 3514.5 1.14367e+07 158.375 9.82347 2.32347 2.71972e+08 3878.81 3878.81 501471 0 1.14367e+09
437 2.80667 1.08 -0.05 1.14923e+07 3514.5 1.14887e+07 157.958 9.86489 2.36489 2.72468e+08 3878.81 3878.81 501471 0 1.14888e+09
438 2.80667 1.08 -0.005 1.15041e+07 3514.5 1.15006e+07 157.729 9.87928 2.37928 2.72658e+08 3878.81 3878.81 501471 0 1.15007e+09
439 2.80667 1.08 0.04 1.14787e+07 3514.5 1.14752e+07 157.729 9.86614 2.36614 2.72537e+08 3878.81 3878.81 501471 0 1.14752e+09
440 2.81333 1 -0.14 7.48583e+06 3514.5 7.48232e+06 210.271 5.09545 2.40455 2.31539e+08 3591.49 3591.49 541665 0 7.48236e+08
441 2.81333 1 -0.095 7.32092e+06 3514.5 7.31741e+06 208.729 5.15019 2.34981 2.32017e+08 3591.49 3591.49 541665 0 7.31745e+08
442 2.81333 1 -0.05 7.2724e+06 3514.5 7.26888e+06 207.792 5.18137 2.31863 2.32317e+08 3591.49 3591.49 541665 0 7.26893e+08
443 2.81333 1 -0.005 7.34394e+06 3514.5 7.34043e+06 207.438 5.18749 2.31251 2.32432e+08 3591.49 3591.49 541665 0 7.34047e+08
444 2.81333 1 0.04 7.53159e+06 3514.5 7.52807e+06 207.646 5.1678 2.3322 2.32359e+08 3591.49 3591.49 541665 0 7.52812e+08
445 2.81333 1.01143 -0.14 4.01676e+06 3514.5 4.01325e+06 195.417 5.94603 1.55397 2.37337e+08 3632.54 3632.54 535732 0 4.01328e+08
446 2.81333 1.01143 -0.095 3.83767e+06 3514.5 3.83415e+06 194.25 6.01034 1.48966 2.37858e+08 3632.54 3632.54 535732 0 3.83418e+08
447 2.81333 1.01143 -0.05 3.83181e+06 3514.5 3.82829e+06 193.5 6.04755 1.45245 2.38186e+08 3632.54 3632.54 535732 0 3.82832e+08
448 2.81333 1.01143 -0.005 3.99782e+06 3514.5 3.99431e+06 193.188 6.05672 1.44328 2.38313e+08 3632.54 3632.54 535732 0 3.99434e+08
449 2.81333 1.01143 0.04 4.31659e+06 3514.5 4.31308e+06 193.292 6.03731 1.46269 2.38236e+08 3632.54 3632.54 535732 0 4.31311e+08
450 2.81333 1.02286 -0.14 645506 3514.5 641992 185.375 6.76719 0.732809 2.42945e+08 3673.59 3673.59 529863 0 6.42006e+07
451 2.81333 1.02286 -0.095 547865 3514.5 544351 184.396 6.83638 0.663625 2.43563e+08 3673.59 3673.59 529863 0 5.44364e+07
452 2.81333 1.02286 -0.05 977182 3514.5 973668 183.771 6.87106 0.628939 2.44001e+08 3673.59 3673.59 529863 0 9.7368e+07
453 2.81333 1.02286 -0.005 1.53545e+06 3514.5 1.53193e+06 183.479 6.87985 0.620147 2.44143e+08 3673.59 3673.59 529863 0 1.53194e+08
454 2.81333 1.02286 0.04 2.12698e+06 3514.5 2.12346e+06 183.542 6.8608 0.639204 2.44055e+08 3673.59 3673.59 529863 0 2.12347e+08
455 2.81333 1.03429 -0.14 2.55778e+06 3514.5 2.55426e+06 177.812 7.50572 0.00572216 2.48791e+08 3714.63 3714.63 524059 0 2.55426e+08
456 2.81333 1.03429 -0.095 2.74539e+06 3514.5 2.74188e+06 176.979 7.57414 0.0741398 2.494e+08 3714.63 3714.63 524059 0 2.74188e+08
457 2.81333 1.03429 -0.05 2.95574e+06 3514.5 2.95223e+06 176.417 7.61481 0.11481 2.4978e+08 3714.63 3714.63 524059 0 2.95223e+08
458 2.81333 1.03429 -0.005 3.18127e+06 3514.5 3.17775e+06 176.167 7.62692 0.126924 2.49922e+08 3714.63 3714.63 524059 0 3.17776e+08
459 2.81333 1.03429 0.04 3.42264e+06 3514.5 3.41913e+06 176.188 7.61022 0.110218 2.49825e+08 3714.63 3714.63 524059 0 3.41913e+08
460 2.81333 1.04571 -0.14 5.44576e+06 3514.5 5.44224e+06 171.771 8.18483 0.684828 2.54403e+08 3755.68 3755.68 518318 0 5.44226e+08
461 2.81333 1.04571 -0.095 5.6125e+06 3514.5 5.60899e+06 171 8.25363 0.753629 2.55056e+08 3755.68 3755.68 518318 0 5.60901e+08
462 2.81333 1.04571 -0.05 5.74978e+06 3514.5 5.74626e+06 170.5 8.29486 0.794859 2.55465e+08 3755.68 3755.68 518318 0 5.74628e+08
463 2.81333 1.04571 -0.005 5.8588e+06 3514.5 5.85528e+06 170.25 8.30793 0.80793 2.55622e+08 3755.68 3755.68 518318 0 5.8553e+08
464 2.81333 1.04571 0.04 5.94399e+06 3514.5 5.94048e+06 170.271 8.29243 0.792428 2.55521e+08 3755.68 3755.68 518318 0 5.94049e+08
465 2.81333 1.05714 -0.14 8.0871e+06 3514.5 8.08359e+06 166.708 8.8069 1.3069 2.60002e+08 3796.72 3796.72 512641 0 8.08361e+08
466 2.81333 1.05714 -0.095 8.23651e+06 3514.5 8.233e+06 166 8.87559 1.37559 2.60701e+08 3796.72 3796.72 512641 0 8.23302e+08
467 2.81333 1.05714 -0.05 8.34224e+06 3514.5 8.33873e+06 165.542 8.917 1.417 2.61138e+08 3796.72 3796.72 512641 0 8.33876e+08
468 2.81333 1.05714 -0.005 8.40601e+06 3514.5 8.40249e+06 165.312 8.93062 1.43062 2.61306e+08 3796.72 3796.72 512641 0 8.40252e+08
469 2.81333 1.05714 0.04 8.43131e+06 3514.5 8.42779e+06 165.312 8.91614 1.41614 2.61199e+08 3796.72 3796.72 512641 0 8.42782e+08
470 2.81333 1.06857 -0.14 1.05049e+07 3514.5 1.05014e+07 162.354 9.37926 1.87926 2.65592e+08 3837.77 3837.77 507025 0 1.05014e+09
471 2.81333 1.06857 -0.095 1.06379e+07 3514.5 1.06344e+07 161.688 9.44771 1.94771 2.66336e+08 3837.77 3837.77 507025 0 1.06344e+09
472 2.81333 1.06857 -0.05 1.07223e+07 3514.5 1.07188e+07 161.25 9.48923 1.98923 2.66802e+08 3837.77 3837.77 507025 0 1.07188e+09
473 2.81333 1.06857 -0.005 1.07599e+07 3514.5 1.07564e+07 161.021 9.50336 2.00336 2.66981e+08 3837.77 3837.77 507025 0 1.07565e+09
474 2.81333 1.06857 0.04 1.07536e+07 3514.5 1.07501e+07 161.021 9.48967 1.98967 2.66867e+08 3837.77 3837.77 507025 0 1.07502e+09
475 2.81333 1.08 -0.14 1.27247e+07 3514.5 1.27212e+07 158.521 9.90887 2.40887 2.7118e+08 3878.81 3878.81 501471 0 1.27212e+09
476 2.81333 1.08 -0.095 1.28419e+07 3514.5 1.28384e+07 157.896 9.97699 2.47699 2.71971e+08 3878.81 3878.81 501471 0 1.28384e+09
477 2.81333 1.08 -0.05 1.29093e+07 3514.5 1.29057e+07 157.479 10.0185 2.51854 2.72467e+08 3878.81 3878.81 501471 0 1.29058e+09
478 2.81333 1.08 -0.005 1.29286e+07 3514.5 1.29251e+07 157.271 10.033 2.53295 2.72656e+08 3878.81 3878.81 501471 0 1.29251e+09
479 2.81333 1.08 0.04 1.29024e+07 3514.5 1.28989e+07 157.271 10.0199 2.51994 2.72536e+08 3878.81 3878.81 501471 0 1.28989e+09
480 2.82 1 -0.14 6.31063e+06 3514.5 6.30712e+06 207.792 5.21123 2.28877 2.31538e+08 3591.49 3591.49 541665 0 6.30716e+08
481 2.82 1 -0.095 6.14927e+06 3514.5 6.14575e+06 206.354 5.26975 2.23025 2.32016e+08 3591.49 3591.49 541665 0 6.1458e+08
482 2.82 1 -0.05 6.11533e+06 3514.5 6.11182e+06 205.458 5.30312 2.19688 2.32316e+08 3591.49 3591.49 541665 0 6.11186e+08
483 2.82 1 -0.005 6.2104e+06 3514.5 6.20689e+06 205.104 5.31011 2.18989 2.32431e+08 3591.49 3591.49 541665 0 6.20693e+08
484 2.82 1 0.04 6.42764e+06 3514.5 6.42412e+06 205.312 5.2903 2.2097 2.32358e+08 3591.49 3591.49 541665 0 6.42417e+08
485 2.82 1.01143 -0.14 2.72173e+06 3514.5 2.71822e+06 193.854 6.08845 1.41155 2.37329e+08 3632.54 3632.54 535732 0 2.71825e+08
486 2.82 1.01143 -0.095 2.59225e+06 3514.5 2.58873e+06 192.729 6.15453 1.34547 2.37852e+08 3632.54 3632.54 535732 0 2.58876e+08
487 2.82 1.01143 -0.05 2.66956e+06 3514.5 2.66604e+06 192.021 6.19286 1.30714 2.38183e+08 3632.54 3632.54 535732 0 2.66607e+08
488 2.82 1.01143 -0.005 2.93166e+06 3514.5 2.92815e+06 191.708 6.2025 1.2975 2.38312e+08 3632.54 3632.54 535732 0 2.92817e+08
489 2.82 1.01143 0.04 3.33524e+06 3514.5 3.33173e+06 191.812 6.1831 1.3169 2.38236e+08 3632.54 3632.54 535732 0 3.33175e+08
490 2.82 1.02286 -0.14 735900 3514.5 732385 184.25 6.91628 0.583719 2.4321e+08 3673.59 3673.59 529863 0 7.32397e+07
491 2.82 1.02286 -0.095 1.11737e+06 3514.5 1.11385e+06 183.312 6.98182 0.518181 2.43732e+08 3673.59 3673.59 529863 0 1.11386e+08
492 2.82 1.02286 -0.05 1.55489e+06 3514.5 1.55138e+06 182.708 7.02065 0.479355 2.44056e+08 3673.59 3673.59 529863 0 1.55139e+08
493 2.82 1.02286 -0.005 2.00332e+06 3514.5 1.99981e+06 182.438 7.03129 0.468708 2.44173e+08 3673.59 3673.59 529863 0 1.99982e+08
494 2.82 1.02286 0.04 2.45887e+06 3514.5 2.45536e+06 182.479 7.01304 0.486963 2.44076e+08 3673.59 3673.59 529863 0 2.45537e+08
495 2.82 1.03429 -0.14 3.91435e+06 3514.5 3.91083e+06 176.958 7.65846 0.158456 2.48779e+08 3714.63 3714.63 524059 0 3.91083e+08
496 2.82 1.03429 -0.095 4.14476e+06 3514.5 4.14125e+06 176.146 7.72745 0.227455 2.49387e+08 3714.63 3714.63 524059 0 4.14125e+08
497 2.82 1.03429 -0.05 4.34941e+06 3514.5 4.34589e+06 175.604 7.76859 0.268588 2.49768e+08 3714.63 3714.63 524059 0 4.3459e+08
498 2.82 1.03429 -0.005 4.5286e+06 3514.5 4.52509e+06 175.354 7.78109 0.281089 2.49912e+08 3714.63 3714.63 524059 0 4.52509e+08
499 2.82 1.03429 0.04 4.68747e+06 3514.5 4.68396e+06 175.375 7.76468 0.264676 2.49818e+08 3714.63 3714.63 524059 0 4.68397e+08
500 2.82 1.04571 -0.14 6.81912e+06 3514.5 6.81561e+06 171.062 8.3391 0.839101 2.54399e+08 3755.68 3755.68 518318 0 6.81563e+08
501 2.82 1.04571 -0.095 7.01545e+06 3514.5 7.01194e+06 170.312 8.40821 0.908211 2.55052e+08 3755.68 3755.68 518318 0 7.01196e+08
502 2.82 1.04571 -0.05 7.16409e+06 3514.5 7.16058e+06 169.833 8.44965 0.949652 2.55461e+08 3755.68 3755.68 518318 0 7.1606e+08
503 2.82 1.04571 -0.005 7.26671e+06 3514.5 7.2632e+06 169.583 8.46297 0.962971 2.55617e+08 3755.68 3755.68 518318 0 7.26322e+08
504 2.82 1.04571 0.04 7.32732e+06 3514.5 7.32381e+06 169.604 8.44765 0.947649 2.55518e+08 3755.68 3755.68 518318 0 7.32383e+08
505 2.82 1.05714 -0.14 9.46851e+06 3514.5 9.46499e+06 166.104 8.96136 1.46136 2.6e+08 3796.72 3796.72 512641 0 9.46502e+08
506 2.82 1.05714 -0.095 9.64168e+06 3514.5 9.63816e+06 165.417 9.0302 1.5302 2.60698e+08 3796.72 3796.72 512641 0 9.63819e+08
507 2.82 1.05714 -0.05 9.76034e+06 3514.5 9.75682e+06 164.958 9.07183 1.57183 2.61136e+08 3796.72 3796.72 512641 0 9.75685e+08
508 2.82 1.05714 -0.005 9.82615e+06 3514.5 9.82263e+06 164.729 9.08563 1.58563 2.61303e+08 3796.72 3796.72 512641 0 9.82266e+08
509 2.82 1.05714 0.04 9.84217e+06 3514.5 9.83865e+06 164.729 9.07132 1.57132 2.61197e+08 3796.72 3796.72 512641 0 9.83868e+08
510 2.82 1.06857 -0.14 1.18907e+07 3514.5 1.18871e+07 161.812 9.53352 2.03352 2.6559e+08 3837.77 3837.77 507025 0 1.18872e+09
511 2.82 1.06857 -0.095 1.20442e+07 3514.5 1.20407e+07 161.167 9.60204 2.10204 2.66334e+08 3837.77 3837.77 507025 0 1.20407e+09
512 2.82 1.06857 -0.05 1.21414e+07 3514.5 1.21379e+07 160.729 9.64373 2.14373 2.66801e+08 3837.77 3837.77 507025 0 1.21379e+09
513 2.82 1.06857 -0.005 1.21838e+07 3514.5 1.21803e+07 160.521 9.65788 2.15788 2.66979e+08 3837.77 3837.77 507025 0 1.21804e+09
514 2.82 1.06857 0.04 1.21741e+07 3514.5 1.21706e+07 160.521 9.64432 2.14432 2.66866e+08 3837.77 3837.77 507025 0 1.21707e+09
515 2.82 1.08 -0.14 1.41128e+07 3514.5 1.41093e+07 158.042 10.0627 2.56265 2.71179e+08 3878.81 3878.81 501471 0 1.41093e+09
516 2.82 1.08 -0.095 1.42485e+07 3514.5 1.4245e+07 157.438 10.1308 2.63078 2.7197e+08 3878.81 3878.81 501471 0 1.4245e+09
517 2.82 1.08 -0.05 1.43282e+07 3514.5 1.43247e+07 157.021 10.1725 2.67246 2.72465e+08 3878.81 3878.81 501471 0 1.43248e+09
518 2.82 1.08 -0.005 1.43536e+07 3514.5 1.43501e+07 156.812 10.187 2.68698 2.72655e+08 3878.81 3878.81 501471 0 1.43501e+09
519 2.82 1.08 0.04 1.43268e+07 3514.5 1.43233e+07 156.812 10.1741 2.67409 2.72534e+08 3878.81 3878.81 501471 0 1.43233e+09
520 2.82667 1 -0.14 5.1227e+06 3514.5 5.11918e+06 205.521 5.33598 2.16402 2.31536e+08 3591.49 3591.49 541665 0 5.11923e+08
521 2.82667 1 -0.095 4.9764e+06 3514.5 4.97289e+06 204.167 5.39764 2.10236 2.32014e+08 3591.49 3591.49 541665 0 4.97293e+08
522 2.82667 1 -0.05 4.96986e+06 3514.5 4.96634e+06 203.312 5.43295 2.06705 2.32314e+08 3591.49 3591.49 541665 0 4.96638e+08
523 2.82667 1 -0.005 5.10064e+06 3514.5 5.09713e+06 202.979 5.44087 2.05913 2.3243e+08 3591.49 3591.49 541665 0 5.09717e+08
524 2.82667 1 0.04 5.35681e+06 3514.5 5.3533e+06 203.167 5.42086 2.07914 2.32358e+08 3591.49 3591.49 541665 0 5.35334e+08
525 2.82667 1.01143 -0.14 1.47123e+06 3514.5 1.46771e+06 192.396 6.23601 1.26399 2.37314e+08 3632.54 3632.54 535732 0 1.46774e+08
526 2.82667 1.01143 -0.095 1.4977e+06 3514.5 1.49418e+06 191.333 6.30336 1.19664 2.37849e+08 3632.54 3632.54 535732 0 1.49421e+08
527 2.82667 1.01143 -0.05 1.7694e+06 3514.5 1.76588e+06 190.646 6.34206 1.15794 2.3819e+08 3632.54 3632.54 535732 0 1.7659e+08
528 2.82667 1.01143 -0.005 2.18614e+06 3514.5 2.18263e+06 190.354 6.35178 1.14822 2.38322e+08 3632.54 3632.54 535732 0 2.18265e+08
529 2.82667 1.01143 0.04 2.68009e+06 3514.5 2.67657e+06 190.438 6.33227 1.16773 2.38245e+08 3632.54 3632.54 535732 0 2.6766e+08
530 2.82667 1.02286 -0.14 2.11585e+06 3514.5 2.11234e+06 183.208 7.0631 0.436895 2.43128e+08 3673.59 3673.59 529863 0 2.11235e+08
531 2.82667 1.02286 -0.095 2.45624e+06 3514.5 2.45272e+06 182.312 7.13189 0.368112 2.43688e+08 3673.59 3673.59 529863 0 2.45273e+08
532 2.82667 1.02286 -0.05 2.78079e+06 3514.5 2.77728e+06 181.729 7.17253 0.327474 2.44036e+08 3673.59 3673.59 529863 0 2.77728e+08
533 2.82667 1.02286 -0.005 3.08694e+06 3514.5 3.08343e+06 181.458 7.18423 0.315771 2.44166e+08 3673.59 3673.59 529863 0 3.08343e+08
534 2.82667 1.02286 0.04 3.38058e+06 3514.5 3.37706e+06 181.5 7.16659 0.333412 2.44075e+08 3673.59 3673.59 529863 0 3.37707e+08
535 2.82667 1.03429 -0.14 5.29683e+06 3514.5 5.29331e+06 176.146 7.81266 0.31266 2.48772e+08 3714.63 3714.63 524059 0 5.29332e+08
536 2.82667 1.03429 -0.095 5.54883e+06 3514.5 5.54531e+06 175.333 7.8822 0.382201 2.4938e+08 3714.63 3714.63 524059 0 5.54532e+08
537 2.82667 1.03429 -0.05 5.7512e+06 3514.5 5.74768e+06 174.812 7.92368 0.423678 2.49761e+08 3714.63 3714.63 524059 0 5.74769e+08
538 2.82667 1.03429 -0.005 5.90585e+06 3514.5 5.90234e+06 174.562 7.93649 0.436493 2.49906e+08 3714.63 3714.63 524059 0 5.90235e+08
539 2.82667 1.03429 0.04 6.01786e+06 3514.5 6.01435e+06 174.583 7.92031 0.420307 2.49813e+08 3714.63 3714.63 524059 0 6.01436e+08
540 2.82667 1.04571 -0.14 8.20761e+06 3514.5 8.2041e+06 170.375 8.49418 0.994176 2.54396e+08 3755.68 3755.68 518318 0 8.20412e+08
541 2.82667 1.04571 -0.095 8.42389e+06 3514.5 8.42038e+06 169.646 8.56353 1.06353 2.55049e+08 3755.68 3755.68 518318 0 8.4204e+08
542 2.82667 1.04571 -0.05 8.5804e+06 3514.5 8.57689e+06 169.167 8.60525 1.10525 2.55458e+08 3755.68 3755.68 518318 0 8.57691e+08
543 2.82667 1.04571 -0.005 8.6789e+06 3514.5 8.67538e+06 168.938 8.61868 1.11868 2.55615e+08 3755.68 3755.68 518318 0 8.6754e+08
544 2.82667 1.04571 0.04 8.72286e+06 3514.5 8.71934e+06 168.958 8.60353 1.10353 2.55515e+08 3755.68 3755.68 518318 0 8.71937e+08
545 2.82667 1.05714 -0.14 1.08607e+07 3514.5 1.08572e+07 165.521 9.11632 1.61632 2.59998e+08 3796.72 3796.72 512641 0 1.08573e+09
546 2.82667 1.05714 -0.095 1.10517e+07 3514.5 1.10482e+07 164.833 9.1854 1.6854 2.60697e+08 3796.72 3796.72 512641 0 1.10482e+09
547 2.82667 1.05714 -0.05 1.11802e+07 3514.5 1.11767e+07 164.396 9.22711 1.72711 2.61134e+08 3796.72 3796.72 512641 0 1.11767e+09
548 2.82667 1.05714 -0.005 1.12476e+07 3514.5 1.12441e+07 164.167 9.24109 1.74109 2.61301e+08 3796.72 3796.72 512641 0 1.12441e+09
549 2.82667 1.05714 0.04 1.12568e+07 3514.5 1.12532e+07 164.167 9.22693 1.72693 2.61195e+08 3796.72 3796.72 512641 0 1.12533e+09
550 2.82667 1.06857 -0.14 1.32849e+07 3514.5 1.32814e+07 161.292 9.68813 2.18813 2.65589e+08 3837.77 3837.77 507025 0 1.32814e+09
551 2.82667 1.06857 -0.095 1.34547e+07 3514.5 1.34512e+07 160.667 9.75669 2.25669 2.66333e+08 3837.77 3837.77 507025 0 1.34512e+09
552 2.82667 1.06857 -0.05 1.3562e+07 3514.5 1.35585e+07 160.229 9.79854 2.29854 2.66799e+08 3837.77 3837.77 507025 0 1.35586e+09
553 2.82667 1.06857 -0.005 1.36084e+07 3514.5 1.36049e+07 160.021 9.81282 2.31282 2.66978e+08 3837.77 3837.77 507025 0 1.36049e+09
554 2.82667 1.06857 0.04 1.35961e+07 3514.5 1.35926e+07 160.021 9.7994 2.2994 2.66864e+08 3837.77 3837.77 507025 0 1.35926e+09
555 2.82667 1.08 -0.14 1.55078e+07 3514.5 1.55043e+07 157.583 10.2167 2.71668 2.71178e+08 3878.81 3878.81 501471 0 1.55044e+09
556 2.82667 1.08 -0.095 1.56587e+07 3514.5 1.56552e+07 156.979 10.2849 2.78492 2.71969e+08 3878.81 3878.81 501471 0 1.56553e+09
557 2.82667 1.08 -0.05 1.57486e+07 3514.5 1.57451e+07 156.562 10.3267 2.82672 2.72465e+08 3878.81 3878.81 501471 0 1.57452e+09
558 2.82667 1.08 -0.005 1.5779e+07 3514.5 1.57755e+07 156.375 10.3412 2.84122 2.72654e+08 3878.81 3878.81 501471 0 1.57755e+09
559 2.82667 1.08 0.04 1.57518e+07 3514.5 1.57483e+07 156.354 10.3286 2.82859 2.72533e+08 3878.81 3878.81 501471 0 1.57484e+09
560 2.83333 1 -0.14 3.9422e+06 3514.5 3.93868e+06 203.438 5.46842 2.03158 2.31534e+08 3591.49 3591.49 541665 0 3.93872e+08
561 2.83333 1 -0.095 3.83195e+06 3514.5 3.82844e+06 202.167 5.53276 1.96724 2.32013e+08 3591.49 3591.49 541665 0 3.82848e+08
562 2.83333 1 -0.05 3.87564e+06 3514.5 3.87212e+06 201.354 5.56975 1.93025 2.32313e+08 3591.49 3591.49 541665 0 3.87216e+08
563 2.83333 1 -0.005 4.06199e+06 3514.5 4.05848e+06 201.042 5.57845 1.92155 2.32429e+08 3591.49 3591.49 541665 0 4.05852e+08
564 2.83333 1 0.04 4.36986e+06 3514.5 4.36634e+06 201.208 5.55831 1.94169 2.32358e+08 3591.49 3591.49 541665 0 4.36638e+08
565 2.83333 1.01143 -0.14 714301 3514.5 710786 191.042 6.38946 1.11054 2.37387e+08 3632.54 3632.54 535732 0 7.10808e+07
566 2.83333 1.01143 -0.095 1.18134e+06 3514.5 1.17782e+06 190.021 6.4544 1.0456 2.37911e+08 3632.54 3632.54 535732 0 1.17784e+08
567 2.83333 1.01143 -0.05 1.67006e+06 3514.5 1.66655e+06 189.375 6.493 1.007 2.38229e+08 3632.54 3632.54 535732 0 1.66657e+08
568 2.83333 1.01143 -0.005 2.15146e+06 3514.5 2.14794e+06 189.083 6.50308 0.996917 2.38346e+08 3632.54 3632.54 535732 0 2.14796e+08
569 2.83333 1.01143 0.04 2.62753e+06 3514.5 2.62401e+06 189.167 6.48378 1.01622 2.38261e+08 3632.54 3632.54 535732 0 2.62403e+08
570 2.83333 1.02286 -0.14 3.50362e+06 3514.5 3.50011e+06 182.208 7.21596 0.284036 2.4311e+08 3673.59 3673.59 529863 0 3.50012e+08
571 2.83333 1.02286 -0.095 3.83433e+06 3514.5 3.83082e+06 181.354 7.2856 0.214402 2.43673e+08 3673.59 3673.59 529863 0 3.83082e+08
572 2.83333 1.02286 -0.05 4.11652e+06 3514.5 4.11301e+06 180.771 7.32696 0.173042 2.44025e+08 3673.59 3673.59 529863 0 4.11301e+08
573 2.83333 1.02286 -0.005 4.35311e+06 3514.5 4.3496e+06 180.521 7.33909 0.160911 2.44158e+08 3673.59 3673.59 529863 0 4.3496e+08
574 2.83333 1.02286 0.04 4.5514e+06 3514.5 4.54789e+06 180.562 7.32177 0.178229 2.4407e+08 3673.59 3673.59 529863 0 4.54789e+08
575 2.83333 1.03429 -0.14 6.69115e+06 3514.5 6.68763e+06 175.354 7.96803 0.468028 2.48768e+08 3714.63 3714.63 524059 0 6.68764e+08
576 2.83333 1.03429 -0.095 6.9565e+06 3514.5 6.95298e+06 174.583 8.03786 0.537857 2.49376e+08 3714.63 3714.63 524059 0 6.95299e+08
577 2.83333 1.03429 -0.05 7.15795e+06 3514.5 7.15444e+06 174.062 8.0797 0.5797 2.49757e+08 3714.63 3714.63 524059 0 7.15445e+08
578 2.83333 1.03429 -0.005 7.29765e+06 3514.5 7.29414e+06 173.833 8.09268 0.592683 2.49903e+08 3714.63 3714.63 524059 0 7.29415e+08
579 2.83333 1.03429 0.04 7.37996e+06 3514.5 7.37645e+06 173.854 8.0767 0.576699 2.4981e+08 3714.63 3714.63 524059 0 7.37646e+08
580 2.83333 1.04571 -0.14 9.60543e+06 3514.5 9.60192e+06 169.729 8.64983 1.14983 2.54394e+08 3755.68 3755.68 518318 0 9.60194e+08
581 2.83333 1.04571 -0.095 9.83614e+06 3514.5 9.83262e+06 169.021 8.71937 1.21937 2.55047e+08 3755.68 3755.68 518318 0 9.83265e+08
582 2.83333 1.04571 -0.05 9.9985e+06 3514.5 9.99498e+06 168.542 8.76134 1.26134 2.55456e+08 3755.68 3755.68 518318 0 9.99501e+08
583 2.83333 1.04571 -0.005 1.00942e+07 3514.5 1.00906e+07 168.312 8.77498 1.27498 2.55613e+08 3755.68 3755.68 518318 0 1.00907e+09
584 2.83333 1.04571 0.04 1.01262e+07 3514.5 1.01226e+07 168.333 8.75999 1.25999 2.55513e+08 3755.68 3755.68 518318 0 1.01227e+09
585 2.83333 1.05714 -0.14 1.22604e+07 3514.5 1.22569e+07 164.958 9.27174 1.77174 2.59997e+08 3796.72 3796.72 512641 0 1.2257e+09
586 2.83333 1.05714 -0.095 1.24653e+07 3514.5 1.24618e+07 164.292 9.3409 1.8409 2.60695e+08 3796.72 3796.72 512641 0 1.24618e+09
587 2.83333 1.05714 -0.05 1.26014e+07 3514.5 1.25979e+07 163.854 9.38278 1.88278 2.61133e+08 3796.72 3796.72 512641 0 1.25979e+09
588 2.83333 1.05714 -0.005 1.26702e+07 3514.5 1.26667e+07 163.625 9.39693 1.89693 2.613e+08 3796.72 3796.72 512641 0 1.26667e+09
589 2.83333 1.05714 0.04 1.26741e+07 3514.5 1.26706e+07 163.625 9.38292 1.88292 2.61193e+08 3796.72 3796.72 512641 0 1.26706e+09
590 2.83333 1.06857 -0.14 1.46853e+07 3514.5 1.46818e+07 160.792 9.84307 2.34307 2.65588e+08 3837.77 3837.77 507025 0 1.46818e+09
591 2.83333 1.06857 -0.095 1.48683e+07 3514.5 1.48648e+07 160.167 9.91177 2.41177 2.66332e+08 3837.77 3837.77 507025 0 1.48649e+09
592 2.83333 1.06857 -0.05 1.4984e+07 3514.5 1.49805e+07 159.75 9.95361 2.45361 2.66798e+08 3837.77 3837.77 507025 0 1.49805e+09
593 2.83333 1.06857 -0.005 1.50336e+07 3514.5 1.50301e+07 159.542 9.96802 2.46802 2.66977e+08 3837.77 3837.77 507025 0 1.50301e+09
594 2.83333 1.06857 0.04 1.50191e+07 3514.5 1.50156e+07 159.542 9.95473 2.45473 2.66863e+08 3837.77 3837.77 507025 0 1.50157e+09
595 2.83333 1.08 -0.14 1.69082e+07 3514.5 1.69047e+07 157.125 10.3711 2.87107 2.71177e+08 3878.81 3878.81 501471 0 1.69047e+09
596 2.83333 1.08 -0.095 1.70718e+07 3514.5 1.70683e+07 156.521 10.4394 2.93942 2.71968e+08 3878.81 3878.81 501471 0 1.70683e+09
597 2.83333 1.08 -0.05 1.71702e+07 3514.5 1.71667e+07 156.125 10.4812 2.98117 2.72464e+08 3878.81 3878.81 501471 0 1.71668e+09
598 2.83333 1.08 -0.005 1.72048e+07 3514.5 1.72013e+07 155.938 10.4958 2.99577 2.72653e+08 3878.81 3878.81 501471 0 1.72013e+09
599 2.83333 1.08 0.04 1.71773e+07 3514.5 1.71738e+07 155.917 10.4833 2.98326 2.72533e+08 3878.81 3878.81 501471 0 1.71738e+09
600 2.84 1 -0.14 2.81644e+06 3514.5 2.81292e+06 201.542 5.60754 1.89246 2.31531e+08 3591.49 3591.49 541665 0 2.81296e+08
601 2.84 1 -0.095 2.78735e+06 3514.5 2.78384e+06 200.333 5.67402 1.82598 2.32012e+08 3591.49 3591.49 541665 0 2.78388e+08
602 2.84 1 -0.05 2.92419e+06 3514.5 2.92067e+06 199.562 5.71237 1.78763 2.32315e+08 3591.49 3591.49 541665 0 2.92071e+08
603 2.84 1 -0.005 3.19486e+06 3514.5 3.19135e+06 199.25 5.72164 1.77836 2.32432e+08 3591.49 3591.49 541665 0 3.19138e+08
604 2.84 1 0.04 3.5647e+06 3514.5 3.56118e+06 199.396 5.70141 1.79859 2.3236e+08 3591.49 3591.49 541665 0 3.56122e+08
605 2.84 1.01143 -0.14 1.59144e+06 3514.5 1.58792e+06 189.771 6.53566 0.964343 2.37407e+08 3632.54 3632.54 535732 0 1.58794e+08
606 2.84 1.01143 -0.095 2.064e+06 3514.5 2.06048e+06 188.792 6.60442 0.895576 2.37915e+08 3632.54 3632.54 535732 0 2.0605e+08
607 2.84 1.01143 -0.05 2.4862e+06 3514.5 2.48269e+06 188.167 6.64486 0.855144 2.38234e+08 3632.54 3632.54 535732 0 2.48271e+08
608 2.84 1.01143 -0.005 2.86734e+06 3514.5 2.86383e+06 187.896 6.65592 0.84408 2.38352e+08 3632.54 3632.54 535732 0 2.86385e+08
609 2.84 1.01143 0.04 3.21966e+06 3514.5 3.21614e+06 187.979 6.63712 0.86288 2.38268e+08 3632.54 3632.54 535732 0 3.21616e+08
610 2.84 1.02286 -0.14 4.89696e+06 3514.5 4.89344e+06 181.271 7.37086 0.129142 2.43102e+08 3673.59 3673.59 529863 0 4.89345e+08
611 2.84 1.02286 -0.095 5.22449e+06 3514.5 5.22097e+06 180.438 7.44111 0.0588946 2.43666e+08 3673.59 3673.59 529863 0 5.22097e+08
612 2.84 1.02286 -0.05 5.48585e+06 3514.5 5.48234e+06 179.896 7.48283 0.0171735 2.44019e+08 3673.59 3673.59 529863 0 5.48234e+08
613 2.84 1.02286 -0.005 5.68434e+06 3514.5 5.68083e+06 179.625 7.49542 0.00457543 2.44153e+08 3673.59 3673.59 529863 0 5.68083e+08
614 2.84 1.02286 0.04 5.82618e+06 3514.5 5.82267e+06 179.667 7.47835 0.0216539 2.44066e+08 3673.59 3673.59 529863 0 5.82267e+08
615 2.84 1.03429 -0.14 8.09259e+06 3514.5 8.08908e+06 174.604 8.12427 0.624274 2.48765e+08 3714.63 3714.63 524059 0 8.08909e+08
616 2.84 1.03429 -0.095 8.36721e+06 3514.5 8.36369e+06 173.854 8.1944 0.694397 2.49373e+08 3714.63 3714.63 524059 0 8.36371e+08
617 2.84 1.03429 -0.05 8.56839e+06 3514.5 8.56487e+06 173.354 8.23645 0.736452 2.49755e+08 3714.63 3714.63 524059 0 8.56489e+08
618 2.84 1.03429 -0.005 8.69812e+06 3514.5 8.6946e+06 173.104 8.24981 0.749809 2.499e+08 3714.63 3714.63 524059 0 8.69462e+08
619 2.84 1.03429 0.04 8.76009e+06 3514.5 8.75658e+06 173.125 8.23402 0.734018 2.49807e+08 3714.63 3714.63 524059 0 8.75659e+08
620 2.84 1.04571 -0.14 1.10096e+07 3514.5 1.10061e+07 169.104 8.80607 1.30607 2.54392e+08 3755.68 3755.68 518318 0 1.10061e+09
621 2.84 1.04571 -0.095 1.12513e+07 3514.5 1.12478e+07 168.396 8.87589 1.37589 2.55045e+08 3755.68 3755.68 518318 0 1.12478e+09
622 2.84 1.04571 -0.05 1.14182e+07 3514.5 1.14147e+07 167.938 8.91794 1.41794 2.55455e+08 3755.68 3755.68 518318 0 1.14147e+09
623 2.84 1.04571 -0.005 1.15118e+07 3514.5 1.15083e+07 167.708 8.93178 1.43178 2.55611e+08 3755.68 3755.68 518318 0 1.15083e+09
624 2.84 1.04571 0.04 1.15348e+07 3514.5 1.15313e+07 167.729 8.91695 1.41695 2.55511e+08 3755.68 3755.68 518318 0 1.15313e+09
625 2.84 1.05714 -0.14 1.36656e+07 3514.5 1.3662e+07 164.396 9.42768 1.92768 2.59996e+08 3796.72 3796.72 512641 0 1.36621e+09
626 2.84 1.05714 -0.095 1.38815e+07 3514.5 1.3878e+07 163.75 9.49689 1.99689 2.60694e+08 3796.72 3796.72 512641 0 1.38781e+09
627 2.84 1.05714 -0.05 1.40239e+07 3514.5 1.40204e+07 163.312 9.53894 2.03894 2.61132e+08 3796.72 3796.72 512641 0 1.40204e+09
628 2.84 1.05714 -0.005 1.40938e+07 3514.5 1.40903e+07 163.104 9.55309 2.05309 2.61299e+08 3796.72 3796.72 512641 0 1.40903e+09
629 2.84 1.05714 0.04 1.40935e+07 3514.5 1.409e+07 163.104 9.53923 2.03923 2.61192e+08 3796.72 3796.72 512641 0 1.409e+09
630 2.84 1.06857 -0.14 1.60904e+07 3514.5 1.60868e+07 160.292 9.99842 2.49842 2.65587e+08 3837.77 3837.77 507025 0 1.60869e+09
631 2.84 1.06857 -0.095 1.62844e+07 3514.5 1.62809e+07 159.688 10.0671 2.5671 2.66331e+08 3837.77 3837.77 507025 0 1.62809e+09
632 2.84 1.06857 -0.05 1.64069e+07 3514.5 1.64034e+07 159.271 10.1091 2.60907 2.66798e+08 3837.77 3837.77 507025 0 1.64035e+09
633 2.84 1.06857 -0.005 1.64592e+07 3514.5 1.64557e+07 159.062 10.1236 2.6236 2.66976e+08 3837.77 3837.77 507025 0 1.64558e+09
634 2.84 1.06857 0.04 1.64431e+07 3514.5 1.64396e+07 159.083 10.1103 2.61027 2.66862e+08 3837.77 3837.77 507025 0 1.64397e+09
635 2.84 1.08 -0.14 1.83126e+07 3514.5 1.83091e+07 156.667 10.5258 3.02581 2.71177e+08 3878.81 3878.81 501471 0 1.83092e+09
636 2.84 1.08 -0.095 1.8487e+07 3514.5 1.84835e+07 156.083 10.5941 3.0941 2.71967e+08 3878.81 3878.81 501471 0 1.84836e+09
637 2.84 1.08 -0.05 1.85927e+07 3514.5 1.85892e+07 155.688 10.6359 3.13595 2.72463e+08 3878.81 3878.81 501471 0 1.85892e+09
638 2.84 1.08 -0.005 1.86308e+07 3514.5 1.86273e+07 155.5 10.6506 3.15064 2.72653e+08 3878.81 3878.81 501471 0 1.86274e+09
639 2.84 1.08 0.04 1.86031e+07 3514.5 1.85996e+07 155.5 10.6381 3.13808 2.72532e+08 3878.81 3878.81 501471 0 1.85996e+09
640 2.76167 1.02571 -0.08 9.95685e+06 3514.5 9.95334e+06 192.667 5.94338 1.55662 2.45217e+08 3683.85 3683.85 528406 0 9.95337e+08
641 2.76167 1.02571 -0.065 9.91597e+06 3514.5 9.91246e+06 192.396 5.95385 1.54615 2.45337e+08 3683.85 3683.85 528406 0 9.91249e+08
642 2.76167 1.02571 -0.05 9.88992e+06 3514.5 9.88641e+06 192.167 5.96149 1.53851 2.45433e+08 3683.85 3683.85 528406 0 9.88644e+08
643 2.76167 1.02571 -0.035 9.87899e+06 3514.5 9.87547e+06 191.979 5.96627 1.53373 2.45504e+08 3683.85 3683.85 528406 0 9.87551e+08
644 2.76167 1.02571 -0.02 9.88339e+06 3514.5 9.87987e+06 191.854 5.96839 1.53161 2.4555e+08 3683.85 3683.85 528406 0 9.8799e+08
645 2.76167 1.03371 -0.08 8.0115e+06 3514.5 8.00799e+06 185.583 6.41751 1.08249 2.49218e+08 3712.58 3712.58 524348 0 8.00801e+08
646 2.76167 1.03371 -0.065 7.9605e+06 3514.5 7.95698e+06 185.354 6.42918 1.07082 2.49345e+08 3712.58 3712.58 524348 0 7.957e+08
647 2.76167 1.03371 -0.05 7.92662e+06 3514.5 7.92311e+06 185.146 6.43778 1.06222 2.49446e+08 3712.58 3712.58 524348 0 7.92313e+08
648 2.76167 1.03371 -0.035 7.91028e+06 3514.5 7.90677e+06 184.979 6.44345 1.05655 2.4952e+08 3712.58 3712.58 524348 0 7.90679e+08
649 2.76167 1.03371 -0.02 7.91177e+06 3514.5 7.90826e+06 184.854 6.44617 1.05383 2.49569e+08 3712.58 3712.58 524348 0 7.90828e+08
650 2.76167 1.04171 -0.08 6.13679e+06 3514.5 6.13328e+06 179.854 6.87977 0.620233 2.53198e+08 3741.31 3741.31 520320 0 6.13329e+08
651 2.76167 1.04171 -0.065 6.07162e+06 3514.5 6.06811e+06 179.646 6.89211 0.607894 2.53331e+08 3741.31 3741.31 520320 0 6.06812e+08
652 2.76167 1.04171 -0.05 6.02645e+06 3514.5 6.02294e+06 179.458 6.90138 0.598619 2.53437e+08 3741.31 3741.31 520320 0 6.02295e+08
653 2.76167 1.04171 -0.035 6.00197e+06 3514.5 5.99846e+06 179.312 6.90768 0.592322 2.53516e+08 3741.31 3741.31 520320 0 5.99847e+08
654 2.76167 1.04171 -0.02 5.99867e+06 3514.5 5.99515e+06 179.208 6.91097 0.589027 2.53567e+08 3741.31 3741.31 520320 0 5.99516e+08
655 2.76167 1.04971 -0.08 4.37784e+06 3514.5 4.37432e+06 175.062 7.32319 0.176812 2.57161e+08 3770.04 3770.04 516324 0 4.37433e+08
656 2.76167 1.04971 -0.065 4.28838e+06 3514.5 4.28487e+06 174.854 7.33591 0.164085 2.573e+08 3770.04 3770.04 516324 0 4.28487e+08
657 2.76167 1.04971 -0.05 4.22319e+06 3514.5 4.21968e+06 174.688 7.34566 0.154338 2.57411e+08 3770.04 3770.04 516324 0 4.21968e+08
658 2.76167 1.04971 -0.035 4.18373e+06 3514.5 4.18021e+06 174.562 7.3524 0.147601 2.57493e+08 3770.04 3770.04 516324 0 4.18022e+08
659 2.76167 1.04971 -0.02 4.17105e+06 3514.5 4.16753e+06 174.458 7.35604 0.143963 2.57546e+08 3770.04 3770.04 516324 0 4.16754e+08
660 2.76167 1.05771 -0.08 2.80098e+06 3514.5 2.79746e+06 170.938 7.74588 0.245879 2.61107e+08 3798.78 3798.78 512359 0 2.79747e+08
661 2.76167 1.05771 -0.065 2.66136e+06 3514.5 2.65784e+06 170.75 7.75901 0.259006 2.61251e+08 3798.78 3798.78 512359 0 2.65785e+08
662 2.76167 1.05771 -0.05 2.55202e+06 3514.5 2.54851e+06 170.604 7.76913 0.269128 2.61365e+08 3798.78 3798.78 512359 0 2.54851e+08
663 2.76167 1.05771 -0.035 2.47751e+06 3514.5 2.474e+06 170.458 7.77613 0.276134 2.61449e+08 3798.78 3798.78 512359 0 2.474e+08
664 2.76167 1.05771 -0.02 2.4416e+06 3514.5 2.43808e+06 170.375 7.78011 0.280113 2.61505e+08 3798.78 3798.78 512359 0 2.43809e+08
665 2.76167 1.06571 -0.08 1.65902e+06 3514.5 1.6555e+06 167.333 8.14829 0.648289 2.65056e+08 3827.51 3827.51 508423 0 1.65552e+08
666 2.76167 1.06571 -0.065 1.41087e+06 3514.5 1.40735e+06 167.146 8.16206 0.66206 2.65196e+08 3827.51 3827.51 508423 0 1.40737e+08
667 2.76167 1.06571 -0.05 1.18145e+06 3514.5 1.17794e+06 167 8.173 0.673002 2.65298e+08 3827.51 3827.51 508423 0 1.17795e+08
668 2.76167 1.06571 -0.035 985354 3514.5 981839 166.875 8.18107 0.681069 2.6536e+08 3827.51 3827.51 508423 0 9.81853e+07
669 2.76167 1.06571 -0.02 847795 3514.5 844281 166.792 8.18608 0.686079 2.65387e+08 3827.51 3827.51 508423 0 8.44294e+07
670 2.76722 1.02571 -0.08 8.86578e+06 3514.5 8.86226e+06 191.229 6.04917 1.45083 2.45216e+08 3683.85 3683.85 528406 0 8.86229e+08
671 2.76722 1.02571 -0.065 8.82452e+06 3514.5 8.821e+06 190.958 6.06003 1.43997 2.45336e+08 3683.85 3683.85 528406 0 8.82103e+08
672 2.76722 1.02571 -0.05 8.79888e+06 3514.5 8.79536e+06 190.729 6.06802 1.43198 2.45432e+08 3683.85 3683.85 528406 0 8.79539e+08
673 2.76722 1.02571 -0.035 8.78917e+06 3514.5 8.78565e+06 190.562 6.0733 1.4267 2.45503e+08 3683.85 3683.85 528406 0 8.78568e+08
674 2.76722 1.02571 -0.02 8.79559e+06 3514.5 8.79207e+06 190.438 6.07564 1.42436 2.45549e+08 3683.85 3683.85 528406 0 8.7921e+08
675 2.76722 1.03371 -0.08 6.88489e+06 3514.5 6.88138e+06 184.458 6.53247 0.967526 2.49216e+08 3712.58 3712.58 524348 0 6.88139e+08
676 2.76722 1.03371 -0.065 6.83329e+06 3514.5 6.82978e+06 184.208 6.54428 0.955718 2.49343e+08 3712.58 3712.58 524348 0 6.8298e+08
677 2.76722 1.03371 -0.05 6.79995e+06 3514.5 6.79643e+06 184.021 6.55329 0.946713 2.49444e+08 3712.58 3712.58 524348 0 6.79645e+08
678 2.76722 1.03371 -0.035 6.78532e+06 3514.5 6.7818e+06 183.854 6.55919 0.940814 2.49518e+08 3712.58 3712.58 524348 0 6.78182e+08
679 2.76722 1.03371 -0.02 6.7897e+06 3514.5 6.78618e+06 183.75 6.56222 0.937778 2.49567e+08 3712.58 3712.58 524348 0 6.7862e+08
680 2.76722 1.04171 -0.08 4.99141e+06 3514.5 4.9879e+06 178.938 6.99979 0.500206 2.53194e+08 3741.31 3741.31 520320 0 4.98791e+08
681 2.76722 1.04171 -0.065 4.92343e+06 3514.5 4.91992e+06 178.729 7.01234 0.48766 2.53327e+08 3741.31 3741.31 520320 0 4.91993e+08
682 2.76722 1.04171 -0.05 4.87745e+06 3514.5 4.87393e+06 178.542 7.02182 0.478184 2.53433e+08 3741.31 3741.31 520320 0 4.87394e+08
683 2.76722 1.04171 -0.035 4.85434e+06 3514.5 4.85082e+06 178.396 7.02828 0.471718 2.53512e+08 3741.31 3741.31 520320 0 4.85083e+08
684 2.76722 1.04171 -0.02 4.85467e+06 3514.5 4.85116e+06 178.292 7.03172 0.468284 2.53563e+08 3741.31 3741.31 520320 0 4.85117e+08
685 2.76722 1.04971 -0.08 3.23707e+06 3514.5 3.23355e+06 174.292 7.4462 0.0537978 2.57152e+08 3770.04 3770.04 516324 0 3.23356e+08
686 2.76722 1.04971 -0.065 3.13595e+06 3514.5 3.13244e+06 174.083 7.45913 0.040873 2.57291e+08 3770.04 3770.04 516324 0 3.13244e+08
687 2.76722 1.04971 -0.05 3.06314e+06 3514.5 3.05963e+06 173.938 7.46909 0.0309089 2.57401e+08 3770.04 3770.04 516324 0 3.05963e+08
688 2.76722 1.04971 -0.035 3.02109e+06 3514.5 3.01757e+06 173.792 7.47591 0.0240877 2.57483e+08 3770.04 3770.04 516324 0 3.01757e+08
689 2.76722 1.04971 -0.02 3.01149e+06 3514.5 3.00798e+06 173.688 7.47967 0.0203298 2.57537e+08 3770.04 3770.04 516324 0 3.00798e+08
690 2.76722 1.05771 -0.08 1.7664e+06 3514.5 1.76289e+06 170.271 7.87111 0.371109 2.61091e+08 3798.78 3798.78 512359 0 1.7629e+08
691 2.76722 1.05771 -0.065 1.57928e+06 3514.5 1.57576e+06 170.083 7.88462 0.384622 2.61227e+08 3798.78 3798.78 512359 0 1.57577e+08
692 2.76722 1.05771 -0.05 1.4257e+06 3514.5 1.42218e+06 169.938 7.89513 0.39513 2.61332e+08 3798.78 3798.78 512359 0 1.42219e+08
693 2.76722 1.05771 -0.035 1.3184e+06 3514.5 1.31488e+06 169.812 7.90252 0.40252 2.61409e+08 3798.78 3798.78 512359 0 1.31489e+08
694 2.76722 1.05771 -0.02 1.27018e+06 3514.5 1.26667e+06 169.729 7.9067 0.406704 2.61461e+08 3798.78 3798.78 512359 0 1.26668e+08
695 2.76722 1.06571 -0.08 1.35524e+06 3514.5 1.35172e+06 166.729 8.27391 0.773911 2.65112e+08 3827.51 3827.51 508423 0 1.35174e+08
696 2.76722 1.06571 -0.065 1.10227e+06 3514.5 1.09875e+06 166.562 8.28811 0.788113 2.65277e+08 3827.51 3827.51 508423 0 1.09877e+08
697 2.76722 1.06571 -0.05 855633 3514.5 852119 166.417 8.29977 0.799772 2.65423e+08 3827.51 3827.51 508423 0 8.52135e+07
698 2.76722 1.06571 -0.035 624964 3514.5 621450 166.292 8.30927 0.809269 2.65569e+08 3827.51 3827.51 508423 0 6.21466e+07
699 2.76722 1.06571 -0.02 439298 3514.5 435784 166.208 8.31697 0.816971 2.65755e+08 3827.51 3827.51 508423 0 4.358e+07
700 2.77278 1.02571 -0.08 7.76462e+06 3514.5 7.76111e+06 189.854 6.15857 1.34143 2.45214e+08 3683.85 3683.85 528406 0 7.76114e+08
701 2.77278 1.02571 -0.065 7.72351e+06 3514.5 7.72e+06 189.604 6.16998 1.33002 2.45335e+08 3683.85 3683.85 528406 0 7.72002e+08
702 2.77278 1.02571 -0.05 7.69894e+06 3514.5 7.69542e+06 189.396 6.17847 1.32153 2.4543e+08 3683.85 3683.85 528406 0 7.69545e+08
703 2.77278 1.02571 -0.035 7.69121e+06 3514.5 7.6877e+06 189.229 6.18401 1.31599 2.45501e+08 3683.85 3683.85 528406 0 7.68773e+08
704 2.77278 1.02571 -0.02 7.70054e+06 3514.5 7.69703e+06 189.104 6.18657 1.31343 2.45547e+08 3683.85 3683.85 528406 0 7.69705e+08
705 2.77278 1.03371 -0.08 5.75166e+06 3514.5 5.74815e+06 183.375 6.64974 0.850261 2.49213e+08 3712.58 3712.58 524348 0 5.74817e+08
706 2.77278 1.03371 -0.065 5.69982e+06 3514.5 5.6963e+06 183.146 6.66195 0.838053 2.4934e+08 3712.58 3712.58 524348 0 5.69632e+08
707 2.77278 1.03371 -0.05 5.66771e+06 3514.5 5.66419e+06 182.958 6.67118 0.828824 2.49441e+08 3712.58 3712.58 524348 0 5.66421e+08
708 2.77278 1.03371 -0.035 5.65586e+06 3514.5 5.65235e+06 182.812 6.6774 0.822602 2.49516e+08 3712.58 3712.58 524348 0 5.65236e+08
709 2.77278 1.03371 -0.02 5.6646e+06 3514.5 5.66108e+06 182.708 6.68059 0.819411 2.49564e+08 3712.58 3712.58 524348 0 5.6611e+08
710 2.77278 1.04171 -0.08 3.84302e+06 3514.5 3.83951e+06 178.062 7.12148 0.378524 2.53188e+08 3741.31 3741.31 520320 0 3.83951e+08
711 2.77278 1.04171 -0.065 3.77113e+06 3514.5 3.76762e+06 177.854 7.13423 0.365773 2.53321e+08 3741.31 3741.31 520320 0 3.76763e+08
712 2.77278 1.04171 -0.05 3.72435e+06 3514.5 3.72084e+06 177.688 7.14396 0.356039 2.53427e+08 3741.31 3741.31 520320 0 3.72084e+08
713 2.77278 1.04171 -0.035 3.70388e+06 3514.5 3.70037e+06 177.542 7.15059 0.349412 2.53505e+08 3741.31 3741.31 520320 0 3.70038e+08
714 2.77278 1.04171 -0.02 3.71047e+06 3514.5 3.70696e+06 177.438 7.15415 0.345851 2.53557e+08 3741.31 3741.31 520320 0 3.70697e+08
715 2.77278 1.04971 -0.08 2.1156e+06 3514.5 2.11208e+06 173.542 7.57071 0.0707076 2.57136e+08 3770.04 3770.04 516324 0 2.11209e+08
716 2.77278 1.04971 -0.065 1.9914e+06 3514.5 1.98789e+06 173.354 7.58394 0.0839354 2.57271e+08 3770.04 3770.04 516324 0 1.98789e+08
717 2.77278 1.04971 -0.05 1.90288e+06 3514.5 1.89936e+06 173.188 7.59407 0.0940731 2.57379e+08 3770.04 3770.04 516324 0 1.89936e+08
718 2.77278 1.04971 -0.035 1.85566e+06 3514.5 1.85214e+06 173.062 7.60111 0.101107 2.5746e+08 3770.04 3770.04 516324 0 1.85214e+08
719 2.77278 1.04971 -0.02 1.85353e+06 3514.5 1.85002e+06 172.979 7.605 0.105001 2.57515e+08 3770.04 3770.04 516324 0 1.85002e+08
720 2.77278 1.05771 -0.08 1.06317e+06 3514.5 1.05965e+06 169.625 7.99795 0.497952 2.61114e+08 3798.78 3798.78 512359 0 1.05966e+08
721 2.77278 1.05771 -0.065 802163 3514.5 798648 169.458 8.01286 0.51286 2.61249e+08 3798.78 3798.78 512359 0 7.98658e+07
722 2.77278 1.05771 -0.05 541236 3514.5 537722 169.312 8.0263 0.5263 2.61336e+08 3798.78 3798.78 512359 0 5.37732e+07
723 2.77278 1.05771 -0.035 284237 3514.5 280723 169.188 8.04237 0.542375 2.61299e+08 3798.78 3798.78 512359 0 2.80734e+07
724 2.77278 1.05771 -0.02 97047.4 3514.5 93532.9 169.083 8.08251 0.582512 2.60372e+08 3798.78 3798.78 512359 0 9.35445e+06
725 2.77278 1.06571 -0.08 1.92067e+06 3514.5 1.91715e+06 166.167 8.39831 0.898305 2.65146e+08 3827.51 3827.51 508423 0 1.91717e+08
726 2.77278 1.06571 -0.065 1.79144e+06 3514.5 1.78792e+06 166 8.41191 0.911913 2.65309e+08 3827.51 3827.51 508423 0 1.78794e+08
727 2.77278 1.06571 -0.05 1.68515e+06 3514.5 1.68164e+06 165.854 8.42249 0.922491 2.65441e+08 3827.51 3827.51 508423 0 1.68166e+08
728 2.77278 1.06571 -0.035 1.60708e+06 3514.5 1.60357e+06 165.75 8.42998 0.929981 2.6554e+08 3827.51 3827.51 508423 0 1.60359e+08
729 2.77278 1.06571 -0.02 1.56229e+06 3514.5 1.55877e+06 165.667 8.43436 0.93436 2.65605e+08 3827.51 3827.51 508423 0 1.55879e+08
730 2.77833 1.02571 -0.08 6.65471e+06 3514.5 6.65119e+06 188.583 6.27156 1.22844 2.45213e+08 3683.85 3683.85 528406 0 6.65122e+08
731 2.77833 1.02571 -0.065 6.61446e+06 3514.5 6.61095e+06 188.333 6.2833 1.2167 2.45333e+08 3683.85 3683.85 528406 0 6.61097e+08
732 2.77833 1.02571 -0.05 6.59186e+06 3514.5 6.58835e+06 188.146 6.29221 1.20779 2.45429e+08 3683.85 3683.85 528406 0 6.58837e+08
733 2.77833 1.02571 -0.035 6.58724e+06 3514.5 6.58372e+06 187.979 6.29799 1.20201 2.455e+08 3683.85 3683.85 528406 0 6.58374e+08
734 2.77833 1.02571 -0.02 6.60076e+06 3514.5 6.59725e+06 187.875 6.30089 1.19911 2.45546e+08 3683.85 3683.85 528406 0 6.59727e+08
735 2.77833 1.03371 -0.08 4.61252e+06 3514.5 4.609e+06 182.375 6.76931 0.730687 2.49209e+08 3712.58 3712.58 524348 0 4.60902e+08
736 2.77833 1.03371 -0.065 4.56093e+06 3514.5 4.55742e+06 182.146 6.78177 0.718231 2.49336e+08 3712.58 3712.58 524348 0 4.55743e+08
737 2.77833 1.03371 -0.05 4.53123e+06 3514.5 4.52771e+06 181.958 6.79121 0.708788 2.49437e+08 3712.58 3712.58 524348 0 4.52773e+08
738 2.77833 1.03371 -0.035 4.52402e+06 3514.5 4.5205e+06 181.812 6.79761 0.702386 2.49512e+08 3712.58 3712.58 524348 0 4.52052e+08
739 2.77833 1.03371 -0.02 4.53961e+06 3514.5 4.5361e+06 181.708 6.80095 0.699049 2.49561e+08 3712.58 3712.58 524348 0 4.53611e+08
740 2.77833 1.04171 -0.08 2.69379e+06 3514.5 2.69028e+06 177.229 7.24481 0.255186 2.53177e+08 3741.31 3741.31 520320 0 2.69028e+08
741 2.77833 1.04171 -0.065 2.6154e+06 3514.5 2.61189e+06 177.021 7.25778 0.24222 2.53309e+08 3741.31 3741.31 520320 0 2.6119e+08
742 2.77833 1.04171 -0.05 2.56775e+06 3514.5 2.56424e+06 176.854 7.26769 0.232309 2.53414e+08 3741.31 3741.31 520320 0 2.56424e+08
743 2.77833 1.04171 -0.035 2.5529e+06 3514.5 2.54939e+06 176.729 7.27451 0.225486 2.53493e+08 3741.31 3741.31 520320 0 2.54939e+08
744 2.77833 1.04171 -0.02 2.57177e+06 3514.5 2.56826e+06 176.625 7.27819 0.221814 2.53546e+08 3741.31 3741.31 520320 0 2.56826e+08
745 2.77833 1.04971 -0.08 1.08529e+06 3514.5 1.08177e+06 172.833 7.69774 0.197741 2.57104e+08 3770.04 3770.04 516324 0 1.08178e+08
746 2.77833 1.04971 -0.065 897489 3514.5 893975 172.646 7.712 0.212002 2.57216e+08 3770.04 3770.04 516324 0 8.93979e+07
747 2.77833 1.04971 -0.05 754996 3514.5 751481 172.5 7.72331 0.223313 2.57294e+08 3770.04 3770.04 516324 0 7.51486e+07
748 2.77833 1.04971 -0.035 687910 3514.5 684396 172.375 7.73109 0.231092 2.57359e+08 3770.04 3770.04 516324 0 6.844e+07
749 2.77833 1.04971 -0.02 719090 3514.5 715575 172.271 7.73471 0.234709 2.57435e+08 3770.04 3770.04 516324 0 7.1558e+07
750 2.77833 1.05771 -0.08 1.37445e+06 3514.5 1.37094e+06 169.021 8.12232 0.622324 2.61201e+08 3798.78 3798.78 512359 0 1.37095e+08
751 2.77833 1.05771 -0.065 1.24245e+06 3514.5 1.23893e+06 168.833 8.13611 0.63611 2.61365e+08 3798.78 3798.78 512359 0 1.23895e+08
752 2.77833 1.05771 -0.05 1.14267e+06 3514.5 1.13915e+06 168.688 8.14681 0.646812 2.61501e+08 3798.78 3798.78 512359 0 1.13917e+08
753 2.77833 1.05771 -0.035 1.08495e+06 3514.5 1.08144e+06 168.583 8.15432 0.654316 2.61603e+08 3798.78 3798.78 512359 0 1.08145e+08
754 2.77833 1.05771 -0.02 1.07712e+06 3514.5 1.07361e+06 168.479 8.15855 0.658547 2.61665e+08 3798.78 3798.78 512359 0 1.07362e+08
755 2.77833 1.06571 -0.08 2.88436e+06 3514.5 2.88084e+06 165.625 8.52346 1.02346 2.65139e+08 3827.51 3827.51 508423 0 2.88086e+08
756 2.77833 1.06571 -0.065 2.82553e+06 3514.5 2.82201e+06 165.458 8.537 1.037 2.65295e+08 3827.51 3827.51 508423 0 2.82203e+08
757 2.77833 1.06571 -0.05 2.78013e+06 3514.5 2.77661e+06 165.312 8.54751 1.04751 2.65419e+08 3827.51 3827.51 508423 0 2.77663e+08
758 2.77833 1.06571 -0.035 2.74919e+06 3514.5 2.74567e+06 165.208 8.55494 1.05494 2.65511e+08 3827.51 3827.51 508423 0 2.74569e+08
759 2.77833 1.06571 -0.02 2.73365e+06 3514.5 2.73014e+06 165.125 8.55931 1.05931 2.65571e+08 3827.51 3827.51 508423 0 2.73016e+08
760 2.78389 1.02571 -0.08 5.53737e+06 3514.5 5.53386e+06 187.396 6.38754 1.11246 2.4521e+08 3683.85 3683.85 528406 0 5.53388e+08
761 2.78389 1.02571 -0.065 5.49906e+06 3514.5 5.49555e+06 187.167 6.3997 1.1003 2.4533e+08 3683.85 3683.85 528406 0 5.49557e+08
762 2.78389 1.02571 -0.05 5.47983e+06 3514.5 5.47632e+06 186.958 6.40875 1.09125 2.45426e+08 3683.85 3683.85 528406 0 5.47634e+08
763 2.78389 1.02571 -0.035 5.48003e+06 3514.5 5.47651e+06 186.812 6.41487 1.08513 2.45497e+08 3683.85 3683.85 528406 0 5.47653e+08
764 2.78389 1.02571 -0.02 5.49979e+06 3514.5 5.49627e+06 186.708 6.41793 1.08207 2.45543e+08 3683.85 3683.85 528406 0 5.49629e+08
765 2.78389 1.03371 -0.08 3.46808e+06 3514.5 3.46457e+06 181.417 6.89082 0.609184 2.49203e+08 3712.58 3712.58 524348 0 3.46458e+08
766 2.78389 1.03371 -0.065 3.41769e+06 3514.5 3.41418e+06 181.208 6.90357 0.596426 2.49329e+08 3712.58 3712.58 524348 0 3.41419e+08
767 2.78389 1.03371 -0.05 3.39264e+06 3514.5 3.38913e+06 181.021 6.91322 0.58678 2.4943e+08 3712.58 3712.58 524348 0 3.38914e+08
768 2.78389 1.03371 -0.035 3.39371e+06 3514.5 3.3902e+06 180.875 6.91979 0.580212 2.49505e+08 3712.58 3712.58 524348 0 3.39021e+08
769 2.78389 1.03371 -0.02 3.4211e+06 3514.5 3.41758e+06 180.771 6.92326 0.576743 2.49555e+08 3712.58 3712.58 524348 0 3.41759e+08
770 2.78389 1.04171 -0.08 1.55103e+06 3514.5 1.54752e+06 176.438 7.37028 0.129718 2.53149e+08 3741.31 3741.31 520320 0 1.54752e+08
771 2.78389 1.04171 -0.065 1.45762e+06 3514.5 1.45411e+06 176.229 7.38359 0.11641 2.53277e+08 3741.31 3741.31 520320 0 1.45411e+08
772 2.78389 1.04171 -0.05 1.4088e+06 3514.5 1.40529e+06 176.062 7.39374 0.106259 2.53381e+08 3741.31 3741.31 520320 0 1.40529e+08
773 2.78389 1.04171 -0.035 1.40968e+06 3514.5 1.40617e+06 175.938 7.40067 0.0993305 2.53463e+08 3741.31 3741.31 520320 0 1.40617e+08
774 2.78389 1.04171 -0.02 1.46078e+06 3514.5 1.45727e+06 175.854 7.40435 0.0956469 2.53521e+08 3741.31 3741.31 520320 0 1.45727e+08
775 2.78389 1.04971 -0.08 776278 3514.5 772764 172.167 7.82509 0.325086 2.57242e+08 3770.04 3770.04 516324 0 7.7277e+07
776 2.78389 1.04971 -0.065 608827 3514.5 605312 171.979 7.84033 0.340334 2.5744e+08 3770.04 3770.04 516324 0 6.05319e+07
777 2.78389 1.04971 -0.05 496861 3514.5 493346 171.833 7.8526 0.352599 2.57639e+08 3770.04 3770.04 516324 0 4.93353e+07
778 2.78389 1.04971 -0.035 482299 3514.5 478785 171.708 7.86009 0.360093 2.5776e+08 3770.04 3770.04 516324 0 4.78792e+07
779 2.78389 1.04971 -0.02 574277 3514.5 570762 171.604 7.86235 0.36235 2.57758e+08 3770.04 3770.04 516324 0 5.70769e+07
780 2.78389 1.05771 -0.08 2.32589e+06 3514.5 2.32238e+06 168.417 8.24692 0.746916 2.61191e+08 3798.78 3798.78 512359 0 2.32239e+08
781 2.78389 1.05771 -0.065 2.28205e+06 3514.5 2.27854e+06 168.25 8.26043 0.760425 2.61341e+08 3798.78 3798.78 512359 0 2.27855e+08
782 2.78389 1.05771 -0.05 2.25484e+06 3514.5 2.25133e+06 168.104 8.27088 0.770877 2.61461e+08 3798.78 3798.78 512359 0 2.25134e+08
783 2.78389 1.05771 -0.035 2.24523e+06 3514.5 2.24171e+06 168 8.27822 0.778222 2.61549e+08 3798.78 3798.78 512359 0 2.24173e+08
784 2.78389 1.05771 -0.02 2.25388e+06 3514.5 2.25037e+06 167.917 8.28247 0.782467 2.61605e+08 3798.78 3798.78 512359 0 2.25038e+08
785 2.78389 1.06571 -0.08 3.96701e+06 3514.5 3.96349e+06 165.104 8.6495 1.1495 2.6513e+08 3827.51 3827.51 508423 0 3.96352e+08
786 2.78389 1.06571 -0.065 3.94292e+06 3514.5 3.93941e+06 164.938 8.66309 1.16309 2.65284e+08 3827.51 3827.51 508423 0 3.93943e+08
787 2.78389 1.06571 -0.05 3.92537e+06 3514.5 3.92186e+06 164.792 8.67366 1.17366 2.65407e+08 3827.51 3827.51 508423 0 3.92188e+08
788 2.78389 1.06571 -0.035 3.91468e+06 3514.5 3.91116e+06 164.688 8.68114 1.18114 2.65498e+08 3827.51 3827.51 508423 0 3.91119e+08
789 2.78389 1.06571 -0.02 3.91118e+06 3514.5 3.90766e+06 164.604 8.68555 1.18555 2.65557e+08 3827.51 3827.51 508423 0 3.90769e+08
790 2.78944 1.02571 -0.08 4.41421e+06 3514.5 4.4107e+06 186.271 6.5061 0.9939 2.45206e+08 3683.85 3683.85 528406 0 4.41072e+08
791 2.78944 1.02571 -0.065 4.3796e+06 3514.5 4.37609e+06 186.042 6.51853 0.981472 2.45326e+08 3683.85 3683.85 528406 0 4.3761e+08
792 2.78944 1.02571 -0.05 4.36613e+06 3514.5 4.36262e+06 185.854 6.52791 0.972085 2.45422e+08 3683.85 3683.85 528406 0 4.36264e+08
793 2.78944 1.02571 -0.035 4.37413e+06 3514.5 4.37062e+06 185.708 6.53423 0.965771 2.45494e+08 3683.85 3683.85 528406 0 4.37064e+08
794 2.78944 1.02571 -0.02 4.40362e+06 3514.5 4.40011e+06 185.604 6.53745 0.962552 2.4554e+08 3683.85 3683.85 528406 0 4.40013e+08
795 2.78944 1.03371 -0.08 2.31893e+06 3514.5 2.31541e+06 180.5 7.01432 0.485681 2.49189e+08 3712.58 3712.58 524348 0 2.31542e+08
796 2.78944 1.03371 -0.065 2.27192e+06 3514.5 2.26841e+06 180.292 7.0273 0.472701 2.49315e+08 3712.58 3712.58 524348 0 2.26841e+08
797 2.78944 1.03371 -0.05 2.25715e+06 3514.5 2.25363e+06 180.125 7.03718 0.462824 2.49417e+08 3712.58 3712.58 524348 0 2.25364e+08
798 2.78944 1.03371 -0.035 2.27548e+06 3514.5 2.27196e+06 180 7.04392 0.456081 2.49493e+08 3712.58 3712.58 524348 0 2.27197e+08
799 2.78944 1.03371 -0.02 2.32639e+06 3514.5 2.32288e+06 179.896 7.04748 0.452523 2.49544e+08 3712.58 3712.58 524348 0 2.32289e+08
800 2.78944 1.04171 -0.08 490953 3514.5 487439 175.667 7.50314 0.00313728 2.53051e+08 3741.31 3741.31 520320 0 4.87439e+07
801 2.78944 1.04171 -0.065 314204 3514.5 310690 175.479 7.52289 0.0228869 2.53029e+08 3741.31 3741.31 520320 0 3.1069e+07
802 2.78944 1.04171 -0.05 262241 3514.5 258726 175.312 7.5366 0.0366041 2.53099e+08 3741.31 3741.31 520320 0 2.58727e+07
803 2.78944 1.04171 -0.035 390004 3514.5 386490 175.188 7.53654 0.036539 2.53412e+08 3741.31 3741.31 520320 0 3.8649e+07
804 2.78944 1.04171 -0.02 591903 3514.5 588388 175.104 7.53549 0.0354857 2.53546e+08 3741.31 3741.31 520320 0 5.88389e+07
805 2.78944 1.04971 -0.08 1.6631e+06 3514.5 1.65958e+06 171.521 7.94743 0.447429 2.57247e+08 3770.04 3770.04 516324 0 1.65959e+08
806 2.78944 1.04971 -0.065 1.63607e+06 3514.5 1.63256e+06 171.333 7.96092 0.460921 2.57392e+08 3770.04 3770.04 516324 0 1.63257e+08
807 2.78944 1.04971 -0.05 1.63297e+06 3514.5 1.62946e+06 171.188 7.97128 0.471281 2.57507e+08 3770.04 3770.04 516324 0 1.62947e+08
808 2.78944 1.04971 -0.035 1.65431e+06 3514.5 1.65079e+06 171.062 7.97851 0.478507 2.5759e+08 3770.04 3770.04 516324 0 1.6508e+08
809 2.78944 1.04971 -0.02 1.69963e+06 3514.5 1.69612e+06 170.979 7.98256 0.482562 2.57641e+08 3770.04 3770.04 516324 0 1.69613e+08
810 2.78944 1.05771 -0.08 3.42107e+06 3514.5 3.41756e+06 167.854 8.37291 0.872908 2.61179e+08 3798.78 3798.78 512359 0 3.41758e+08
811 2.78944 1.05771 -0.065 3.41281e+06 3514.5 3.40929e+06 167.688 8.38647 0.886466 2.61326e+08 3798.78 3798.78 512359 0 3.40931e+08
812 2.78944 1.05771 -0.05 3.41174e+06 3514.5 3.40823e+06 167.542 8.39698 0.896978 2.61443e+08 3798.78 3798.78 512359 0 3.40825e+08
813 2.78944 1.05771 -0.035 3.4181e+06 3514.5 3.41459e+06 167.438 8.40438 0.90438 2.6153e+08 3798.78 3798.78 512359 0 3.41461e+08
814 2.78944 1.05771 -0.02 3.43211e+06 3514.5 3.42859e+06 167.354 8.4087 0.908698 2.61586e+08 3798.78 3798.78 512359 0 3.42861e+08
815 2.78944 1.06571 -0.08 5.09405e+06 3514.5 5.09054e+06 164.583 8.7762 1.2762 2.65124e+08 3827.51 3827.51 508423 0 5.09056e+08
816 2.78944 1.06571 -0.065 5.08977e+06 3514.5 5.08626e+06 164.417 8.78986 1.28986 2.65277e+08 3827.51 3827.51 508423 0 5.08629e+08
817 2.78944 1.06571 -0.05 5.08776e+06 3514.5 5.08425e+06 164.292 8.80044 1.30044 2.654e+08 3827.51 3827.51 508423 0 5.08427e+08
818 2.78944 1.06571 -0.035 5.0882e+06 3514.5 5.08468e+06 164.188 8.80798 1.30798 2.6549e+08 3827.51 3827.51 508423 0 5.08471e+08
819 2.78944 1.06571 -0.02 5.09127e+06 3514.5 5.08776e+06 164.104 8.81246 1.31246 2.65549e+08 3827.51 3827.51 508423 0 5.08778e+08
820 2.795 1.02571 -0.08 3.28763e+06 3514.5 3.28412e+06 185.229 6.6271 0.872899 2.45199e+08 3683.85 3683.85 528406 0 3.28414e+08
821 2.795 1.02571 -0.065 3.26024e+06 3514.5 3.25672e+06 185 6.63978 0.860218 2.4532e+08 3683.85 3683.85 528406 0 3.25674e+08
822 2.795 1.02571 -0.05 3.2573e+06 3514.5 3.25379e+06 184.812 6.64938 0.850619 2.45416e+08 3683.85 3683.85 528406 0 3.25381e+08
823 2.795 1.02571 -0.035 3.279e+06 3514.5 3.27549e+06 184.667 6.65587 0.844131 2.45488e+08 3683.85 3683.85 528406 0 3.2755e+08
824 2.795 1.02571 -0.02 3.325e+06 3514.5 3.32148e+06 184.562 6.65922 0.840776 2.45535e+08 3683.85 3683.85 528406 0 3.3215e+08
825 2.795 1.03371 -0.08 1.16565e+06 3514.5 1.16214e+06 179.646 7.14092 0.359077 2.49147e+08 3712.58 3712.58 524348 0 1.16215e+08
826 2.795 1.03371 -0.065 1.13074e+06 3514.5 1.12722e+06 179.438 7.15419 0.345814 2.49274e+08 3712.58 3712.58 524348 0 1.12723e+08
827 2.795 1.03371 -0.05 1.14847e+06 3514.5 1.14495e+06 179.271 7.16412 0.335883 2.49383e+08 3712.58 3712.58 524348 0 1.14496e+08
828 2.795 1.03371 -0.035 1.21685e+06 3514.5 1.21333e+06 179.146 7.17072 0.32928 2.4947e+08 3712.58 3712.58 524348 0 1.21334e+08
829 2.795 1.03371 -0.02 1.32852e+06 3514.5 1.325e+06 179.042 7.17405 0.32595 2.49531e+08 3712.58 3712.58 524348 0 1.32501e+08
830 2.795 1.04171 -0.08 884463 3514.5 880948 174.958 7.62377 0.123771 2.53326e+08 3741.31 3741.31 520320 0 8.80951e+07
831 2.795 1.04171 -0.065 884001 3514.5 880487 174.771 7.63714 0.13714 2.53471e+08 3741.31 3741.31 520320 0 8.80489e+07
832 2.795 1.04171 -0.05 929461 3514.5 925947 174.604 7.64711 0.147109 2.53574e+08 3741.31 3741.31 520320 0 9.2595e+07
833 2.795 1.04171 -0.035 1.01513e+06 3514.5 1.01161e+06 174.479 7.65376 0.153756 2.5364e+08 3741.31 3741.31 520320 0 1.01161e+08
834 2.795 1.04171 -0.02 1.13243e+06 3514.5 1.12892e+06 174.396 7.6572 0.157195 2.53674e+08 3741.31 3741.31 520320 0 1.12892e+08
835 2.795 1.04971 -0.08 2.7719e+06 3514.5 2.76838e+06 170.896 8.07293 0.572928 2.57225e+08 3770.04 3770.04 516324 0 2.76839e+08
836 2.795 1.04971 -0.065 2.78199e+06 3514.5 2.77847e+06 170.708 8.08647 0.586475 2.57366e+08 3770.04 3770.04 516324 0 2.77849e+08
837 2.795 1.04971 -0.05 2.8009e+06 3514.5 2.79739e+06 170.562 8.09691 0.596914 2.57477e+08 3770.04 3770.04 516324 0 2.7974e+08
838 2.795 1.04971 -0.035 2.82865e+06 3514.5 2.82513e+06 170.458 8.10422 0.604219 2.5756e+08 3770.04 3770.04 516324 0 2.82514e+08
839 2.795 1.04971 -0.02 2.8652e+06 3514.5 2.86169e+06 170.354 8.10845 0.608455 2.57613e+08 3770.04 3770.04 516324 0 2.8617e+08
840 2.795 1.05771 -0.08 4.55862e+06 3514.5 4.5551e+06 167.292 8.49979 0.999785 2.61171e+08 3798.78 3798.78 512359 0 4.55512e+08
841 2.795 1.05771 -0.065 4.56856e+06 3514.5 4.56504e+06 167.125 8.51342 1.01342 2.61318e+08 3798.78 3798.78 512359 0 4.56506e+08
842 2.795 1.05771 -0.05 4.58062e+06 3514.5 4.5771e+06 167 8.52396 1.02396 2.61434e+08 3798.78 3798.78 512359 0 4.57712e+08
843 2.795 1.05771 -0.035 4.59494e+06 3514.5 4.59142e+06 166.896 8.53143 1.03143 2.61521e+08 3798.78 3798.78 512359 0 4.59144e+08
844 2.795 1.05771 -0.02 4.61166e+06 3514.5 4.60814e+06 166.812 8.53581 1.03581 2.61577e+08 3798.78 3798.78 512359 0 4.60817e+08
845 2.795 1.06571 -0.08 6.24202e+06 3514.5 6.23851e+06 164.083 8.9034 1.4034 2.65119e+08 3827.51 3827.51 508423 0 6.23854e+08
846 2.795 1.06571 -0.065 6.25039e+06 3514.5 6.24687e+06 163.938 8.91706 1.41706 2.65273e+08 3827.51 3827.51 508423 0 6.2469e+08
847 2.795 1.06571 -0.05 6.25825e+06 3514.5 6.25474e+06 163.792 8.92776 1.42776 2.65395e+08 3827.51 3827.51 508423 0 6.25477e+08
848 2.795 1.06571 -0.035 6.26573e+06 3514.5 6.26222e+06 163.688 8.93536 1.43536 2.65485e+08 3827.51 3827.51 508423 0 6.26224e+08
849 2.795 1.06571 -0.02 6.27298e+06 3514.5 6.26946e+06 163.625 8.93982 1.43982 2.65544e+08 3827.51 3827.51 508423 0 6.26949e+08
850 2.80056 1.02571 -0.08 2.16342e+06 3514.5 2.15991e+06 184.229 6.75042 0.749576 2.45186e+08 3683.85 3683.85 528406 0 2.15992e+08
851 2.80056 1.02571 -0.065 2.15214e+06 3514.5 2.14863e+06 184.021 6.76337 0.736626 2.45308e+08 3683.85 3683.85 528406 0 2.14864e+08
852 2.80056 1.02571 -0.05 2.17159e+06 3514.5 2.16808e+06 183.833 6.77315 0.726853 2.45405e+08 3683.85 3683.85 528406 0 2.16809e+08
853 2.80056 1.02571 -0.035 2.22108e+06 3514.5 2.21757e+06 183.688 6.77976 0.720244 2.45479e+08 3683.85 3683.85 528406 0 2.21758e+08
854 2.80056 1.02571 -0.02 2.29881e+06 3514.5 2.29529e+06 183.604 6.78322 0.716783 2.45528e+08 3683.85 3683.85 528406 0 2.29531e+08
855 2.80056 1.03371 -0.08 36137.4 3514.5 32622.9 178.833 7.42251 0.07749 2.48853e+08 3712.58 3712.58 524348 0 3.26244e+06
856 2.80056 1.03371 -0.065 245399 3514.5 241885 178.625 7.29831 0.20169 2.49492e+08 3712.58 3712.58 524348 0 2.41889e+07
857 2.80056 1.03371 -0.05 459246 3514.5 455731 178.479 7.29731 0.202688 2.49533e+08 3712.58 3712.58 524348 0 4.55735e+07
858 2.80056 1.03371 -0.035 673686 3514.5 670171 178.354 7.30026 0.199742 2.49582e+08 3712.58 3712.58 524348 0 6.70175e+07
859 2.80056 1.03371 -0.02 888715 3514.5 885201 178.25 7.30201 0.197987 2.49616e+08 3712.58 3712.58 524348 0 8.85205e+07
860 2.80056 1.04171 -0.08 2.01241e+06 3514.5 2.00889e+06 174.25 7.74693 0.246929 2.53268e+08 3741.31 3741.31 520320 0 2.0089e+08
861 2.80056 1.04171 -0.065 2.04778e+06 3514.5 2.04426e+06 174.083 7.76035 0.260351 2.53402e+08 3741.31 3741.31 520320 0 2.04427e+08
862 2.80056 1.04171 -0.05 2.09542e+06 3514.5 2.0919e+06 173.917 7.7707 0.270698 2.53507e+08 3741.31 3741.31 520320 0 2.09191e+08
863 2.80056 1.04171 -0.035 2.15464e+06 3514.5 2.15112e+06 173.812 7.77785 0.277854 2.53585e+08 3741.31 3741.31 520320 0 2.15113e+08
864 2.80056 1.04171 -0.02 2.22475e+06 3514.5 2.22123e+06 173.708 7.78191 0.281905 2.53633e+08 3741.31 3741.31 520320 0 2.22124e+08
865 2.80056 1.04971 -0.08 3.92021e+06 3514.5 3.9167e+06 170.292 8.19978 0.699777 2.57213e+08 3770.04 3770.04 516324 0 3.91671e+08
866 2.80056 1.04971 -0.065 3.94606e+06 3514.5 3.94255e+06 170.104 8.21343 0.713431 2.57354e+08 3770.04 3770.04 516324 0 3.94256e+08
867 2.80056 1.04971 -0.05 3.97423e+06 3514.5 3.97071e+06 169.979 8.22391 0.723911 2.57465e+08 3770.04 3770.04 516324 0 3.97073e+08
868 2.80056 1.04971 -0.035 4.00475e+06 3514.5 4.00124e+06 169.854 8.23135 0.731354 2.57547e+08 3770.04 3770.04 516324 0 4.00125e+08
869 2.80056 1.04971 -0.02 4.03775e+06 3514.5 4.03424e+06 169.771 8.23563 0.735635 2.57601e+08 3770.04 3770.04 516324 0 4.03426e+08
870 2.80056 1.05771 -0.08 5.71402e+06 3514.5 5.7105e+06 166.771 8.62721 1.12721 2.61166e+08 3798.78 3798.78 512359 0 5.71052e+08
871 2.80056 1.05771 -0.065 5.73492e+06 3514.5 5.73141e+06 166.604 8.64092 1.14092 2.61312e+08 3798.78 3798.78 512359 0 5.73143e+08
872 2.80056 1.05771 -0.05 5.75489e+06 3514.5 5.75137e+06 166.458 8.65159 1.15159 2.61429e+08 3798.78 3798.78 512359 0 5.7514e+08
873 2.80056 1.05771 -0.035 5.774e+06 3514.5 5.77049e+06 166.354 8.65912 1.15912 2.61515e+08 3798.78 3798.78 512359 0 5.77051e+08
874 2.80056 1.05771 -0.02 5.79241e+06 3514.5 5.7889e+06 166.271 8.66358 1.16358 2.61571e+08 3798.78 3798.78 512359 0 5.78892e+08
875 2.80056 1.06571 -0.08 7.40157e+06 3514.5 7.39805e+06 163.604 9.03098 1.53098 2.65116e+08 3827.51 3827.51 508423 0 7.39809e+08
876 2.80056 1.06571 -0.065 7.4187e+06 3514.5 7.41518e+06 163.458 9.0447 1.5447 2.6527e+08 3827.51 3827.51 508423 0 7.41521e+08
877 2.80056 1.06571 -0.05 7.43338e+06 3514.5 7.42987e+06 163.312 9.05547 1.55547 2.65391e+08 3827.51 3827.51 508423 0 7.4299e+08
878 2.80056 1.06571 -0.035 7.44574e+06 3514.5 7.44222e+06 163.229 9.06304 1.56304 2.65482e+08 3827.51 3827.51 508423 0 7.44225e+08
879 2.80056 1.06571 -0.02 7.45587e+06 3514.5 7.45236e+06 163.146 9.06763 1.56763 2.65541e+08 3827.51 3827.51 508423 0 7.45239e+08
880 2.80611 1.02571 -0.08 1.06892e+06 3514.5 1.0654e+06 183.292 6.87733 0.622668 2.45153e+08 3683.85 3683.85 528406 0 1.06542e+08
881 2.80611 1.02571 -0.065 1.10881e+06 3514.5 1.1053e+06 183.083 6.89025 0.60975 2.45285e+08 3683.85 3683.85 528406 0 1.10531e+08
882 2.80611 1.02571 -0.05 1.19201e+06 3514.5 1.1885e+06 182.896 6.89985 0.600152 2.45393e+08 3683.85 3683.85 528406 0 1.18851e+08
883 2.80611 1.02571 -0.035 1.31033e+06 3514.5 1.30681e+06 182.771 6.90623 0.593775 2.45476e+08 3683.85 3683.85 528406 0 1.30682e+08
884 2.80611 1.02571 -0.02 1.45538e+06 3514.5 1.45186e+06 182.667 6.90942 0.590583 2.45531e+08 3683.85 3683.85 528406 0 1.45188e+08
885 2.80611 1.03371 -0.08 1.1522e+06 3514.5 1.14869e+06 178.062 7.39245 0.107549 2.49322e+08 3712.58 3712.58 524348 0 1.14869e+08
886 2.80611 1.03371 -0.065 1.23677e+06 3514.5 1.23326e+06 177.854 7.40555 0.0944516 2.49442e+08 3712.58 3712.58 524348 0 1.23326e+08
887 2.80611 1.03371 -0.05 1.33938e+06 3514.5 1.33587e+06 177.708 7.41547 0.0845308 2.49535e+08 3712.58 3712.58 524348 0 1.33587e+08
888 2.80611 1.03371 -0.035 1.45628e+06 3514.5 1.45276e+06 177.583 7.42226 0.0777398 2.49601e+08 3712.58 3712.58 524348 0 1.45276e+08
889 2.80611 1.03371 -0.02 1.5845e+06 3514.5 1.58099e+06 177.479 7.42592 0.074081 2.49641e+08 3712.58 3712.58 524348 0 1.58099e+08
890 2.80611 1.04171 -0.08 3.17197e+06 3514.5 3.16845e+06 173.583 7.8734 0.373395 2.53249e+08 3741.31 3741.31 520320 0 3.16846e+08
891 2.80611 1.04171 -0.065 3.21743e+06 3514.5 3.21392e+06 173.417 7.88695 0.386946 2.53382e+08 3741.31 3741.31 520320 0 3.21393e+08
892 2.80611 1.04171 -0.05 3.26592e+06 3514.5 3.26241e+06 173.271 7.8974 0.397399 2.53488e+08 3741.31 3741.31 520320 0 3.26241e+08
893 2.80611 1.04171 -0.035 3.31734e+06 3514.5 3.31382e+06 173.146 7.90474 0.404736 2.53566e+08 3741.31 3741.31 520320 0 3.31383e+08
894 2.80611 1.04171 -0.02 3.37167e+06 3514.5 3.36816e+06 173.062 7.90889 0.408887 2.53616e+08 3741.31 3741.31 520320 0 3.36817e+08
895 2.80611 1.04971 -0.08 5.08243e+06 3514.5 5.07891e+06 169.708 8.32743 0.827432 2.57207e+08 3770.04 3770.04 516324 0 5.07893e+08
896 2.80611 1.04971 -0.065 5.11697e+06 3514.5 5.11346e+06 169.542 8.34112 0.841124 2.57347e+08 3770.04 3770.04 516324 0 5.11348e+08
897 2.80611 1.04971 -0.05 5.15029e+06 3514.5 5.14677e+06 169.396 8.35175 0.851746 2.57458e+08 3770.04 3770.04 516324 0 5.14679e+08
898 2.80611 1.04971 -0.035 5.18246e+06 3514.5 5.17894e+06 169.292 8.35921 0.859208 2.5754e+08 3770.04 3770.04 516324 0 5.17896e+08
899 2.80611 1.04971 -0.02 5.2136e+06 3514.5 5.21008e+06 169.208 8.36356 0.863562 2.57594e+08 3770.04 3770.04 516324 0 5.2101e+08
900 2.80611 1.05771 -0.08 6.87882e+06 3514.5 6.87531e+06 166.25 8.75517 1.25517 2.61162e+08 3798.78 3798.78 512359 0 6.87533e+08
901 2.80611 1.05771 -0.065 6.90707e+06 3514.5 6.90355e+06 166.083 8.76896 1.26896 2.61308e+08 3798.78 3798.78 512359 0 6.90358e+08
902 2.80611 1.05771 -0.05 6.93232e+06 3514.5 6.92881e+06 165.958 8.77962 1.27962 2.61425e+08 3798.78 3798.78 512359 0 6.92883e+08
903 2.80611 1.05771 -0.035 6.95468e+06 3514.5 6.95116e+06 165.854 8.78722 1.28722 2.61511e+08 3798.78 3798.78 512359 0 6.95119e+08
904 2.80611 1.05771 -0.02 6.97425e+06 3514.5 6.97074e+06 165.771 8.79173 1.29173 2.61567e+08 3798.78 3798.78 512359 0 6.97077e+08
905 2.80611 1.06571 -0.08 8.5683e+06 3514.5 8.56478e+06 163.125 9.15899 1.65899 2.65114e+08 3827.51 3827.51 508423 0 8.56481e+08
906 2.80611 1.06571 -0.065 8.59184e+06 3514.5 8.58833e+06 162.979 9.17276 1.67276 2.65267e+08 3827.51 3827.51 508423 0 8.58836e+08
907 2.80611 1.06571 -0.05 8.61153e+06 3514.5 8.60802e+06 162.854 9.18351 1.68351 2.65389e+08 3827.51 3827.51 508423 0 8.60805e+08
908 2.80611 1.06571 -0.035 8.62747e+06 3514.5 8.62395e+06 162.75 9.19121 1.69121 2.65479e+08 3827.51 3827.51 508423 0 8.62399e+08
909 2.80611 1.06571 -0.02 8.63975e+06 3514.5 8.63623e+06 162.688 9.19576 1.69576 2.65538e+08 3827.51 3827.51 508423 0 8.63626e+08
910 2.81167 1.02571 -0.08 480170 3514.5 476656 182.396 7.00967 0.490329 2.45326e+08 3683.85 3683.85 528406 0 4.76666e+07
911 2.81167 1.02571 -0.065 676189 3514.5 672674 182.188 7.01929 0.480709 2.45416e+08 3683.85 3683.85 528406 0 6.72684e+07
912 2.81167 1.02571 -0.05 871515 3514.5 868000 182.021 7.02743 0.472573 2.45494e+08 3683.85 3683.85 528406 0 8.6801e+07
913 2.81167 1.02571 -0.035 1.0664e+06 3514.5 1.06289e+06 181.896 7.03313 0.46687 2.45553e+08 3683.85 3683.85 528406 0 1.0629e+08
914 2.81167 1.02571 -0.02 1.26112e+06 3514.5 1.25761e+06 181.792 7.03604 0.463958 2.45591e+08 3683.85 3683.85 528406 0 1.25762e+08
915 2.81167 1.03371 -0.08 2.31601e+06 3514.5 2.31249e+06 177.312 7.51719 0.0171854 2.49276e+08 3712.58 3712.58 524348 0 2.31249e+08
916 2.81167 1.03371 -0.065 2.38997e+06 3514.5 2.38645e+06 177.125 7.53067 0.030669 2.49401e+08 3712.58 3712.58 524348 0 2.38645e+08
917 2.81167 1.03371 -0.05 2.46827e+06 3514.5 2.46476e+06 176.958 7.54103 0.0410314 2.49501e+08 3712.58 3712.58 524348 0 2.46476e+08
918 2.81167 1.03371 -0.035 2.55049e+06 3514.5 2.54697e+06 176.854 7.54816 0.0481645 2.49574e+08 3712.58 3712.58 524348 0 2.54698e+08
919 2.81167 1.03371 -0.02 2.63634e+06 3514.5 2.63283e+06 176.75 7.55218 0.0521817 2.4962e+08 3712.58 3712.58 524348 0 2.63283e+08
920 2.81167 1.04171 -0.08 4.33956e+06 3514.5 4.33605e+06 172.958 8.00103 0.501027 2.53239e+08 3741.31 3741.31 520320 0 4.33606e+08
921 2.81167 1.04171 -0.065 4.38993e+06 3514.5 4.38641e+06 172.771 8.01475 0.514749 2.53373e+08 3741.31 3741.31 520320 0 4.38642e+08
922 2.81167 1.04171 -0.05 4.43899e+06 3514.5 4.43548e+06 172.625 8.02531 0.525312 2.53479e+08 3741.31 3741.31 520320 0 4.43549e+08
923 2.81167 1.04171 -0.035 4.4868e+06 3514.5 4.48329e+06 172.521 8.03269 0.532689 2.53557e+08 3741.31 3741.31 520320 0 4.4833e+08
924 2.81167 1.04171 -0.02 4.53349e+06 3514.5 4.52997e+06 172.438 8.03693 0.536932 2.53608e+08 3741.31 3741.31 520320 0 4.52998e+08
925 2.81167 1.04971 -0.08 6.25157e+06 3514.5 6.24806e+06 169.146 8.45569 0.955693 2.57202e+08 3770.04 3770.04 516324 0 6.24808e+08
926 2.81167 1.04971 -0.065 6.29167e+06 3514.5 6.28816e+06 168.979 8.46947 0.96947 2.57342e+08 3770.04 3770.04 516324 0 6.28818e+08
927 2.81167 1.04971 -0.05 6.32832e+06 3514.5 6.3248e+06 168.833 8.48018 0.980176 2.57453e+08 3770.04 3770.04 516324 0 6.32482e+08
928 2.81167 1.04971 -0.035 6.36159e+06 3514.5 6.35808e+06 168.729 8.48771 0.987708 2.57536e+08 3770.04 3770.04 516324 0 6.3581e+08
929 2.81167 1.04971 -0.02 6.39163e+06 3514.5 6.38811e+06 168.646 8.49213 0.992132 2.57589e+08 3770.04 3770.04 516324 0 6.38813e+08
930 2.81167 1.05771 -0.08 8.04937e+06 3514.5 8.04585e+06 165.729 8.88363 1.38363 2.61159e+08 3798.78 3798.78 512359 0 8.04588e+08
931 2.81167 1.05771 -0.065 8.08287e+06 3514.5 8.07936e+06 165.583 8.8974 1.3974 2.61306e+08 3798.78 3798.78 512359 0 8.07939e+08
932 2.81167 1.05771 -0.05 8.11194e+06 3514.5 8.10842e+06 165.458 8.90812 1.40812 2.61422e+08 3798.78 3798.78 512359 0 8.10845e+08
933 2.81167 1.05771 -0.035 8.13664e+06 3514.5 8.13313e+06 165.354 8.91577 1.41577 2.61509e+08 3798.78 3798.78 512359 0 8.13315e+08
934 2.81167 1.05771 -0.02 8.15709e+06 3514.5 8.15358e+06 165.271 8.92034 1.42034 2.61565e+08 3798.78 3798.78 512359 0 8.15361e+08
935 2.81167 1.06571 -0.08 9.73984e+06 3514.5 9.73632e+06 162.667 9.2873 1.7873 2.65112e+08 3827.51 3827.51 508423 0 9.73636e+08
936 2.81167 1.06571 -0.065 9.7683e+06 3514.5 9.76479e+06 162.521 9.30112 1.80112 2.65265e+08 3827.51 3827.51 508423 0 9.76482e+08
937 2.81167 1.06571 -0.05 9.79183e+06 3514.5 9.78832e+06 162.396 9.31192 1.81192 2.65387e+08 3827.51 3827.51 508423 0 9.78835e+08
938 2.81167 1.06571 -0.035 9.81052e+06 3514.5 9.807e+06 162.292 9.31967 1.81967 2.65477e+08 3827.51 3827.51 508423 0 9.80704e+08
939 2.81167 1.06571 -0.02 9.82444e+06 3514.5 9.82093e+06 162.229 9.32426 1.82426 2.65536e+08 3827.51 3827.51 508423 0 9.82097e+08
