0 2.798 1.024 -0.125 3.3566e+06 3514.5 3.35308e+06 186.917 6.52308 0.976917 2.43839e+08 3677.69 3677.69 529280 0 6.70618e+08
1 2.798 1.024 -0.115833 3.29905e+06 3514.5 3.29553e+06 186.698 6.53673 0.963266 2.43958e+08 3677.69 3677.69 529280 0 6.59107e+08
2 2.798 1.024 -0.106667 3.24937e+06 3514.5 3.24586e+06 186.49 6.54927 0.950734 2.44068e+08 3677.69 3677.69 529280 0 6.49172e+08
3 2.798 1.024 -0.0975 3.20792e+06 3514.5 3.20441e+06 186.312 6.56073 0.939268 2.44169e+08 3677.69 3677.69 529280 0 6.40882e+08
4 2.798 1.024 -0.0883333 3.175e+06 3514.5 3.17149e+06 186.135 6.57103 0.928973 2.44261e+08 3677.69 3677.69 529280 0 6.34299e+08
5 2.798 1.024 -0.0791667 3.15089e+06 3514.5 3.14738e+06 185.979 6.5802 0.919798 2.44345e+08 3677.69 3677.69 529280 0 6.29476e+08
6 2.798 1.024 -0.07 3.13578e+06 3514.5 3.13227e+06 185.844 6.58825 0.911752 2.4442e+08 3677.69 3677.69 529280 0 6.26454e+08
7 2.798 1.02617 -0.125 2.77471e+06 3514.5 2.7712e+06 185.229 6.6663 0.833699 2.44914e+08 3685.47 3685.47 528176 0 5.54241e+08
8 2.798 1.02617 -0.115833 2.71224e+06 3514.5 2.70873e+06 185.021 6.6801 0.819904 2.45034e+08 3685.47 3685.47 528176 0 5.41747e+08
9 2.798 1.02617 -0.106667 2.65842e+06 3514.5 2.65491e+06 184.823 6.69277 0.80723 2.45145e+08 3685.47 3685.47 528176 0 5.30982e+08
10 2.798 1.02617 -0.0975 2.61376e+06 3514.5 2.61024e+06 184.646 6.70433 0.795665 2.45248e+08 3685.47 3685.47 528176 0 5.22049e+08
11 2.798 1.02617 -0.0883333 2.5787e+06 3514.5 2.57519e+06 184.479 6.71475 0.785245 2.45341e+08 3685.47 3685.47 528176 0 5.15039e+08
12 2.798 1.02617 -0.0791667 2.55365e+06 3514.5 2.55014e+06 184.323 6.72402 0.775978 2.45426e+08 3685.47 3685.47 528176 0 5.10029e+08
13 2.798 1.02617 -0.07 2.53889e+06 3514.5 2.53538e+06 184.188 6.73215 0.767851 2.45502e+08 3685.47 3685.47 528176 0 5.07077e+08
14 2.798 1.02833 -0.125 2.2089e+06 3514.5 2.20538e+06 183.635 6.80765 0.692348 2.45984e+08 3693.25 3693.25 527074 0 4.41077e+08
15 2.798 1.02833 -0.115833 2.13919e+06 3514.5 2.13568e+06 183.438 6.82159 0.67841 2.46105e+08 3693.25 3693.25 527074 0 4.27136e+08
16 2.798 1.02833 -0.106667 2.07911e+06 3514.5 2.0756e+06 183.25 6.8344 0.6656 2.46217e+08 3693.25 3693.25 527074 0 4.1512e+08
17 2.798 1.02833 -0.0975 2.02947e+06 3514.5 2.02595e+06 183.073 6.84607 0.653928 2.4632e+08 3693.25 3693.25 527074 0 4.05191e+08
18 2.798 1.02833 -0.0883333 1.99101e+06 3514.5 1.9875e+06 182.906 6.85659 0.643407 2.46415e+08 3693.25 3693.25 527074 0 3.97501e+08
19 2.798 1.02833 -0.0791667 1.96439e+06 3514.5 1.96088e+06 182.76 6.86597 0.63403 2.46501e+08 3693.25 3693.25 527074 0 3.92177e+08
20 2.798 1.02833 -0.07 1.95009e+06 3514.5 1.94657e+06 182.625 6.87417 0.625825 2.46579e+08 3693.25 3693.25 527074 0 3.89316e+08
21 2.798 1.0305 -0.125 1.66778e+06 3514.5 1.66426e+06 182.125 6.94721 0.552791 2.47047e+08 3701.04 3701.04 525975 0 3.32853e+08
22 2.798 1.0305 -0.115833 1.58656e+06 3514.5 1.58305e+06 181.927 6.96131 0.538691 2.47167e+08 3701.04 3701.04 525975 0 3.1661e+08
23 2.798 1.0305 -0.106667 1.51607e+06 3514.5 1.51256e+06 181.74 6.97428 0.525719 2.47279e+08 3701.04 3701.04 525975 0 3.02512e+08
24 2.798 1.0305 -0.0975 1.45779e+06 3514.5 1.45427e+06 181.573 6.98612 0.513879 2.47383e+08 3701.04 3701.04 525975 0 2.90855e+08
25 2.798 1.0305 -0.0883333 1.41319e+06 3514.5 1.40967e+06 181.417 6.99679 0.503205 2.47478e+08 3701.04 3701.04 525975 0 2.81935e+08
26 2.798 1.0305 -0.0791667 1.38357e+06 3514.5 1.38005e+06 181.271 7.00628 0.493717 2.47565e+08 3701.04 3701.04 525975 0 2.76011e+08
27 2.798 1.0305 -0.07 1.36989e+06 3514.5 1.36637e+06 181.146 7.01458 0.485418 2.47644e+08 3701.04 3701.04 525975 0 2.73275e+08
28 2.798 1.03267 -0.125 1.17394e+06 3514.5 1.17043e+06 180.688 7.08522 0.41478 2.48101e+08 3708.82 3708.82 524877 0 2.34086e+08
29 2.798 1.03267 -0.115833 1.07309e+06 3514.5 1.06958e+06 180.49 7.09967 0.400328 2.48217e+08 3708.82 3708.82 524877 0 2.13916e+08
30 2.798 1.03267 -0.106667 983086 3514.5 979572 180.312 7.11305 0.386955 2.48323e+08 3708.82 3708.82 524877 0 1.95915e+08
31 2.798 1.03267 -0.0975 907054 3514.5 903540 180.146 7.12529 0.374712 2.48421e+08 3708.82 3708.82 524877 0 1.80708e+08
32 2.798 1.03267 -0.0883333 848681 3514.5 845167 179.99 7.13634 0.363663 2.48511e+08 3708.82 3708.82 524877 0 1.69034e+08
33 2.798 1.03267 -0.0791667 811724 3514.5 808209 179.854 7.14612 0.353885 2.48597e+08 3708.82 3708.82 524877 0 1.61642e+08
34 2.798 1.03267 -0.07 799151 3514.5 795636 179.729 7.15454 0.345464 2.4868e+08 3708.82 3708.82 524877 0 1.59128e+08
35 2.798 1.03483 -0.125 800313 3514.5 796799 179.312 7.22188 0.278123 2.49165e+08 3716.6 3716.6 523782 0 1.5936e+08
36 2.798 1.03483 -0.115833 671045 3514.5 667531 179.125 7.23733 0.262674 2.49271e+08 3716.6 3716.6 523782 0 1.33506e+08
37 2.798 1.03483 -0.106667 545592 3514.5 542077 178.948 7.25225 0.247747 2.49355e+08 3716.6 3716.6 523782 0 1.08416e+08
38 2.798 1.03483 -0.0975 427112 3514.5 423598 178.781 7.26702 0.232977 2.49407e+08 3716.6 3716.6 523782 0 8.47198e+07
39 2.798 1.03483 -0.0883333 323121 3514.5 319607 178.635 7.28209 0.217906 2.49413e+08 3716.6 3716.6 523782 0 6.39216e+07
40 2.798 1.03483 -0.0791667 252031 3514.5 248516 178.5 7.29671 0.203291 2.494e+08 3716.6 3716.6 523782 0 4.97035e+07
41 2.798 1.03483 -0.07 244294 3514.5 240779 178.375 7.30578 0.19422 2.49539e+08 3716.6 3716.6 523782 0 4.8156e+07
42 2.798 1.037 -0.125 734378 3514.5 730863 178 7.35464 0.145361 2.50321e+08 3724.38 3724.38 522690 0 1.46173e+08
43 2.798 1.037 -0.115833 619701 3514.5 616186 177.812 7.37017 0.12983 2.50468e+08 3724.38 3724.38 522690 0 1.23237e+08
44 2.798 1.037 -0.106667 512267 3514.5 508753 177.635 7.38508 0.11492 2.50619e+08 3724.38 3724.38 522690 0 1.01751e+08
45 2.798 1.037 -0.0975 417425 3514.5 413911 177.479 7.39947 0.100534 2.50789e+08 3724.38 3724.38 522690 0 8.27822e+07
46 2.798 1.037 -0.0883333 345519 3514.5 342005 177.333 7.41303 0.0869732 2.50988e+08 3724.38 3724.38 522690 0 6.8401e+07
47 2.798 1.037 -0.0791667 312623 3514.5 309108 177.198 7.42432 0.0756818 2.51183e+08 3724.38 3724.38 522690 0 6.18217e+07
48 2.798 1.037 -0.07 330505 3514.5 326991 177.083 7.4317 0.0682977 2.51282e+08 3724.38 3724.38 522690 0 6.53982e+07
49 2.79908 1.024 -0.125 3.13711e+06 3514.5 3.1336e+06 186.708 6.54661 0.953394 2.43838e+08 3677.69 3677.69 529280 0 6.2672e+08
50 2.79908 1.024 -0.115833 3.07953e+06 3514.5 3.07601e+06 186.49 6.5603 0.939697 2.43956e+08 3677.69 3677.69 529280 0 6.15204e+08
51 2.79908 1.024 -0.106667 3.03009e+06 3514.5 3.02658e+06 186.292 6.57291 0.927091 2.44066e+08 3677.69 3677.69 529280 0 6.05316e+08
52 2.79908 1.024 -0.0975 2.98918e+06 3514.5 2.98567e+06 186.104 6.58438 0.915617 2.44167e+08 3677.69 3677.69 529280 0 5.97134e+08
53 2.79908 1.024 -0.0883333 2.95713e+06 3514.5 2.95362e+06 185.938 6.59474 0.905257 2.44259e+08 3677.69 3677.69 529280 0 5.90725e+08
54 2.79908 1.024 -0.0791667 2.93423e+06 3514.5 2.93072e+06 185.781 6.60395 0.89605 2.44343e+08 3677.69 3677.69 529280 0 5.86145e+08
55 2.79908 1.024 -0.07 2.92069e+06 3514.5 2.91718e+06 185.635 6.612 0.888002 2.44418e+08 3677.69 3677.69 529280 0 5.83436e+08
56 2.79908 1.02617 -0.125 2.55419e+06 3514.5 2.55068e+06 185.042 6.69015 0.809851 2.44911e+08 3685.47 3685.47 528176 0 5.10136e+08
57 2.79908 1.02617 -0.115833 2.49135e+06 3514.5 2.48784e+06 184.833 6.70399 0.79601 2.45031e+08 3685.47 3685.47 528176 0 4.97569e+08
58 2.79908 1.02617 -0.106667 2.43754e+06 3514.5 2.43403e+06 184.635 6.71671 0.783294 2.45142e+08 3685.47 3685.47 528176 0 4.86807e+08
59 2.79908 1.02617 -0.0975 2.39334e+06 3514.5 2.38983e+06 184.458 6.72831 0.771691 2.45244e+08 3685.47 3685.47 528176 0 4.77966e+08
60 2.79908 1.02617 -0.0883333 2.35925e+06 3514.5 2.35574e+06 184.292 6.73876 0.761236 2.45338e+08 3685.47 3685.47 528176 0 4.71149e+08
61 2.79908 1.02617 -0.0791667 2.33572e+06 3514.5 2.3322e+06 184.135 6.74806 0.751937 2.45423e+08 3685.47 3685.47 528176 0 4.66441e+08
62 2.79908 1.02617 -0.07 2.32304e+06 3514.5 2.31952e+06 184 6.75622 0.743784 2.45499e+08 3685.47 3685.47 528176 0 4.63905e+08
63 2.79908 1.02833 -0.125 1.98859e+06 3514.5 1.98508e+06 183.458 6.83181 0.668192 2.45979e+08 3693.25 3693.25 527074 0 3.97016e+08
64 2.79908 1.02833 -0.115833 1.91772e+06 3514.5 1.91421e+06 183.25 6.84578 0.654219 2.461e+08 3693.25 3693.25 527074 0 3.82843e+08
65 2.79908 1.02833 -0.106667 1.85703e+06 3514.5 1.85351e+06 183.062 6.85864 0.641355 2.46211e+08 3693.25 3693.25 527074 0 3.70703e+08
66 2.79908 1.02833 -0.0975 1.80748e+06 3514.5 1.80397e+06 182.885 6.87036 0.629636 2.46315e+08 3693.25 3693.25 527074 0 3.60794e+08
67 2.79908 1.02833 -0.0883333 1.76997e+06 3514.5 1.76646e+06 182.729 6.88094 0.619056 2.4641e+08 3693.25 3693.25 527074 0 3.53293e+08
68 2.79908 1.02833 -0.0791667 1.74527e+06 3514.5 1.74175e+06 182.583 6.89035 0.609647 2.46496e+08 3693.25 3693.25 527074 0 3.48351e+08
69 2.79908 1.02833 -0.07 1.73389e+06 3514.5 1.73038e+06 182.448 6.89858 0.601418 2.46574e+08 3693.25 3693.25 527074 0 3.46076e+08
70 2.79908 1.0305 -0.125 1.45141e+06 3514.5 1.4479e+06 181.948 6.97174 0.528255 2.47038e+08 3701.04 3701.04 525975 0 2.8958e+08
71 2.79908 1.0305 -0.115833 1.36712e+06 3514.5 1.3636e+06 181.75 6.98595 0.514054 2.47158e+08 3701.04 3701.04 525975 0 2.72721e+08
72 2.79908 1.0305 -0.106667 1.29423e+06 3514.5 1.29072e+06 181.573 6.99903 0.500969 2.47268e+08 3701.04 3701.04 525975 0 2.58144e+08
73 2.79908 1.0305 -0.0975 1.23471e+06 3514.5 1.23119e+06 181.406 7.01096 0.489038 2.47371e+08 3701.04 3701.04 525975 0 2.46239e+08
74 2.79908 1.0305 -0.0883333 1.19047e+06 3514.5 1.18696e+06 181.25 7.02171 0.47829 2.47465e+08 3701.04 3701.04 525975 0 2.37392e+08
75 2.79908 1.0305 -0.0791667 1.16324e+06 3514.5 1.15973e+06 181.104 7.03125 0.468751 2.47553e+08 3701.04 3701.04 525975 0 2.31946e+08
76 2.79908 1.0305 -0.07 1.1542e+06 3514.5 1.15068e+06 180.969 7.03956 0.460444 2.47633e+08 3701.04 3701.04 525975 0 2.30137e+08
77 2.79908 1.03267 -0.125 975616 3514.5 972101 180.521 7.11039 0.389615 2.48088e+08 3708.82 3708.82 524877 0 1.94421e+08
78 2.79908 1.03267 -0.115833 867361 3514.5 863846 180.323 7.12515 0.37485 2.48199e+08 3708.82 3708.82 524877 0 1.7277e+08
79 2.79908 1.03267 -0.106667 769644 3514.5 766130 180.146 7.13891 0.361088 2.48298e+08 3708.82 3708.82 524877 0 1.53226e+08
80 2.79908 1.03267 -0.0975 686839 3514.5 683325 179.979 7.1516 0.348397 2.48387e+08 3708.82 3708.82 524877 0 1.36665e+08
81 2.79908 1.03267 -0.0883333 624759 3514.5 621245 179.833 7.16309 0.336911 2.4847e+08 3708.82 3708.82 524877 0 1.24249e+08
82 2.79908 1.03267 -0.0791667 589906 3514.5 586392 179.688 7.17312 0.326878 2.48554e+08 3708.82 3708.82 524877 0 1.17279e+08
83 2.79908 1.03267 -0.07 587088 3514.5 583573 179.562 7.18149 0.318508 2.48646e+08 3708.82 3708.82 524877 0 1.16715e+08
84 2.79908 1.03483 -0.125 678894 3514.5 675379 179.156 7.24743 0.252571 2.49179e+08 3716.6 3716.6 523782 0 1.35076e+08
85 2.79908 1.03483 -0.115833 545983 3514.5 542469 178.969 7.26359 0.236409 2.4929e+08 3716.6 3716.6 523782 0 1.08494e+08
86 2.79908 1.03483 -0.106667 413362 3514.5 409847 178.792 7.27997 0.220027 2.49379e+08 3716.6 3716.6 523782 0 8.19697e+07
87 2.79908 1.03483 -0.0975 281090 3514.5 277576 178.625 7.29845 0.201552 2.49428e+08 3716.6 3716.6 523782 0 5.55154e+07
88 2.79908 1.03483 -0.0883333 149509 3514.5 145995 178.479 7.32742 0.17258 2.49334e+08 3716.6 3716.6 523782 0 2.91991e+07
89 2.79908 1.03483 -0.0791667 28201.3 3514.5 24686.8 178.344 7.50298 0.00297585 2.46571e+08 3716.6 3716.6 523782 0 4.93736e+06
90 2.79908 1.03483 -0.07 118170 3514.5 114656 178.219 7.35557 0.144427 2.50042e+08 3716.6 3716.6 523782 0 2.29313e+07
91 2.79908 1.037 -0.125 777227 3514.5 773713 177.844 7.37853 0.121473 2.50361e+08 3724.38 3724.38 522690 0 1.54743e+08
92 2.79908 1.037 -0.115833 690243 3514.5 686729 177.667 7.39356 0.106441 2.50515e+08 3724.38 3724.38 522690 0 1.37346e+08
93 2.79908 1.037 -0.106667 616762 3514.5 613248 177.49 7.40753 0.0924715 2.50668e+08 3724.38 3724.38 522690 0 1.2265e+08
94 2.79908 1.037 -0.0975 561926 3514.5 558411 177.333 7.42028 0.0797164 2.50818e+08 3724.38 3724.38 522690 0 1.11682e+08
95 2.79908 1.037 -0.0883333 531381 3514.5 527867 177.188 7.43158 0.0684223 2.50957e+08 3724.38 3724.38 522690 0 1.05573e+08
96 2.79908 1.037 -0.0791667 529258 3514.5 525744 177.052 7.44118 0.0588181 2.5107e+08 3724.38 3724.38 522690 0 1.05149e+08
97 2.79908 1.037 -0.07 555829 3514.5 552314 176.938 7.44907 0.0509309 2.51151e+08 3724.38 3724.38 522690 0 1.10463e+08
98 2.80015 1.024 -0.125 2.91738e+06 3514.5 2.91387e+06 186.5 6.57022 0.929781 2.43835e+08 3677.69 3677.69 529280 0 5.82774e+08
99 2.80015 1.024 -0.115833 2.8598e+06 3514.5 2.85628e+06 186.292 6.58399 0.916009 2.43954e+08 3677.69 3677.69 529280 0 5.71258e+08
100 2.80015 1.024 -0.106667 2.81067e+06 3514.5 2.80715e+06 186.083 6.59661 0.903389 2.44063e+08 3677.69 3677.69 529280 0 5.61432e+08
101 2.80015 1.024 -0.0975 2.77041e+06 3514.5 2.7669e+06 185.906 6.60815 0.891849 2.44165e+08 3677.69 3677.69 529280 0 5.5338e+08
102 2.80015 1.024 -0.0883333 2.7394e+06 3514.5 2.73589e+06 185.74 6.61855 0.881454 2.44257e+08 3677.69 3677.69 529280 0 5.47178e+08
103 2.80015 1.024 -0.0791667 2.71794e+06 3514.5 2.71442e+06 185.583 6.62779 0.872215 2.44341e+08 3677.69 3677.69 529280 0 5.42885e+08
104 2.80015 1.024 -0.07 2.70624e+06 3514.5 2.70272e+06 185.438 6.63586 0.864138 2.44416e+08 3677.69 3677.69 529280 0 5.40546e+08
105 2.80015 1.02617 -0.125 2.33349e+06 3514.5 2.32998e+06 184.844 6.71407 0.785932 2.44908e+08 3685.47 3685.47 528176 0 4.65996e+08
106 2.80015 1.02617 -0.115833 2.27025e+06 3514.5 2.26674e+06 184.635 6.72796 0.772042 2.45027e+08 3685.47 3685.47 528176 0 4.53348e+08
107 2.80015 1.02617 -0.106667 2.21649e+06 3514.5 2.21298e+06 184.448 6.74074 0.759258 2.45138e+08 3685.47 3685.47 528176 0 4.42596e+08
108 2.80015 1.02617 -0.0975 2.17288e+06 3514.5 2.16936e+06 184.26 6.75237 0.747635 2.45241e+08 3685.47 3685.47 528176 0 4.33873e+08
109 2.80015 1.02617 -0.0883333 2.13999e+06 3514.5 2.13647e+06 184.104 6.76288 0.737123 2.45334e+08 3685.47 3685.47 528176 0 4.27296e+08
110 2.80015 1.02617 -0.0791667 2.11831e+06 3514.5 2.11479e+06 183.948 6.77221 0.727793 2.4542e+08 3685.47 3685.47 528176 0 4.2296e+08
111 2.80015 1.02617 -0.07 2.10817e+06 3514.5 2.10466e+06 183.812 6.78039 0.719614 2.45496e+08 3685.47 3685.47 528176 0 4.20932e+08
112 2.80015 1.02833 -0.125 1.76848e+06 3514.5 1.76496e+06 183.271 6.85607 0.643926 2.45973e+08 3693.25 3693.25 527074 0 3.52993e+08
113 2.80015 1.02833 -0.115833 1.6962e+06 3514.5 1.69268e+06 183.073 6.87013 0.629868 2.46093e+08 3693.25 3693.25 527074 0 3.38537e+08
114 2.80015 1.02833 -0.106667 1.63477e+06 3514.5 1.63125e+06 182.885 6.88306 0.616943 2.46204e+08 3693.25 3693.25 527074 0 3.26251e+08
115 2.80015 1.02833 -0.0975 1.58538e+06 3514.5 1.58186e+06 182.708 6.89483 0.605169 2.46308e+08 3693.25 3693.25 527074 0 3.16373e+08
116 2.80015 1.02833 -0.0883333 1.54913e+06 3514.5 1.54562e+06 182.552 6.90545 0.594545 2.46402e+08 3693.25 3693.25 527074 0 3.09124e+08
117 2.80015 1.02833 -0.0791667 1.52693e+06 3514.5 1.52341e+06 182.406 6.9149 0.585103 2.46489e+08 3693.25 3693.25 527074 0 3.04683e+08
118 2.80015 1.02833 -0.07 1.51936e+06 3514.5 1.51585e+06 182.271 6.92315 0.576853 2.46567e+08 3693.25 3693.25 527074 0 3.0317e+08
119 2.80015 1.0305 -0.125 1.23715e+06 3514.5 1.23364e+06 181.781 6.99652 0.503476 2.47028e+08 3701.04 3701.04 525975 0 2.46728e+08
120 2.80015 1.0305 -0.115833 1.14883e+06 3514.5 1.14531e+06 181.583 7.01087 0.489128 2.47145e+08 3701.04 3701.04 525975 0 2.29063e+08
121 2.80015 1.0305 -0.106667 1.07272e+06 3514.5 1.06921e+06 181.396 7.0241 0.475903 2.47253e+08 3701.04 3701.04 525975 0 2.13842e+08
122 2.80015 1.0305 -0.0975 1.01148e+06 3514.5 1.00796e+06 181.229 7.03617 0.463831 2.47353e+08 3701.04 3701.04 525975 0 2.01593e+08
123 2.80015 1.0305 -0.0883333 967838 3514.5 964324 181.073 7.04703 0.452972 2.47447e+08 3701.04 3701.04 525975 0 1.92865e+08
124 2.80015 1.0305 -0.0791667 944176 3514.5 940661 180.938 7.05663 0.443365 2.47536e+08 3701.04 3701.04 525975 0 1.88133e+08
125 2.80015 1.0305 -0.07 941969 3514.5 938455 180.802 7.06494 0.435063 2.47619e+08 3701.04 3701.04 525975 0 1.87691e+08
126 2.80015 1.03267 -0.125 790745 3514.5 787231 180.354 7.13599 0.364011 2.48075e+08 3708.82 3708.82 524877 0 1.57446e+08
127 2.80015 1.03267 -0.115833 673044 3514.5 669530 180.167 7.15134 0.348659 2.48177e+08 3708.82 3708.82 524877 0 1.33906e+08
128 2.80015 1.03267 -0.106667 564158 3514.5 560643 179.99 7.16596 0.33404 2.4826e+08 3708.82 3708.82 524877 0 1.12129e+08
129 2.80015 1.03267 -0.0975 469990 3514.5 466476 179.823 7.17985 0.320148 2.48324e+08 3708.82 3708.82 524877 0 9.32954e+07
130 2.80015 1.03267 -0.0883333 400824 3514.5 397310 179.667 7.19267 0.307329 2.48381e+08 3708.82 3708.82 524877 0 7.94622e+07
131 2.80015 1.03267 -0.0791667 370707 3514.5 367192 179.531 7.20336 0.296636 2.48467e+08 3708.82 3708.82 524877 0 7.34387e+07
132 2.80015 1.03267 -0.07 388738 3514.5 385224 179.406 7.21096 0.289045 2.48602e+08 3708.82 3708.82 524877 0 7.70451e+07
133 2.80015 1.03483 -0.125 617901 3514.5 614386 179 7.27255 0.227446 2.49223e+08 3716.6 3716.6 523782 0 1.22878e+08
134 2.80015 1.03483 -0.115833 496488 3514.5 492973 178.812 7.28895 0.21105 2.49363e+08 3716.6 3716.6 523782 0 9.85948e+07
135 2.80015 1.03483 -0.106667 380460 3514.5 376946 178.635 7.3055 0.194501 2.49514e+08 3716.6 3716.6 523782 0 7.53894e+07
136 2.80015 1.03483 -0.0975 276259 3514.5 272744 178.479 7.32311 0.176888 2.4972e+08 3716.6 3716.6 523782 0 5.4549e+07
137 2.80015 1.03483 -0.0883333 202450 3514.5 198935 178.323 7.34148 0.158516 2.50065e+08 3716.6 3716.6 523782 0 3.97872e+07
138 2.80015 1.03483 -0.0791667 196420 3514.5 192905 178.188 7.35188 0.148117 2.50328e+08 3716.6 3716.6 523782 0 3.85812e+07
139 2.80015 1.03483 -0.07 262732 3514.5 259218 178.073 7.35276 0.147235 2.50251e+08 3716.6 3716.6 523782 0 5.18437e+07
140 2.80015 1.037 -0.125 877553 3514.5 874038 177.698 7.40204 0.0979587 2.50384e+08 3724.38 3724.38 522690 0 1.74808e+08
141 2.80015 1.037 -0.115833 818646 3514.5 815131 177.51 7.41663 0.0833676 2.50533e+08 3724.38 3724.38 522690 0 1.63026e+08
142 2.80015 1.037 -0.106667 774493 3514.5 770979 177.344 7.43003 0.0699714 2.50674e+08 3724.38 3724.38 522690 0 1.54196e+08
143 2.80015 1.037 -0.0975 747564 3514.5 744050 177.188 7.44216 0.0578388 2.50803e+08 3724.38 3724.38 522690 0 1.4881e+08
144 2.80015 1.037 -0.0883333 739622 3514.5 736107 177.042 7.45297 0.0470284 2.50918e+08 3724.38 3724.38 522690 0 1.47221e+08
145 2.80015 1.037 -0.0791667 751195 3514.5 747681 176.917 7.46243 0.0375702 2.51016e+08 3724.38 3724.38 522690 0 1.49536e+08
146 2.80015 1.037 -0.07 781366 3514.5 777852 176.792 7.47057 0.0294327 2.51096e+08 3724.38 3724.38 522690 0 1.5557e+08
147 2.80123 1.024 -0.125 2.69742e+06 3514.5 2.6939e+06 186.302 6.59395 0.906047 2.43833e+08 3677.69 3677.69 529280 0 5.38782e+08
148 2.80123 1.024 -0.115833 2.63986e+06 3514.5 2.63635e+06 186.083 6.60774 0.892257 2.43951e+08 3677.69 3677.69 529280 0 5.27271e+08
149 2.80123 1.024 -0.106667 2.59113e+06 3514.5 2.58761e+06 185.885 6.62043 0.879566 2.44061e+08 3677.69 3677.69 529280 0 5.17523e+08
150 2.80123 1.024 -0.0975 2.55167e+06 3514.5 2.54816e+06 185.708 6.63201 0.867988 2.44162e+08 3677.69 3677.69 529280 0 5.09632e+08
151 2.80123 1.024 -0.0883333 2.52191e+06 3514.5 2.51839e+06 185.542 6.64244 0.857559 2.44255e+08 3677.69 3677.69 529280 0 5.0368e+08
152 2.80123 1.024 -0.0791667 2.50216e+06 3514.5 2.49864e+06 185.385 6.65171 0.848287 2.44339e+08 3677.69 3677.69 529280 0 4.99729e+08
153 2.80123 1.024 -0.07 2.49265e+06 3514.5 2.48914e+06 185.25 6.65984 0.84016 2.44414e+08 3677.69 3677.69 529280 0 4.97828e+08
154 2.80123 1.02617 -0.125 2.11264e+06 3514.5 2.10912e+06 184.656 6.73812 0.76188 2.44904e+08 3685.47 3685.47 528176 0 4.21825e+08
155 2.80123 1.02617 -0.115833 2.04894e+06 3514.5 2.04543e+06 184.448 6.75206 0.747938 2.45023e+08 3685.47 3685.47 528176 0 4.09086e+08
156 2.80123 1.02617 -0.106667 1.99528e+06 3514.5 1.99177e+06 184.25 6.76487 0.735126 2.45134e+08 3685.47 3685.47 528176 0 3.98354e+08
157 2.80123 1.02617 -0.0975 1.95242e+06 3514.5 1.94891e+06 184.073 6.77656 0.72344 2.45236e+08 3685.47 3685.47 528176 0 3.89782e+08
158 2.80123 1.02617 -0.0883333 1.92105e+06 3514.5 1.91753e+06 183.917 6.78711 0.712892 2.4533e+08 3685.47 3685.47 528176 0 3.83507e+08
159 2.80123 1.02617 -0.0791667 1.90169e+06 3514.5 1.89818e+06 183.771 6.79649 0.703514 2.45415e+08 3685.47 3685.47 528176 0 3.79636e+08
160 2.80123 1.02617 -0.07 1.8947e+06 3514.5 1.89119e+06 183.635 6.80469 0.695313 2.45492e+08 3685.47 3685.47 528176 0 3.78238e+08
161 2.80123 1.02833 -0.125 1.54871e+06 3514.5 1.5452e+06 183.094 6.88052 0.619479 2.45966e+08 3693.25 3693.25 527074 0 3.0904e+08
162 2.80123 1.02833 -0.115833 1.47468e+06 3514.5 1.47116e+06 182.896 6.89466 0.60534 2.46085e+08 3693.25 3693.25 527074 0 2.94233e+08
163 2.80123 1.02833 -0.106667 1.41233e+06 3514.5 1.40882e+06 182.708 6.90766 0.592339 2.46195e+08 3693.25 3693.25 527074 0 2.81764e+08
164 2.80123 1.02833 -0.0975 1.3632e+06 3514.5 1.35969e+06 182.531 6.9195 0.580496 2.46298e+08 3693.25 3693.25 527074 0 2.71938e+08
165 2.80123 1.02833 -0.0883333 1.32868e+06 3514.5 1.32516e+06 182.375 6.93018 0.569821 2.46393e+08 3693.25 3693.25 527074 0 2.65033e+08
166 2.80123 1.02833 -0.0791667 1.30986e+06 3514.5 1.30635e+06 182.229 6.93965 0.560346 2.4648e+08 3693.25 3693.25 527074 0 2.6127e+08
167 2.80123 1.02833 -0.07 1.30741e+06 3514.5 1.3039e+06 182.104 6.94793 0.552075 2.46559e+08 3693.25 3693.25 527074 0 2.6078e+08
168 2.80123 1.0305 -0.125 1.02643e+06 3514.5 1.02291e+06 181.604 7.02162 0.478381 2.47013e+08 3701.04 3701.04 525975 0 2.04583e+08
169 2.80123 1.0305 -0.115833 932642 3514.5 929128 181.417 7.03622 0.463778 2.47126e+08 3701.04 3701.04 525975 0 1.85826e+08
170 2.80123 1.0305 -0.106667 851922 3514.5 848408 181.229 7.04971 0.450286 2.4723e+08 3701.04 3701.04 525975 0 1.69682e+08
171 2.80123 1.0305 -0.0975 788135 3514.5 784621 181.062 7.06204 0.437959 2.47326e+08 3701.04 3701.04 525975 0 1.56925e+08
172 2.80123 1.0305 -0.0883333 745507 3514.5 741992 180.906 7.07309 0.426909 2.47419e+08 3701.04 3701.04 525975 0 1.48399e+08
173 2.80123 1.0305 -0.0791667 727662 3514.5 724148 180.771 7.08276 0.417241 2.4751e+08 3701.04 3701.04 525975 0 1.4483e+08
174 2.80123 1.0305 -0.07 736354 3514.5 732840 180.646 7.09097 0.409026 2.476e+08 3701.04 3701.04 525975 0 1.46568e+08
175 2.80123 1.03267 -0.125 631416 3514.5 627901 180.188 7.1621 0.337897 2.48071e+08 3708.82 3708.82 524877 0 1.25581e+08
176 2.80123 1.03267 -0.115833 503735 3514.5 500220 180 7.17855 0.321451 2.48162e+08 3708.82 3708.82 524877 0 1.00044e+08
177 2.80123 1.03267 -0.106667 380002 3514.5 376488 179.823 7.19532 0.304677 2.48216e+08 3708.82 3708.82 524877 0 7.52978e+07
178 2.80123 1.03267 -0.0975 265300 3514.5 261785 179.656 7.21387 0.286129 2.48197e+08 3708.82 3708.82 524877 0 5.23573e+07
179 2.80123 1.03267 -0.0883333 177329 3514.5 173815 179.51 7.23559 0.264409 2.48072e+08 3708.82 3708.82 524877 0 3.47632e+07
180 2.80123 1.03267 -0.0791667 165520 3514.5 162005 179.375 7.24745 0.252547 2.48276e+08 3708.82 3708.82 524877 0 3.24013e+07
181 2.80123 1.03267 -0.07 241090 3514.5 237575 179.25 7.2446 0.255403 2.48674e+08 3708.82 3708.82 524877 0 4.75153e+07
182 2.80123 1.03483 -0.125 635114 3514.5 631599 178.844 7.2966 0.203397 2.49281e+08 3716.6 3716.6 523782 0 1.2632e+08
183 2.80123 1.03483 -0.115833 543744 3514.5 540230 178.656 7.31225 0.187751 2.49443e+08 3716.6 3716.6 523782 0 1.08046e+08
184 2.80123 1.03483 -0.106667 468474 3514.5 464960 178.479 7.32695 0.173051 2.49615e+08 3716.6 3716.6 523782 0 9.29921e+07
185 2.80123 1.03483 -0.0975 417744 3514.5 414230 178.323 7.3403 0.159699 2.49791e+08 3716.6 3716.6 523782 0 8.28461e+07
186 2.80123 1.03483 -0.0883333 400741 3514.5 397226 178.177 7.35159 0.148409 2.49945e+08 3716.6 3716.6 523782 0 7.94454e+07
187 2.80123 1.03483 -0.0791667 421388 3514.5 417874 178.042 7.36043 0.139567 2.50045e+08 3716.6 3716.6 523782 0 8.35749e+07
188 2.80123 1.03483 -0.07 474734 3514.5 471220 177.917 7.36728 0.132715 2.50097e+08 3716.6 3716.6 523782 0 9.42441e+07
189 2.80123 1.037 -0.125 1.0186e+06 3514.5 1.01509e+06 177.552 7.42554 0.0744647 2.50392e+08 3724.38 3724.38 522690 0 2.03017e+08
190 2.80123 1.037 -0.115833 982583 3514.5 979069 177.365 7.43989 0.0601147 2.50534e+08 3724.38 3724.38 522690 0 1.95814e+08
191 2.80123 1.037 -0.106667 959657 3514.5 956143 177.198 7.45304 0.0469573 2.50665e+08 3724.38 3724.38 522690 0 1.91229e+08
192 2.80123 1.037 -0.0975 950636 3514.5 947122 177.042 7.46499 0.0350131 2.50785e+08 3724.38 3724.38 522690 0 1.89424e+08
193 2.80123 1.037 -0.0883333 955814 3514.5 952300 176.896 7.4757 0.0242962 2.50892e+08 3724.38 3724.38 522690 0 1.9046e+08
194 2.80123 1.037 -0.0791667 974893 3514.5 971378 176.771 7.48518 0.0148165 2.50985e+08 3724.38 3724.38 522690 0 1.94276e+08
195 2.80123 1.037 -0.07 1.00705e+06 3514.5 1.00354e+06 176.646 7.49345 0.00655155 2.51065e+08 3724.38 3724.38 522690 0 2.00707e+08
196 2.80231 1.024 -0.125 2.47723e+06 3514.5 2.47371e+06 186.104 6.61778 0.882217 2.4383e+08 3677.69 3677.69 529280 0 4.94743e+08
197 2.80231 1.024 -0.115833 2.41974e+06 3514.5 2.41623e+06 185.885 6.63162 0.868378 2.43948e+08 3677.69 3677.69 529280 0 4.83246e+08
198 2.80231 1.024 -0.106667 2.3715e+06 3514.5 2.36799e+06 185.688 6.64436 0.855643 2.44058e+08 3677.69 3677.69 529280 0 4.73599e+08
199 2.80231 1.024 -0.0975 2.33303e+06 3514.5 2.32952e+06 185.51 6.65597 0.844027 2.44159e+08 3677.69 3677.69 529280 0 4.65905e+08
200 2.80231 1.024 -0.0883333 2.30479e+06 3514.5 2.30127e+06 185.344 6.66644 0.833563 2.44252e+08 3677.69 3677.69 529280 0 4.60255e+08
201 2.80231 1.024 -0.0791667 2.28711e+06 3514.5 2.2836e+06 185.188 6.67574 0.82426 2.44336e+08 3677.69 3677.69 529280 0 4.5672e+08
202 2.80231 1.024 -0.07 2.28024e+06 3514.5 2.27672e+06 185.052 6.68389 0.816108 2.44411e+08 3677.69 3677.69 529280 0 4.55345e+08
203 2.80231 1.02617 -0.125 1.89165e+06 3514.5 1.88813e+06 184.469 6.76229 0.737706 2.44899e+08 3685.47 3685.47 528176 0 3.77627e+08
204 2.80231 1.02617 -0.115833 1.82743e+06 3514.5 1.82392e+06 184.26 6.7763 0.723705 2.45018e+08 3685.47 3685.47 528176 0 3.64784e+08
205 2.80231 1.02617 -0.106667 1.77393e+06 3514.5 1.77042e+06 184.073 6.78918 0.710822 2.45128e+08 3685.47 3685.47 528176 0 3.54085e+08
206 2.80231 1.02617 -0.0975 1.73207e+06 3514.5 1.72855e+06 183.896 6.80091 0.69909 2.4523e+08 3685.47 3685.47 528176 0 3.45711e+08
207 2.80231 1.02617 -0.0883333 1.70263e+06 3514.5 1.69912e+06 183.729 6.81148 0.688522 2.45324e+08 3685.47 3685.47 528176 0 3.39824e+08
208 2.80231 1.02617 -0.0791667 1.68624e+06 3514.5 1.68273e+06 183.583 6.82088 0.679115 2.4541e+08 3685.47 3685.47 528176 0 3.36546e+08
209 2.80231 1.02617 -0.07 1.68324e+06 3514.5 1.67973e+06 183.448 6.8291 0.670895 2.45487e+08 3685.47 3685.47 528176 0 3.35947e+08
210 2.80231 1.02833 -0.125 1.32957e+06 3514.5 1.32605e+06 182.917 6.90518 0.594822 2.45956e+08 3693.25 3693.25 527074 0 2.65211e+08
211 2.80231 1.02833 -0.115833 1.25326e+06 3514.5 1.24975e+06 182.719 6.91943 0.580571 2.46073e+08 3693.25 3693.25 527074 0 2.4995e+08
212 2.80231 1.02833 -0.106667 1.18973e+06 3514.5 1.18622e+06 182.531 6.93254 0.567463 2.46183e+08 3693.25 3693.25 527074 0 2.37244e+08
213 2.80231 1.02833 -0.0975 1.14101e+06 3514.5 1.13749e+06 182.354 6.94447 0.55553 2.46285e+08 3693.25 3693.25 527074 0 2.27499e+08
214 2.80231 1.02833 -0.0883333 1.10895e+06 3514.5 1.10543e+06 182.198 6.95521 0.544792 2.4638e+08 3693.25 3693.25 527074 0 2.21087e+08
215 2.80231 1.02833 -0.0791667 1.09495e+06 3514.5 1.09143e+06 182.052 6.96471 0.535289 2.46468e+08 3693.25 3693.25 527074 0 2.18287e+08
216 2.80231 1.02833 -0.07 1.09964e+06 3514.5 1.09613e+06 181.927 6.97297 0.527029 2.4655e+08 3693.25 3693.25 527074 0 2.19226e+08
217 2.80231 1.0305 -0.125 822090 3514.5 818575 181.438 7.04723 0.45277 2.46994e+08 3701.04 3701.04 525975 0 1.63716e+08
218 2.80231 1.0305 -0.115833 720597 3514.5 717083 181.24 7.06229 0.437707 2.47098e+08 3701.04 3701.04 525975 0 1.43417e+08
219 2.80231 1.0305 -0.106667 632751 3514.5 629237 181.062 7.07637 0.423635 2.47191e+08 3701.04 3701.04 525975 0 1.25848e+08
220 2.80231 1.0305 -0.0975 564724 3514.5 561210 180.896 7.08929 0.410712 2.47277e+08 3701.04 3701.04 525975 0 1.12242e+08
221 2.80231 1.0305 -0.0883333 524072 3514.5 520557 180.74 7.10075 0.399253 2.47367e+08 3701.04 3701.04 525975 0 1.04112e+08
222 2.80231 1.0305 -0.0791667 517112 3514.5 513598 180.604 7.11039 0.389613 2.4747e+08 3701.04 3701.04 525975 0 1.0272e+08
223 2.80231 1.0305 -0.07 545059 3514.5 541545 180.479 7.11812 0.38188 2.47581e+08 3701.04 3701.04 525975 0 1.08309e+08
224 2.80231 1.03267 -0.125 521713 3514.5 518199 180.031 7.18834 0.311664 2.48101e+08 3708.82 3708.82 524877 0 1.0364e+08
225 2.80231 1.03267 -0.115833 393358 3514.5 389844 179.844 7.20613 0.293873 2.48213e+08 3708.82 3708.82 524877 0 7.79691e+07
226 2.80231 1.03267 -0.106667 266179 3514.5 262665 179.667 7.22627 0.273726 2.48314e+08 3708.82 3708.82 524877 0 5.25332e+07
227 2.80231 1.03267 -0.0975 142383 3514.5 138869 179.5 7.25738 0.242622 2.4846e+08 3708.82 3708.82 524877 0 2.7774e+07
228 2.80231 1.03267 -0.0883333 52207.4 3514.5 48692.9 179.354 7.33915 0.160846 2.50339e+08 3708.82 3708.82 524877 0 9.73875e+06
229 2.80231 1.03267 -0.0791667 133515 3514.5 130000 179.219 7.28025 0.219747 2.49294e+08 3708.82 3708.82 524877 0 2.60003e+07
230 2.80231 1.03267 -0.07 256299 3514.5 252784 179.094 7.26748 0.232521 2.49033e+08 3708.82 3708.82 524877 0 5.05571e+07
231 2.80231 1.03483 -0.125 725117 3514.5 721602 178.688 7.31981 0.180192 2.49319e+08 3716.6 3716.6 523782 0 1.44321e+08
232 2.80231 1.03483 -0.115833 667676 3514.5 664161 178.5 7.33462 0.165376 2.49475e+08 3716.6 3716.6 523782 0 1.32832e+08
233 2.80231 1.03483 -0.106667 628694 3514.5 625180 178.333 7.34816 0.151838 2.49623e+08 3716.6 3716.6 523782 0 1.25036e+08
234 2.80231 1.03483 -0.0975 611497 3514.5 607983 178.177 7.36029 0.139712 2.49757e+08 3716.6 3716.6 523782 0 1.21597e+08
235 2.80231 1.03483 -0.0883333 617717 3514.5 614203 178.031 7.37092 0.129083 2.4987e+08 3716.6 3716.6 523782 0 1.22841e+08
236 2.80231 1.03483 -0.0791667 646559 3514.5 643044 177.896 7.38008 0.119923 2.49959e+08 3716.6 3716.6 523782 0 1.28609e+08
237 2.80231 1.03483 -0.07 695156 3514.5 691641 177.771 7.38788 0.112124 2.50029e+08 3716.6 3716.6 523782 0 1.38328e+08
238 2.80231 1.037 -0.125 1.186e+06 3514.5 1.18249e+06 177.406 7.44918 0.050818 2.50391e+08 3724.38 3724.38 522690 0 2.36498e+08
239 2.80231 1.037 -0.115833 1.16726e+06 3514.5 1.16374e+06 177.219 7.46343 0.0365726 2.50529e+08 3724.38 3724.38 522690 0 2.32748e+08
240 2.80231 1.037 -0.106667 1.15926e+06 3514.5 1.15574e+06 177.052 7.4765 0.0234987 2.50655e+08 3724.38 3724.38 522690 0 2.31148e+08
241 2.80231 1.037 -0.0975 1.16211e+06 3514.5 1.1586e+06 176.896 7.4884 0.0116018 2.5077e+08 3724.38 3724.38 522690 0 2.31719e+08
242 2.80231 1.037 -0.0883333 1.17565e+06 3514.5 1.17213e+06 176.76 7.4991 0.000896591 2.50873e+08 3724.38 3724.38 522690 0 2.34426e+08
243 2.80231 1.037 -0.0791667 1.19943e+06 3514.5 1.19592e+06 176.625 7.50863 0.00863091 2.50965e+08 3724.38 3724.38 522690 0 2.39184e+08
244 2.80231 1.037 -0.07 1.23286e+06 3514.5 1.22934e+06 176.51 7.51696 0.0169632 2.51046e+08 3724.38 3724.38 522690 0 2.45868e+08
245 2.80338 1.024 -0.125 2.25681e+06 3514.5 2.25329e+06 185.896 6.64169 0.858306 2.43827e+08 3677.69 3677.69 529280 0 4.50659e+08
246 2.80338 1.024 -0.115833 2.19945e+06 3514.5 2.19593e+06 185.688 6.65561 0.844393 2.43945e+08 3677.69 3677.69 529280 0 4.39188e+08
247 2.80338 1.024 -0.106667 2.15185e+06 3514.5 2.14834e+06 185.5 6.66841 0.831592 2.44054e+08 3677.69 3677.69 529280 0 4.29668e+08
248 2.80338 1.024 -0.0975 2.11461e+06 3514.5 2.11109e+06 185.312 6.68004 0.819956 2.44155e+08 3677.69 3677.69 529280 0 4.2222e+08
249 2.80338 1.024 -0.0883333 2.08823e+06 3514.5 2.08472e+06 185.146 6.69054 0.809457 2.44248e+08 3677.69 3677.69 529280 0 4.16945e+08
250 2.80338 1.024 -0.0791667 2.0731e+06 3514.5 2.06959e+06 185 6.69989 0.800106 2.44332e+08 3677.69 3677.69 529280 0 4.13918e+08
251 2.80338 1.024 -0.07 2.06944e+06 3514.5 2.06592e+06 184.865 6.70807 0.791931 2.44408e+08 3677.69 3677.69 529280 0 4.13185e+08
252 2.80338 1.02617 -0.125 1.67055e+06 3514.5 1.66703e+06 184.281 6.78662 0.713383 2.44892e+08 3685.47 3685.47 528176 0 3.33407e+08
253 2.80338 1.02617 -0.115833 1.60573e+06 3514.5 1.60221e+06 184.073 6.80069 0.699314 2.45011e+08 3685.47 3685.47 528176 0 3.20443e+08
254 2.80338 1.02617 -0.106667 1.55248e+06 3514.5 1.54896e+06 183.885 6.81363 0.68637 2.45121e+08 3685.47 3685.47 528176 0 3.09794e+08
255 2.80338 1.02617 -0.0975 1.51194e+06 3514.5 1.50842e+06 183.708 6.82541 0.674585 2.45223e+08 3685.47 3685.47 528176 0 3.01685e+08
256 2.80338 1.02617 -0.0883333 1.48507e+06 3514.5 1.48156e+06 183.552 6.83604 0.663964 2.45317e+08 3685.47 3685.47 528176 0 2.96312e+08
257 2.80338 1.02617 -0.0791667 1.47257e+06 3514.5 1.46906e+06 183.406 6.84547 0.654532 2.45403e+08 3685.47 3685.47 528176 0 2.93812e+08
258 2.80338 1.02617 -0.07 1.47476e+06 3514.5 1.47124e+06 183.271 6.8537 0.646301 2.45482e+08 3685.47 3685.47 528176 0 2.94249e+08
259 2.80338 1.02833 -0.125 1.11153e+06 3514.5 1.10801e+06 182.74 6.93014 0.569863 2.45942e+08 3693.25 3693.25 527074 0 2.21603e+08
260 2.80338 1.02833 -0.115833 1.03213e+06 3514.5 1.02862e+06 182.542 6.94456 0.55544 2.46057e+08 3693.25 3693.25 527074 0 2.05724e+08
261 2.80338 1.02833 -0.106667 966971 3514.5 963457 182.354 6.95783 0.542165 2.46164e+08 3693.25 3693.25 527074 0 1.92692e+08
262 2.80338 1.02833 -0.0975 918922 3514.5 915407 182.188 6.96991 0.530086 2.46265e+08 3693.25 3693.25 527074 0 1.83082e+08
263 2.80338 1.02833 -0.0883333 890621 3514.5 887106 182.031 6.98073 0.519269 2.46361e+08 3693.25 3693.25 527074 0 1.77422e+08
264 2.80338 1.02833 -0.0791667 883865 3514.5 880351 181.885 6.99024 0.509762 2.46452e+08 3693.25 3693.25 527074 0 1.76071e+08
265 2.80338 1.02833 -0.07 899088 3514.5 895574 181.76 6.99842 0.501576 2.46539e+08 3693.25 3693.25 527074 0 1.79115e+08
266 2.80338 1.0305 -0.125 630563 3514.5 627048 181.271 7.07365 0.426352 2.46971e+08 3701.04 3701.04 525975 0 1.2541e+08
267 2.80338 1.0305 -0.115833 518008 3514.5 514494 181.073 7.08978 0.410222 2.47057e+08 3701.04 3701.04 525975 0 1.02899e+08
268 2.80338 1.0305 -0.106667 418033 3514.5 414518 180.896 7.10549 0.394512 2.47118e+08 3701.04 3701.04 525975 0 8.2904e+07
269 2.80338 1.0305 -0.0975 341425 3514.5 337910 180.729 7.12051 0.379494 2.47164e+08 3701.04 3701.04 525975 0 6.75825e+07
270 2.80338 1.0305 -0.0883333 305821 3514.5 302306 180.583 7.1332 0.366799 2.47253e+08 3701.04 3701.04 525975 0 6.04616e+07
271 2.80338 1.0305 -0.0791667 324651 3514.5 321137 180.438 7.14156 0.358443 2.47424e+08 3701.04 3701.04 525975 0 6.42277e+07
272 2.80338 1.0305 -0.07 390004 3514.5 386489 180.312 7.14681 0.353193 2.476e+08 3701.04 3701.04 525975 0 7.72982e+07
273 2.80338 1.03267 -0.125 495931 3514.5 492417 179.875 7.21321 0.286788 2.48183e+08 3708.82 3708.82 524877 0 9.84836e+07
274 2.80338 1.03267 -0.115833 395029 3514.5 391514 179.688 7.23036 0.26964 2.48357e+08 3708.82 3708.82 524877 0 7.83032e+07
275 2.80338 1.03267 -0.106667 312524 3514.5 309009 179.51 7.24728 0.252721 2.48575e+08 3708.82 3708.82 524877 0 6.18021e+07
276 2.80338 1.03267 -0.0975 265527 3514.5 262012 179.344 7.26245 0.237549 2.48834e+08 3708.82 3708.82 524877 0 5.24027e+07
277 2.80338 1.03267 -0.0883333 272526 3514.5 269012 179.198 7.27257 0.227433 2.49e+08 3708.82 3708.82 524877 0 5.38026e+07
278 2.80338 1.03267 -0.0791667 329858 3514.5 326343 179.062 7.27835 0.221645 2.49023e+08 3708.82 3708.82 524877 0 6.52689e+07
279 2.80338 1.03267 -0.07 417166 3514.5 413651 178.938 7.28302 0.216985 2.49018e+08 3708.82 3708.82 524877 0 8.27304e+07
280 2.80338 1.03483 -0.125 865619 3514.5 862105 178.531 7.34289 0.157105 2.4933e+08 3716.6 3716.6 523782 0 1.72421e+08
281 2.80338 1.03483 -0.115833 834930 3514.5 831415 178.354 7.35729 0.142711 2.49474e+08 3716.6 3716.6 523782 0 1.66283e+08
282 2.80338 1.03483 -0.106667 819986 3514.5 816471 178.177 7.37044 0.129558 2.49607e+08 3716.6 3716.6 523782 0 1.63294e+08
283 2.80338 1.03483 -0.0975 821448 3514.5 817934 178.021 7.38232 0.117681 2.49725e+08 3716.6 3716.6 523782 0 1.63587e+08
284 2.80338 1.03483 -0.0883333 839102 3514.5 835588 177.875 7.39292 0.10708 2.49829e+08 3716.6 3716.6 523782 0 1.67118e+08
285 2.80338 1.03483 -0.0791667 871863 3514.5 868349 177.75 7.40226 0.0977448 2.49918e+08 3716.6 3716.6 523782 0 1.7367e+08
286 2.80338 1.03483 -0.07 918051 3514.5 914537 177.625 7.41037 0.0896316 2.49993e+08 3716.6 3716.6 523782 0 1.82907e+08
287 2.80338 1.037 -0.125 1.37019e+06 3514.5 1.36668e+06 177.26 7.47301 0.0269856 2.50388e+08 3724.38 3724.38 522690 0 2.73336e+08
288 2.80338 1.037 -0.115833 1.36433e+06 3514.5 1.36081e+06 177.073 7.48722 0.0127755 2.50522e+08 3724.38 3724.38 522690 0 2.72163e+08
289 2.80338 1.037 -0.106667 1.36704e+06 3514.5 1.36353e+06 176.906 7.50028 0.000278021 2.50645e+08 3724.38 3724.38 522690 0 2.72705e+08
290 2.80338 1.037 -0.0975 1.37818e+06 3514.5 1.37466e+06 176.76 7.51216 0.0121648 2.50758e+08 3724.38 3724.38 522690 0 2.74933e+08
291 2.80338 1.037 -0.0883333 1.39745e+06 3514.5 1.39393e+06 176.615 7.5229 0.0228976 2.5086e+08 3724.38 3724.38 522690 0 2.78786e+08
292 2.80338 1.037 -0.0791667 1.42447e+06 3514.5 1.42096e+06 176.479 7.53246 0.0324636 2.50952e+08 3724.38 3724.38 522690 0 2.84191e+08
293 2.80338 1.037 -0.07 1.45877e+06 3514.5 1.45526e+06 176.365 7.54085 0.0408477 2.51032e+08 3724.38 3724.38 522690 0 2.91052e+08
294 2.80446 1.024 -0.125 2.03617e+06 3514.5 2.03265e+06 185.708 6.66577 0.834232 2.43822e+08 3677.69 3677.69 529280 0 4.06531e+08
295 2.80446 1.024 -0.115833 1.979e+06 3514.5 1.97549e+06 185.5 6.67973 0.820267 2.4394e+08 3677.69 3677.69 529280 0 3.95099e+08
296 2.80446 1.024 -0.106667 1.93223e+06 3514.5 1.92872e+06 185.302 6.69256 0.807439 2.4405e+08 3677.69 3677.69 529280 0 3.85744e+08
297 2.80446 1.024 -0.0975 1.89655e+06 3514.5 1.89303e+06 185.125 6.70426 0.795743 2.44151e+08 3677.69 3677.69 529280 0 3.78607e+08
298 2.80446 1.024 -0.0883333 1.87252e+06 3514.5 1.86901e+06 184.958 6.71479 0.785209 2.44244e+08 3677.69 3677.69 529280 0 3.73802e+08
299 2.80446 1.024 -0.0791667 1.86057e+06 3514.5 1.85705e+06 184.812 6.72417 0.775832 2.44328e+08 3677.69 3677.69 529280 0 3.71411e+08
300 2.80446 1.024 -0.07 1.86087e+06 3514.5 1.85736e+06 184.677 6.73236 0.767637 2.44404e+08 3677.69 3677.69 529280 0 3.71472e+08
301 2.80446 1.02617 -0.125 1.44939e+06 3514.5 1.44588e+06 184.094 6.81113 0.688872 2.44884e+08 3685.47 3685.47 528176 0 2.89176e+08
302 2.80446 1.02617 -0.115833 1.38383e+06 3514.5 1.38031e+06 183.885 6.82528 0.674716 2.45001e+08 3685.47 3685.47 528176 0 2.76064e+08
303 2.80446 1.02617 -0.106667 1.33097e+06 3514.5 1.32745e+06 183.698 6.8383 0.661696 2.45111e+08 3685.47 3685.47 528176 0 2.65492e+08
304 2.80446 1.02617 -0.0975 1.29226e+06 3514.5 1.28875e+06 183.531 6.85016 0.649839 2.45213e+08 3685.47 3685.47 528176 0 2.5775e+08
305 2.80446 1.02617 -0.0883333 1.2689e+06 3514.5 1.26539e+06 183.365 6.86081 0.639188 2.45308e+08 3685.47 3685.47 528176 0 2.53078e+08
306 2.80446 1.02617 -0.0791667 1.26167e+06 3514.5 1.25816e+06 183.219 6.87026 0.629739 2.45395e+08 3685.47 3685.47 528176 0 2.51633e+08
307 2.80446 1.02617 -0.07 1.2708e+06 3514.5 1.26728e+06 183.094 6.8785 0.621504 2.45475e+08 3685.47 3685.47 528176 0 2.53457e+08
308 2.80446 1.02833 -0.125 895533 3514.5 892018 182.562 6.95557 0.544431 2.45922e+08 3693.25 3693.25 527074 0 1.78404e+08
309 2.80446 1.02833 -0.115833 811687 3514.5 808173 182.365 6.9703 0.529698 2.46032e+08 3693.25 3693.25 527074 0 1.61635e+08
310 2.80446 1.02833 -0.106667 744078 3514.5 740563 182.177 6.98389 0.516112 2.46135e+08 3693.25 3693.25 527074 0 1.48113e+08
311 2.80446 1.02833 -0.0975 697203 3514.5 693689 182.01 6.99621 0.503788 2.46234e+08 3693.25 3693.25 527074 0 1.38738e+08
312 2.80446 1.02833 -0.0883333 675215 3514.5 671700 181.854 7.00712 0.492876 2.46333e+08 3693.25 3693.25 527074 0 1.34341e+08
313 2.80446 1.02833 -0.0791667 680383 3514.5 676869 181.719 7.01654 0.483464 2.46432e+08 3693.25 3693.25 527074 0 1.35374e+08
314 2.80446 1.02833 -0.07 712009 3514.5 708495 181.583 7.02446 0.475544 2.46529e+08 3693.25 3693.25 527074 0 1.41699e+08
315 2.80446 1.0305 -0.125 468045 3514.5 464531 181.104 7.10119 0.398811 2.46961e+08 3701.04 3701.04 525975 0 9.29065e+07
316 2.80446 1.0305 -0.115833 342386 3514.5 338872 180.906 7.11998 0.380022 2.4702e+08 3701.04 3701.04 525975 0 6.77747e+07
317 2.80446 1.0305 -0.106667 221564 3514.5 218049 180.729 7.14248 0.357524 2.46981e+08 3701.04 3701.04 525975 0 4.36102e+07
318 2.80446 1.0305 -0.0975 119728 3514.5 116214 180.562 7.17721 0.322785 2.46652e+08 3701.04 3701.04 525975 0 2.32431e+07
319 2.80446 1.0305 -0.0883333 112075 3514.5 108561 180.417 7.19123 0.308767 2.47091e+08 3701.04 3701.04 525975 0 2.17124e+07
320 2.80446 1.0305 -0.0791667 208746 3514.5 205232 180.281 7.17609 0.323914 2.47628e+08 3701.04 3701.04 525975 0 4.10466e+07
321 2.80446 1.0305 -0.07 327664 3514.5 324150 180.156 7.17406 0.325936 2.47758e+08 3701.04 3701.04 525975 0 6.48302e+07
322 2.80446 1.03267 -0.125 565804 3514.5 562290 179.708 7.23606 0.263938 2.48253e+08 3708.82 3708.82 524877 0 1.12458e+08
323 2.80446 1.03267 -0.115833 507822 3514.5 504307 179.531 7.25138 0.248622 2.48425e+08 3708.82 3708.82 524877 0 1.00862e+08
324 2.80446 1.03267 -0.106667 474465 3514.5 470951 179.354 7.26519 0.234807 2.4859e+08 3708.82 3708.82 524877 0 9.41904e+07
325 2.80446 1.03267 -0.0975 470670 3514.5 467155 179.188 7.27716 0.222842 2.48731e+08 3708.82 3708.82 524877 0 9.34313e+07
326 2.80446 1.03267 -0.0883333 496825 3514.5 493311 179.042 7.28722 0.212778 2.48833e+08 3708.82 3708.82 524877 0 9.86623e+07
327 2.80446 1.03267 -0.0791667 548510 3514.5 544996 178.906 7.29568 0.204319 2.48904e+08 3708.82 3708.82 524877 0 1.08999e+08
328 2.80446 1.03267 -0.07 619266 3514.5 615752 178.792 7.30287 0.197128 2.48957e+08 3708.82 3708.82 524877 0 1.23151e+08
329 2.80446 1.03483 -0.125 1.03636e+06 3514.5 1.03285e+06 178.385 7.36622 0.133779 2.49329e+08 3716.6 3716.6 523782 0 2.0657e+08
330 2.80446 1.03483 -0.115833 1.02461e+06 3514.5 1.0211e+06 178.198 7.38046 0.119538 2.49465e+08 3716.6 3716.6 523782 0 2.0422e+08
331 2.80446 1.03483 -0.106667 1.02518e+06 3514.5 1.02166e+06 178.031 7.3935 0.106496 2.4959e+08 3716.6 3716.6 523782 0 2.04333e+08
332 2.80446 1.03483 -0.0975 1.0379e+06 3514.5 1.03439e+06 177.875 7.40535 0.0946524 2.49703e+08 3716.6 3716.6 523782 0 2.06877e+08
333 2.80446 1.03483 -0.0883333 1.06222e+06 3514.5 1.05871e+06 177.729 7.41599 0.084009 2.49804e+08 3716.6 3716.6 523782 0 2.11742e+08
334 2.80446 1.03483 -0.0791667 1.09729e+06 3514.5 1.09377e+06 177.604 7.42543 0.0745693 2.49893e+08 3716.6 3716.6 523782 0 2.18755e+08
335 2.80446 1.03483 -0.07 1.14204e+06 3514.5 1.13853e+06 177.479 7.43369 0.0663089 2.4997e+08 3716.6 3716.6 523782 0 2.27705e+08
336 2.80446 1.037 -0.125 1.56531e+06 3514.5 1.5618e+06 177.115 7.49701 0.00298531 2.50383e+08 3724.38 3724.38 522690 0 3.12359e+08
337 2.80446 1.037 -0.115833 1.56918e+06 3514.5 1.56567e+06 176.938 7.51121 0.0112121 2.50515e+08 3724.38 3724.38 522690 0 3.13134e+08
338 2.80446 1.037 -0.106667 1.57983e+06 3514.5 1.57631e+06 176.771 7.52427 0.02427 2.50637e+08 3724.38 3724.38 522690 0 3.15263e+08
339 2.80446 1.037 -0.0975 1.59702e+06 3514.5 1.5935e+06 176.615 7.53618 0.0361812 2.50749e+08 3724.38 3724.38 522690 0 3.187e+08
340 2.80446 1.037 -0.0883333 1.62046e+06 3514.5 1.61695e+06 176.469 7.54694 0.0469394 2.5085e+08 3724.38 3724.38 522690 0 3.2339e+08
341 2.80446 1.037 -0.0791667 1.64984e+06 3514.5 1.64632e+06 176.344 7.55653 0.0565263 2.50941e+08 3724.38 3724.38 522690 0 3.29265e+08
342 2.80446 1.037 -0.07 1.6848e+06 3514.5 1.68129e+06 176.229 7.56495 0.0649487 2.51022e+08 3724.38 3724.38 522690 0 3.36258e+08
343 2.80554 1.024 -0.125 1.81531e+06 3514.5 1.8118e+06 185.51 6.68996 0.810044 2.43817e+08 3677.69 3677.69 529280 0 3.6236e+08
344 2.80554 1.024 -0.115833 1.75844e+06 3514.5 1.75492e+06 185.302 6.70398 0.796021 2.43934e+08 3677.69 3677.69 529280 0 3.50985e+08
345 2.80554 1.024 -0.106667 1.71275e+06 3514.5 1.70924e+06 185.115 6.71688 0.783123 2.44044e+08 3677.69 3677.69 529280 0 3.41848e+08
346 2.80554 1.024 -0.0975 1.67908e+06 3514.5 1.67556e+06 184.938 6.72862 0.771385 2.44145e+08 3677.69 3677.69 529280 0 3.35114e+08
347 2.80554 1.024 -0.0883333 1.65807e+06 3514.5 1.65456e+06 184.771 6.73918 0.760817 2.44238e+08 3677.69 3677.69 529280 0 3.30912e+08
348 2.80554 1.024 -0.0791667 1.65016e+06 3514.5 1.64664e+06 184.625 6.74858 0.751417 2.44323e+08 3677.69 3677.69 529280 0 3.29329e+08
349 2.80554 1.024 -0.07 1.65548e+06 3514.5 1.65196e+06 184.49 6.75679 0.743209 2.444e+08 3677.69 3677.69 529280 0 3.30393e+08
350 2.80554 1.02617 -0.125 1.22826e+06 3514.5 1.22475e+06 183.906 6.8359 0.664101 2.44872e+08 3685.47 3685.47 528176 0 2.44951e+08
351 2.80554 1.02617 -0.115833 1.16174e+06 3514.5 1.15822e+06 183.708 6.85019 0.649815 2.44989e+08 3685.47 3685.47 528176 0 2.31646e+08
352 2.80554 1.02617 -0.106667 1.10948e+06 3514.5 1.10597e+06 183.521 6.86331 0.636693 2.45098e+08 3685.47 3685.47 528176 0 2.21194e+08
353 2.80554 1.02617 -0.0975 1.07343e+06 3514.5 1.06991e+06 183.344 6.87523 0.624772 2.452e+08 3685.47 3685.47 528176 0 2.13984e+08
354 2.80554 1.02617 -0.0883333 1.05511e+06 3514.5 1.05159e+06 183.188 6.88593 0.614073 2.45296e+08 3685.47 3685.47 528176 0 2.10319e+08
355 2.80554 1.02617 -0.0791667 1.05535e+06 3514.5 1.05183e+06 183.042 6.89537 0.60463 2.45386e+08 3685.47 3685.47 528176 0 2.10367e+08
356 2.80554 1.02617 -0.07 1.07406e+06 3514.5 1.07055e+06 182.917 6.90356 0.596441 2.45468e+08 3685.47 3685.47 528176 0 2.1411e+08
357 2.80554 1.02833 -0.125 683699 3514.5 680184 182.385 6.98183 0.518166 2.45892e+08 3693.25 3693.25 527074 0 1.36037e+08
358 2.80554 1.02833 -0.115833 592884 3514.5 589369 182.188 6.99726 0.502743 2.4599e+08 3693.25 3693.25 527074 0 1.17874e+08
359 2.80554 1.02833 -0.106667 521084 3514.5 517570 182.01 7.0116 0.488395 2.4608e+08 3693.25 3693.25 527074 0 1.03514e+08
360 2.80554 1.02833 -0.0975 476620 3514.5 473106 181.844 7.02449 0.475513 2.46175e+08 3693.25 3693.25 527074 0 9.46216e+07
361 2.80554 1.02833 -0.0883333 467039 3514.5 463524 181.688 7.03539 0.464605 2.46289e+08 3693.25 3693.25 527074 0 9.27053e+07
362 2.80554 1.02833 -0.0791667 494163 3514.5 490649 181.542 7.04417 0.455826 2.46415e+08 3693.25 3693.25 527074 0 9.81302e+07
363 2.80554 1.02833 -0.07 552470 3514.5 548955 181.417 7.05122 0.448783 2.46535e+08 3693.25 3693.25 527074 0 1.09791e+08
364 2.80554 1.0305 -0.125 374628 3514.5 371113 180.938 7.12864 0.371355 2.47034e+08 3701.04 3701.04 525975 0 7.4223e+07
365 2.80554 1.0305 -0.115833 256969 3514.5 253455 180.75 7.15006 0.349936 2.47186e+08 3701.04 3701.04 525975 0 5.06913e+07
366 2.80554 1.0305 -0.106667 152988 3514.5 149473 180.573 7.17882 0.321183 2.4751e+08 3701.04 3701.04 525975 0 2.9895e+07
367 2.80554 1.0305 -0.0975 109719 3514.5 106204 180.406 7.20595 0.294048 2.48316e+08 3701.04 3701.04 525975 0 2.12411e+07
368 2.80554 1.0305 -0.0883333 177732 3514.5 174217 180.25 7.19586 0.30414 2.48069e+08 3701.04 3701.04 525975 0 3.48438e+07
369 2.80554 1.0305 -0.0791667 286236 3514.5 282722 180.115 7.19269 0.307309 2.47904e+08 3701.04 3701.04 525975 0 5.65446e+07
370 2.80554 1.0305 -0.07 403717 3514.5 400202 179.99 7.19502 0.304979 2.4788e+08 3701.04 3701.04 525975 0 8.00408e+07
371 2.80554 1.03267 -0.125 703543 3514.5 700028 179.552 7.25839 0.241608 2.48273e+08 3708.82 3708.82 524877 0 1.40006e+08
372 2.80554 1.03267 -0.115833 678607 3514.5 675092 179.375 7.27285 0.227149 2.48422e+08 3708.82 3708.82 524877 0 1.35019e+08
373 2.80554 1.03267 -0.106667 673426 3514.5 669912 179.198 7.28595 0.214054 2.48556e+08 3708.82 3708.82 524877 0 1.33983e+08
374 2.80554 1.03267 -0.0975 688207 3514.5 684692 179.042 7.29765 0.202352 2.48672e+08 3708.82 3708.82 524877 0 1.36939e+08
375 2.80554 1.03267 -0.0883333 721525 3514.5 718010 178.896 7.308 0.191998 2.4877e+08 3708.82 3708.82 524877 0 1.43602e+08
376 2.80554 1.03267 -0.0791667 770839 3514.5 767325 178.76 7.31708 0.182921 2.4885e+08 3708.82 3708.82 524877 0 1.53465e+08
377 2.80554 1.03267 -0.07 833232 3514.5 829718 178.635 7.32495 0.175048 2.48918e+08 3708.82 3708.82 524877 0 1.65944e+08
378 2.80554 1.03483 -0.125 1.22486e+06 3514.5 1.22134e+06 178.24 7.38983 0.110166 2.49323e+08 3716.6 3716.6 523782 0 2.44269e+08
379 2.80554 1.03483 -0.115833 1.22642e+06 3514.5 1.22291e+06 178.052 7.40403 0.0959709 2.49455e+08 3716.6 3716.6 523782 0 2.44581e+08
380 2.80554 1.03483 -0.106667 1.23745e+06 3514.5 1.23394e+06 177.885 7.41706 0.0829445 2.49577e+08 3716.6 3716.6 523782 0 2.46787e+08
381 2.80554 1.03483 -0.0975 1.25757e+06 3514.5 1.25405e+06 177.729 7.42891 0.0710851 2.49688e+08 3716.6 3716.6 523782 0 2.50811e+08
382 2.80554 1.03483 -0.0883333 1.28624e+06 3514.5 1.28272e+06 177.583 7.4396 0.0603955 2.49788e+08 3716.6 3716.6 523782 0 2.56545e+08
383 2.80554 1.03483 -0.0791667 1.32283e+06 3514.5 1.31931e+06 177.458 7.44911 0.0508879 2.49877e+08 3716.6 3716.6 523782 0 2.63863e+08
384 2.80554 1.03483 -0.07 1.36664e+06 3514.5 1.36313e+06 177.333 7.45746 0.0425419 2.49955e+08 3716.6 3716.6 523782 0 2.72626e+08
385 2.80554 1.037 -0.125 1.76778e+06 3514.5 1.76427e+06 176.969 7.52116 0.0211553 2.50378e+08 3724.38 3724.38 522690 0 3.52853e+08
386 2.80554 1.037 -0.115833 1.77917e+06 3514.5 1.77566e+06 176.792 7.53536 0.035363 2.50509e+08 3724.38 3724.38 522690 0 3.55132e+08
387 2.80554 1.037 -0.106667 1.79588e+06 3514.5 1.79237e+06 176.625 7.54844 0.0484367 2.50631e+08 3724.38 3724.38 522690 0 3.58474e+08
388 2.80554 1.037 -0.0975 1.81767e+06 3514.5 1.81416e+06 176.469 7.56037 0.0603691 2.50742e+08 3724.38 3724.38 522690 0 3.62832e+08
389 2.80554 1.037 -0.0883333 1.84428e+06 3514.5 1.84077e+06 176.333 7.57114 0.0711392 2.50843e+08 3724.38 3724.38 522690 0 3.68153e+08
390 2.80554 1.037 -0.0791667 1.87546e+06 3514.5 1.87194e+06 176.208 7.58075 0.0807537 2.50934e+08 3724.38 3724.38 522690 0 3.74388e+08
391 2.80554 1.037 -0.07 1.91094e+06 3514.5 1.90742e+06 176.083 7.58922 0.0892224 2.51014e+08 3724.38 3724.38 522690 0 3.81485e+08
392 2.80662 1.024 -0.125 1.59425e+06 3514.5 1.59074e+06 185.323 6.71433 0.785674 2.4381e+08 3677.69 3677.69 529280 0 3.18148e+08
393 2.80662 1.024 -0.115833 1.53779e+06 3514.5 1.53428e+06 185.115 6.72842 0.771584 2.43927e+08 3677.69 3677.69 529280 0 3.06857e+08
394 2.80662 1.024 -0.106667 1.49357e+06 3514.5 1.49006e+06 184.917 6.74136 0.758644 2.44037e+08 3677.69 3677.69 529280 0 2.98012e+08
395 2.80662 1.024 -0.0975 1.46257e+06 3514.5 1.45905e+06 184.74 6.75314 0.746858 2.44138e+08 3677.69 3677.69 529280 0 2.91811e+08
396 2.80662 1.024 -0.0883333 1.44554e+06 3514.5 1.44202e+06 184.583 6.76375 0.736246 2.44232e+08 3677.69 3677.69 529280 0 2.88405e+08
397 2.80662 1.024 -0.0791667 1.4429e+06 3514.5 1.43939e+06 184.438 6.77317 0.726831 2.44318e+08 3677.69 3677.69 529280 0 2.87879e+08
398 2.80662 1.024 -0.07 1.45469e+06 3514.5 1.45117e+06 184.302 6.78138 0.718621 2.44396e+08 3677.69 3677.69 529280 0 2.90235e+08
399 2.80662 1.02617 -0.125 1.0073e+06 3514.5 1.00379e+06 183.729 6.86107 0.63893 2.44855e+08 3685.47 3685.47 528176 0 2.00758e+08
400 2.80662 1.02617 -0.115833 939470 3514.5 935956 183.531 6.87554 0.624459 2.4497e+08 3685.47 3685.47 528176 0 1.87192e+08
401 2.80662 1.02617 -0.106667 888189 3514.5 884674 183.344 6.88882 0.611181 2.45078e+08 3685.47 3685.47 528176 0 1.76935e+08
402 2.80662 1.02617 -0.0975 856237 3514.5 852723 183.167 6.90084 0.59916 2.45181e+08 3685.47 3685.47 528176 0 1.70545e+08
403 2.80662 1.02617 -0.0883333 845631 3514.5 842116 183.01 6.91155 0.588448 2.4528e+08 3685.47 3685.47 528176 0 1.68424e+08
404 2.80662 1.02617 -0.0791667 857033 3514.5 853518 182.865 6.92092 0.579078 2.45374e+08 3685.47 3685.47 528176 0 1.70704e+08
405 2.80662 1.02617 -0.07 889495 3514.5 885980 182.74 6.92897 0.571029 2.45463e+08 3685.47 3685.47 528176 0 1.77197e+08
406 2.80662 1.02833 -0.125 481779 3514.5 478264 182.219 7.00977 0.490227 2.45846e+08 3693.25 3693.25 527074 0 9.56533e+07
407 2.80662 1.02833 -0.115833 378849 3514.5 375334 182.021 7.02728 0.472717 2.45906e+08 3693.25 3693.25 527074 0 7.50673e+07
408 2.80662 1.02833 -0.106667 298178 3514.5 294664 181.844 7.04457 0.45543 2.45943e+08 3693.25 3693.25 527074 0 5.89333e+07
409 2.80662 1.02833 -0.0975 260488 3514.5 256974 181.677 7.05932 0.440684 2.46039e+08 3693.25 3693.25 527074 0 5.13952e+07
410 2.80662 1.02833 -0.0883333 282887 3514.5 279372 181.521 7.06813 0.431872 2.46256e+08 3693.25 3693.25 527074 0 5.58749e+07
411 2.80662 1.02833 -0.0791667 353875 3514.5 350360 181.375 7.07334 0.426657 2.4646e+08 3693.25 3693.25 527074 0 7.00725e+07
412 2.80662 1.02833 -0.07 450903 3514.5 447389 181.25 7.07802 0.421982 2.46596e+08 3693.25 3693.25 527074 0 8.94782e+07
413 2.80662 1.0305 -0.125 401966 3514.5 398451 180.771 7.15185 0.348153 2.47179e+08 3701.04 3701.04 525975 0 7.96906e+07
414 2.80662 1.0305 -0.115833 338881 3514.5 335366 180.583 7.16874 0.331263 2.47398e+08 3701.04 3701.04 525975 0 6.70736e+07
415 2.80662 1.0305 -0.106667 312625 3514.5 309110 180.406 7.18321 0.316793 2.47613e+08 3701.04 3701.04 525975 0 6.18224e+07
416 2.80662 1.0305 -0.0975 331470 3514.5 327956 180.25 7.19398 0.306023 2.4775e+08 3701.04 3701.04 525975 0 6.55915e+07
417 2.80662 1.0305 -0.0883333 388548 3514.5 385034 180.094 7.20206 0.297944 2.47805e+08 3701.04 3701.04 525975 0 7.7007e+07
418 2.80662 1.0305 -0.0791667 469904 3514.5 466390 179.958 7.20897 0.291027 2.47837e+08 3701.04 3701.04 525975 0 9.32783e+07
419 2.80662 1.0305 -0.07 565020 3514.5 561506 179.833 7.21526 0.284744 2.47869e+08 3701.04 3701.04 525975 0 1.12301e+08
420 2.80662 1.03267 -0.125 877895 3514.5 874380 179.406 7.28115 0.218854 2.48269e+08 3708.82 3708.82 524877 0 1.74876e+08
421 2.80662 1.03267 -0.115833 874160 3514.5 870646 179.219 7.29536 0.204643 2.48406e+08 3708.82 3708.82 524877 0 1.74129e+08
422 2.80662 1.03267 -0.106667 884902 3514.5 881387 179.042 7.30833 0.191668 2.48529e+08 3708.82 3708.82 524877 0 1.76278e+08
423 2.80662 1.03267 -0.0975 909393 3514.5 905879 178.885 7.32007 0.179932 2.48639e+08 3708.82 3708.82 524877 0 1.81176e+08
424 2.80662 1.03267 -0.0883333 946421 3514.5 942907 178.74 7.33059 0.169413 2.48736e+08 3708.82 3708.82 524877 0 1.88581e+08
425 2.80662 1.03267 -0.0791667 994468 3514.5 990954 178.604 7.33991 0.160092 2.4882e+08 3708.82 3708.82 524877 0 1.98191e+08
426 2.80662 1.03267 -0.07 1.05195e+06 3514.5 1.04843e+06 178.49 7.34804 0.15196 2.48893e+08 3708.82 3708.82 524877 0 2.09687e+08
427 2.80662 1.03483 -0.125 1.42412e+06 3514.5 1.42061e+06 178.083 7.41369 0.0863052 2.49316e+08 3716.6 3716.6 523782 0 2.84121e+08
428 2.80662 1.03483 -0.115833 1.43531e+06 3514.5 1.4318e+06 177.906 7.42788 0.0721195 2.49447e+08 3716.6 3716.6 523782 0 2.8636e+08
429 2.80662 1.03483 -0.106667 1.45376e+06 3514.5 1.45025e+06 177.74 7.44092 0.0590801 2.49567e+08 3716.6 3716.6 523782 0 2.9005e+08
430 2.80662 1.03483 -0.0975 1.47907e+06 3514.5 1.47556e+06 177.583 7.45281 0.0471927 2.49677e+08 3716.6 3716.6 523782 0 2.95112e+08
431 2.80662 1.03483 -0.0883333 1.5108e+06 3514.5 1.50729e+06 177.438 7.46354 0.0364623 2.49776e+08 3716.6 3716.6 523782 0 3.01458e+08
432 2.80662 1.03483 -0.0791667 1.54848e+06 3514.5 1.54497e+06 177.312 7.47309 0.0269059 2.49865e+08 3716.6 3716.6 523782 0 3.08994e+08
433 2.80662 1.03483 -0.07 1.59164e+06 3514.5 1.58813e+06 177.188 7.4815 0.0185024 2.49944e+08 3716.6 3716.6 523782 0 3.17626e+08
434 2.80662 1.037 -0.125 1.97539e+06 3514.5 1.97187e+06 176.823 7.54541 0.045412 2.50374e+08 3724.38 3724.38 522690 0 3.94374e+08
435 2.80662 1.037 -0.115833 1.99272e+06 3514.5 1.98921e+06 176.646 7.55964 0.0596369 2.50504e+08 3724.38 3724.38 522690 0 3.97842e+08
436 2.80662 1.037 -0.106667 2.01419e+06 3514.5 2.01068e+06 176.49 7.57272 0.0727166 2.50625e+08 3724.38 3724.38 522690 0 4.02135e+08
437 2.80662 1.037 -0.0975 2.03958e+06 3514.5 2.03607e+06 176.333 7.58467 0.084671 2.50736e+08 3724.38 3724.38 522690 0 4.07214e+08
438 2.80662 1.037 -0.0883333 2.06868e+06 3514.5 2.06516e+06 176.198 7.59546 0.0954639 2.50837e+08 3724.38 3724.38 522690 0 4.13033e+08
439 2.80662 1.037 -0.0791667 2.10127e+06 3514.5 2.09776e+06 176.062 7.60512 0.10512 2.50928e+08 3724.38 3724.38 522690 0 4.19552e+08
440 2.80662 1.037 -0.07 2.13717e+06 3514.5 2.13366e+06 175.948 7.6136 0.1136 2.51008e+08 3724.38 3724.38 522690 0 4.26732e+08
441 2.80769 1.024 -0.125 1.37298e+06 3514.5 1.36947e+06 185.125 6.73889 0.761106 2.43801e+08 3677.69 3677.69 529280 0 2.73894e+08
442 2.80769 1.024 -0.115833 1.31715e+06 3514.5 1.31363e+06 184.927 6.75308 0.746919 2.43918e+08 3677.69 3677.69 529280 0 2.62728e+08
443 2.80769 1.024 -0.106667 1.27495e+06 3514.5 1.27144e+06 184.729 6.76609 0.733909 2.44027e+08 3677.69 3677.69 529280 0 2.54288e+08
444 2.80769 1.024 -0.0975 1.24762e+06 3514.5 1.2441e+06 184.562 6.77793 0.722066 2.44129e+08 3677.69 3677.69 529280 0 2.48821e+08
445 2.80769 1.024 -0.0883333 1.23602e+06 3514.5 1.23251e+06 184.396 6.78856 0.711441 2.44224e+08 3677.69 3677.69 529280 0 2.46502e+08
446 2.80769 1.024 -0.0791667 1.2405e+06 3514.5 1.23699e+06 184.25 6.79797 0.702027 2.44311e+08 3677.69 3677.69 529280 0 2.47398e+08
447 2.80769 1.024 -0.07 1.26081e+06 3514.5 1.2573e+06 184.115 6.80616 0.693839 2.44391e+08 3677.69 3677.69 529280 0 2.5146e+08
448 2.80769 1.02617 -0.125 786822 3514.5 783307 183.552 6.88691 0.613094 2.44829e+08 3685.47 3685.47 528176 0 1.56662e+08
449 2.80769 1.02617 -0.115833 717025 3514.5 713510 183.354 6.90173 0.598275 2.44939e+08 3685.47 3685.47 528176 0 1.42703e+08
450 2.80769 1.02617 -0.106667 667460 3514.5 663946 183.167 6.91529 0.584711 2.45045e+08 3685.47 3685.47 528176 0 1.3279e+08
451 2.80769 1.02617 -0.0975 642545 3514.5 639030 182.99 6.92743 0.572567 2.45152e+08 3685.47 3685.47 528176 0 1.27807e+08
452 2.80769 1.02617 -0.0883333 644883 3514.5 641368 182.833 6.93804 0.561959 2.4526e+08 3685.47 3685.47 528176 0 1.28274e+08
453 2.80769 1.02617 -0.0791667 674012 3514.5 670498 182.698 6.94712 0.552879 2.45366e+08 3685.47 3685.47 528176 0 1.341e+08
454 2.80769 1.02617 -0.07 726580 3514.5 723065 182.562 6.95479 0.545212 2.45465e+08 3685.47 3685.47 528176 0 1.44614e+08
455 2.80769 1.02833 -0.125 310104 3514.5 306589 182.042 7.04099 0.459011 2.4581e+08 3693.25 3693.25 527074 0 6.13183e+07
456 2.80769 1.02833 -0.115833 187338 3514.5 183823 181.854 7.0679 0.432104 2.45755e+08 3693.25 3693.25 527074 0 3.67651e+07
457 2.80769 1.02833 -0.106667 77400.4 3514.5 73885.9 181.667 7.12655 0.373452 2.45081e+08 3693.25 3693.25 527074 0 1.47776e+07
458 2.80769 1.02833 -0.0975 90999.9 3514.5 87485.4 181.5 7.12669 0.373314 2.46231e+08 3693.25 3693.25 527074 0 1.74975e+07
459 2.80769 1.02833 -0.0883333 204165 3514.5 200650 181.354 7.10065 0.399345 2.46579e+08 3693.25 3693.25 527074 0 4.01304e+07
460 2.80769 1.02833 -0.0791667 325751 3514.5 322237 181.208 7.09915 0.400847 2.46648e+08 3693.25 3693.25 527074 0 6.44477e+07
461 2.80769 1.02833 -0.07 448747 3514.5 445232 181.083 7.10245 0.397546 2.46704e+08 3693.25 3693.25 527074 0 8.90468e+07
462 2.80769 1.0305 -0.125 531946 3514.5 528432 180.615 7.17256 0.327445 2.47226e+08 3701.04 3701.04 525975 0 1.05687e+08
463 2.80769 1.0305 -0.115833 513775 3514.5 510261 180.427 7.18711 0.312893 2.47387e+08 3701.04 3701.04 525975 0 1.02053e+08
464 2.80769 1.0305 -0.106667 522082 3514.5 518568 180.25 7.19995 0.30005 2.47523e+08 3701.04 3701.04 525975 0 1.03714e+08
465 2.80769 1.0305 -0.0975 555344 3514.5 551829 180.094 7.21116 0.288844 2.4763e+08 3701.04 3701.04 525975 0 1.10366e+08
466 2.80769 1.0305 -0.0883333 609211 3514.5 605697 179.938 7.22096 0.279041 2.47713e+08 3701.04 3701.04 525975 0 1.2114e+08
467 2.80769 1.0305 -0.0791667 678631 3514.5 675116 179.802 7.22956 0.270444 2.4778e+08 3701.04 3701.04 525975 0 1.35024e+08
468 2.80769 1.0305 -0.07 759229 3514.5 755714 179.677 7.23706 0.262937 2.47838e+08 3701.04 3701.04 525975 0 1.51143e+08
469 2.80769 1.03267 -0.125 1.07122e+06 3514.5 1.06771e+06 179.25 7.30441 0.195595 2.4826e+08 3708.82 3708.82 524877 0 2.13542e+08
470 2.80769 1.03267 -0.115833 1.08122e+06 3514.5 1.0777e+06 179.062 7.31856 0.181436 2.48391e+08 3708.82 3708.82 524877 0 2.15541e+08
471 2.80769 1.03267 -0.106667 1.10178e+06 3514.5 1.09827e+06 178.896 7.33154 0.168463 2.4851e+08 3708.82 3708.82 524877 0 2.19654e+08
472 2.80769 1.03267 -0.0975 1.13217e+06 3514.5 1.12866e+06 178.74 7.34333 0.156668 2.48618e+08 3708.82 3708.82 524877 0 2.25732e+08
473 2.80769 1.03267 -0.0883333 1.17148e+06 3514.5 1.16797e+06 178.594 7.35395 0.146049 2.48715e+08 3708.82 3708.82 524877 0 2.33594e+08
474 2.80769 1.03267 -0.0791667 1.21875e+06 3514.5 1.21524e+06 178.458 7.3634 0.136602 2.48801e+08 3708.82 3708.82 524877 0 2.43047e+08
475 2.80769 1.03267 -0.07 1.27302e+06 3514.5 1.26951e+06 178.333 7.37168 0.128325 2.48876e+08 3708.82 3708.82 524877 0 2.53902e+08
476 2.80769 1.03483 -0.125 1.63026e+06 3514.5 1.62675e+06 177.938 7.43774 0.062264 2.4931e+08 3716.6 3716.6 523782 0 3.25349e+08
477 2.80769 1.03483 -0.115833 1.64865e+06 3514.5 1.64513e+06 177.76 7.45194 0.0480638 2.49439e+08 3716.6 3716.6 523782 0 3.29027e+08
478 2.80769 1.03483 -0.106667 1.67259e+06 3514.5 1.66907e+06 177.594 7.465 0.0350018 2.49559e+08 3716.6 3716.6 523782 0 3.33815e+08
479 2.80769 1.03483 -0.0975 1.70174e+06 3514.5 1.69822e+06 177.438 7.47692 0.0230849 2.49668e+08 3716.6 3716.6 523782 0 3.39645e+08
480 2.80769 1.03483 -0.0883333 1.73574e+06 3514.5 1.73223e+06 177.302 7.48767 0.0123329 2.49767e+08 3716.6 3716.6 523782 0 3.46446e+08
481 2.80769 1.03483 -0.0791667 1.77425e+06 3514.5 1.77073e+06 177.167 7.49728 0.00272446 2.49856e+08 3716.6 3716.6 523782 0 3.54147e+08
482 2.80769 1.03483 -0.07 1.81693e+06 3514.5 1.81342e+06 177.052 7.50571 0.00570671 2.49935e+08 3716.6 3716.6 523782 0 3.62683e+08
483 2.80769 1.037 -0.125 2.18669e+06 3514.5 2.18318e+06 176.688 7.56975 0.0697515 2.5037e+08 3724.38 3724.38 522690 0 4.36635e+08
484 2.80769 1.037 -0.115833 2.20882e+06 3514.5 2.2053e+06 176.51 7.584 0.0839958 2.505e+08 3724.38 3724.38 522690 0 4.4106e+08
485 2.80769 1.037 -0.106667 2.23412e+06 3514.5 2.23061e+06 176.344 7.59711 0.0971107 2.5062e+08 3724.38 3724.38 522690 0 4.46121e+08
486 2.80769 1.037 -0.0975 2.26241e+06 3514.5 2.2589e+06 176.198 7.60907 0.109071 2.50731e+08 3724.38 3724.38 522690 0 4.51779e+08
487 2.80769 1.037 -0.0883333 2.29351e+06 3514.5 2.29e+06 176.052 7.6199 0.119904 2.50832e+08 3724.38 3724.38 522690 0 4.58e+08
488 2.80769 1.037 -0.0791667 2.32726e+06 3514.5 2.32375e+06 175.927 7.62957 0.129566 2.50923e+08 3724.38 3724.38 522690 0 4.6475e+08
489 2.80769 1.037 -0.07 2.36351e+06 3514.5 2.36e+06 175.812 7.63807 0.138069 2.51004e+08 3724.38 3724.38 522690 0 4.71999e+08
490 2.80877 1.024 -0.125 1.15152e+06 3514.5 1.148e+06 184.938 6.76378 0.736221 2.43788e+08 3677.69 3677.69 529280 0 2.29601e+08
491 2.80877 1.024 -0.115833 1.09662e+06 3514.5 1.09311e+06 184.74 6.77808 0.721925 2.43904e+08 3677.69 3677.69 529280 0 2.18622e+08
492 2.80877 1.024 -0.106667 1.05737e+06 3514.5 1.05385e+06 184.552 6.79118 0.70882 2.44014e+08 3677.69 3677.69 529280 0 2.10772e+08
493 2.80877 1.024 -0.0975 1.03534e+06 3514.5 1.03183e+06 184.375 6.80306 0.696941 2.44117e+08 3677.69 3677.69 529280 0 2.06366e+08
494 2.80877 1.024 -0.0883333 1.0315e+06 3514.5 1.02798e+06 184.219 6.81369 0.686305 2.44214e+08 3677.69 3677.69 529280 0 2.05597e+08
495 2.80877 1.024 -0.0791667 1.0459e+06 3514.5 1.04238e+06 184.062 6.82306 0.676939 2.44305e+08 3677.69 3677.69 529280 0 2.08477e+08
496 2.80877 1.024 -0.07 1.07771e+06 3514.5 1.0742e+06 183.938 6.83118 0.668817 2.44388e+08 3677.69 3677.69 529280 0 2.1484e+08
497 2.80877 1.02617 -0.125 567593 3514.5 564078 183.375 6.9141 0.585901 2.44784e+08 3685.47 3685.47 528176 0 1.12816e+08
498 2.80877 1.02617 -0.115833 494409 3514.5 490895 183.177 6.92979 0.570213 2.4488e+08 3685.47 3685.47 528176 0 9.81795e+07
499 2.80877 1.02617 -0.106667 448401 3514.5 444887 182.99 6.94401 0.555988 2.44983e+08 3685.47 3685.47 528176 0 8.89779e+07
500 2.80877 1.02617 -0.0975 437766 3514.5 434251 182.823 6.95615 0.543846 2.45108e+08 3685.47 3685.47 528176 0 8.68508e+07
501 2.80877 1.02617 -0.0883333 464552 3514.5 461037 182.667 6.96601 0.533995 2.45248e+08 3685.47 3685.47 528176 0 9.2208e+07
502 2.80877 1.02617 -0.0791667 522791 3514.5 519277 182.521 6.97404 0.525959 2.4538e+08 3685.47 3685.47 528176 0 1.03856e+08
503 2.80877 1.02617 -0.07 603297 3514.5 599782 182.396 6.98082 0.519175 2.4549e+08 3685.47 3685.47 528176 0 1.19957e+08
504 2.80877 1.02833 -0.125 244329 3514.5 240815 181.875 7.0705 0.4295 2.46033e+08 3693.25 3693.25 527074 0 4.81634e+07
505 2.80877 1.02833 -0.115833 161794 3514.5 158280 181.688 7.09722 0.402783 2.46436e+08 3693.25 3693.25 527074 0 3.16563e+07
506 2.80877 1.02833 -0.106667 150010 3514.5 146496 181.5 7.1131 0.3869 2.46904e+08 3693.25 3693.25 527074 0 2.92995e+07
507 2.80877 1.02833 -0.0975 219654 3514.5 216139 181.344 7.1122 0.3878 2.468e+08 3693.25 3693.25 527074 0 4.32282e+07
508 2.80877 1.02833 -0.0883333 321185 3514.5 317671 181.188 7.11424 0.385762 2.46724e+08 3693.25 3693.25 527074 0 6.35345e+07
509 2.80877 1.02833 -0.0791667 432447 3514.5 428932 181.052 7.11897 0.381026 2.46723e+08 3693.25 3693.25 527074 0 8.57868e+07
510 2.80877 1.02833 -0.07 547350 3514.5 543835 180.927 7.12445 0.375545 2.46752e+08 3693.25 3693.25 527074 0 1.08767e+08
511 2.80877 1.0305 -0.125 710517 3514.5 707002 180.458 7.19413 0.305866 2.47217e+08 3701.04 3701.04 525975 0 1.41401e+08
512 2.80877 1.0305 -0.115833 716741 3514.5 713227 180.271 7.20825 0.291752 2.47354e+08 3701.04 3701.04 525975 0 1.42646e+08
513 2.80877 1.0305 -0.106667 740389 3514.5 736875 180.094 7.22104 0.278958 2.47474e+08 3701.04 3701.04 525975 0 1.47375e+08
514 2.80877 1.0305 -0.0975 779630 3514.5 776116 179.938 7.23255 0.267447 2.47578e+08 3701.04 3701.04 525975 0 1.55223e+08
515 2.80877 1.0305 -0.0883333 832039 3514.5 828525 179.781 7.24285 0.257149 2.47668e+08 3701.04 3701.04 525975 0 1.65705e+08
516 2.80877 1.0305 -0.0791667 895170 3514.5 891655 179.646 7.25197 0.248035 2.47746e+08 3701.04 3701.04 525975 0 1.78331e+08
517 2.80877 1.0305 -0.07 966819 3514.5 963304 179.531 7.25992 0.240078 2.47814e+08 3701.04 3701.04 525975 0 1.92661e+08
518 2.80877 1.03267 -0.125 1.275e+06 3514.5 1.27149e+06 179.094 7.32804 0.171958 2.4825e+08 3708.82 3708.82 524877 0 2.54298e+08
519 2.80877 1.03267 -0.115833 1.29434e+06 3514.5 1.29082e+06 178.917 7.3422 0.1578 2.48379e+08 3708.82 3708.82 524877 0 2.58165e+08
520 2.80877 1.03267 -0.106667 1.32148e+06 3514.5 1.31797e+06 178.74 7.35521 0.144786 2.48496e+08 3708.82 3708.82 524877 0 2.63594e+08
521 2.80877 1.03267 -0.0975 1.35581e+06 3514.5 1.3523e+06 178.583 7.36706 0.132938 2.48604e+08 3708.82 3708.82 524877 0 2.7046e+08
522 2.80877 1.03267 -0.0883333 1.39668e+06 3514.5 1.39317e+06 178.438 7.37775 0.12225 2.48701e+08 3708.82 3708.82 524877 0 2.78634e+08
523 2.80877 1.03267 -0.0791667 1.44344e+06 3514.5 1.43992e+06 178.312 7.38726 0.112737 2.48788e+08 3708.82 3708.82 524877 0 2.87985e+08
524 2.80877 1.03267 -0.07 1.49547e+06 3514.5 1.49195e+06 178.188 7.39562 0.104377 2.48864e+08 3708.82 3708.82 524877 0 2.9839e+08
525 2.80877 1.03483 -0.125 1.84101e+06 3514.5 1.8375e+06 177.792 7.46192 0.038077 2.49305e+08 3716.6 3716.6 523782 0 3.675e+08
526 2.80877 1.03483 -0.115833 1.86494e+06 3514.5 1.86143e+06 177.615 7.47614 0.0238554 2.49433e+08 3716.6 3716.6 523782 0 3.72285e+08
527 2.80877 1.03483 -0.106667 1.8931e+06 3514.5 1.88959e+06 177.448 7.48923 0.0107682 2.49552e+08 3716.6 3716.6 523782 0 3.77917e+08
528 2.80877 1.03483 -0.0975 1.9252e+06 3514.5 1.92169e+06 177.292 7.50118 0.00117751 2.49661e+08 3716.6 3716.6 523782 0 3.84337e+08
529 2.80877 1.03483 -0.0883333 1.96096e+06 3514.5 1.95745e+06 177.156 7.51196 0.0119591 2.4976e+08 3716.6 3716.6 523782 0 3.9149e+08
530 2.80877 1.03483 -0.0791667 2.00013e+06 3514.5 1.99661e+06 177.021 7.5216 0.0216008 2.49849e+08 3716.6 3716.6 523782 0 3.99323e+08
531 2.80877 1.03483 -0.07 2.04245e+06 3514.5 2.03893e+06 176.906 7.53006 0.0300648 2.49929e+08 3716.6 3716.6 523782 0 4.07787e+08
532 2.80877 1.037 -0.125 2.40075e+06 3514.5 2.39724e+06 176.552 7.59417 0.0941703 2.50367e+08 3724.38 3724.38 522690 0 4.79447e+08
533 2.80877 1.037 -0.115833 2.42681e+06 3514.5 2.4233e+06 176.375 7.60844 0.108435 2.50496e+08 3724.38 3724.38 522690 0 4.84659e+08
534 2.80877 1.037 -0.106667 2.45526e+06 3514.5 2.45175e+06 176.208 7.62157 0.121572 2.50616e+08 3724.38 3724.38 522690 0 4.90349e+08
535 2.80877 1.037 -0.0975 2.48594e+06 3514.5 2.48242e+06 176.062 7.63355 0.133553 2.50727e+08 3724.38 3724.38 522690 0 4.96484e+08
536 2.80877 1.037 -0.0883333 2.51869e+06 3514.5 2.51518e+06 175.917 7.64441 0.144407 2.50828e+08 3724.38 3724.38 522690 0 5.03036e+08
537 2.80877 1.037 -0.0791667 2.5534e+06 3514.5 2.54989e+06 175.792 7.65409 0.154091 2.50918e+08 3724.38 3724.38 522690 0 5.09977e+08
538 2.80877 1.037 -0.07 2.58995e+06 3514.5 2.58643e+06 175.677 7.66262 0.162615 2.50999e+08 3724.38 3724.38 522690 0 5.17287e+08
539 2.80985 1.024 -0.125 929864 3514.5 926350 184.76 6.78915 0.710854 2.4377e+08 3677.69 3677.69 529280 0 1.85271e+08
540 2.80985 1.024 -0.115833 876466 3514.5 872951 184.552 6.8036 0.696399 2.43885e+08 3677.69 3677.69 529280 0 1.74591e+08
541 2.80985 1.024 -0.106667 841797 3514.5 838283 184.365 6.81682 0.683184 2.43995e+08 3677.69 3677.69 529280 0 1.67657e+08
542 2.80985 1.024 -0.0975 827964 3514.5 824450 184.188 6.82872 0.671279 2.44102e+08 3677.69 3677.69 529280 0 1.64891e+08
543 2.80985 1.024 -0.0883333 835781 3514.5 832266 184.031 6.83929 0.660713 2.44204e+08 3677.69 3677.69 529280 0 1.66454e+08
544 2.80985 1.024 -0.0791667 864504 3514.5 860990 183.885 6.84852 0.651481 2.443e+08 3677.69 3677.69 529280 0 1.72199e+08
545 2.80985 1.024 -0.07 912039 3514.5 908525 183.76 6.85646 0.643537 2.44388e+08 3677.69 3677.69 529280 0 1.81706e+08
546 2.80985 1.02617 -0.125 352299 3514.5 348784 183.198 6.94493 0.555066 2.44689e+08 3685.47 3685.47 528176 0 6.97574e+07
547 2.80985 1.02617 -0.115833 271650 3514.5 268135 183 6.96421 0.535788 2.44726e+08 3685.47 3685.47 528176 0 5.36276e+07
548 2.80985 1.02617 -0.106667 236206 3514.5 232691 182.812 6.98056 0.519443 2.44843e+08 3685.47 3685.47 528176 0 4.65388e+07
549 2.80985 1.02617 -0.0975 263928 3514.5 260414 182.646 6.98965 0.510353 2.451e+08 3685.47 3685.47 528176 0 5.20833e+07
550 2.80985 1.02617 -0.0883333 339207 3514.5 335692 182.49 6.99517 0.504826 2.45317e+08 3685.47 3685.47 528176 0 6.7139e+07
551 2.80985 1.02617 -0.0791667 437897 3514.5 434382 182.354 7.00064 0.499364 2.45454e+08 3685.47 3685.47 528176 0 8.6877e+07
552 2.80985 1.02617 -0.07 547281 3514.5 543767 182.219 7.00622 0.493785 2.4555e+08 3685.47 3685.47 528176 0 1.08754e+08
553 2.80985 1.02833 -0.125 350457 3514.5 346942 181.708 7.08729 0.412707 2.46208e+08 3693.25 3693.25 527074 0 6.93889e+07
554 2.80985 1.02833 -0.115833 341932 3514.5 338417 181.521 7.10187 0.398129 2.46402e+08 3693.25 3693.25 527074 0 6.76839e+07
555 2.80985 1.02833 -0.106667 372679 3514.5 369164 181.344 7.11344 0.386563 2.46526e+08 3693.25 3693.25 527074 0 7.38332e+07
556 2.80985 1.02833 -0.0975 433958 3514.5 430443 181.177 7.12304 0.376957 2.46596e+08 3693.25 3693.25 527074 0 8.6089e+07
557 2.80985 1.02833 -0.0883333 514661 3514.5 511147 181.031 7.13161 0.368391 2.46648e+08 3693.25 3693.25 527074 0 1.0223e+08
558 2.80985 1.02833 -0.0791667 606841 3514.5 603326 180.885 7.13943 0.360572 2.46698e+08 3693.25 3693.25 527074 0 1.20666e+08
559 2.80985 1.02833 -0.07 705873 3514.5 702358 180.76 7.14647 0.353534 2.46746e+08 3693.25 3693.25 527074 0 1.40472e+08
560 2.80985 1.0305 -0.125 909618 3514.5 906103 180.302 7.21675 0.283251 2.472e+08 3701.04 3701.04 525975 0 1.81221e+08
561 2.80985 1.0305 -0.115833 929681 3514.5 926167 180.115 7.23082 0.269177 2.47329e+08 3701.04 3701.04 525975 0 1.85234e+08
562 2.80985 1.0305 -0.106667 961636 3514.5 958122 179.938 7.2437 0.256302 2.47445e+08 3701.04 3701.04 525975 0 1.91625e+08
563 2.80985 1.0305 -0.0975 1.00414e+06 3514.5 1.00063e+06 179.781 7.25538 0.244624 2.47549e+08 3701.04 3701.04 525975 0 2.00126e+08
564 2.80985 1.0305 -0.0883333 1.05575e+06 3514.5 1.05223e+06 179.625 7.26589 0.23411 2.47642e+08 3701.04 3701.04 525975 0 2.10447e+08
565 2.80985 1.0305 -0.0791667 1.11506e+06 3514.5 1.11155e+06 179.5 7.27522 0.22478 2.47724e+08 3701.04 3701.04 525975 0 2.2231e+08
566 2.80985 1.0305 -0.07 1.18083e+06 3514.5 1.17731e+06 179.375 7.2834 0.216599 2.47796e+08 3701.04 3701.04 525975 0 2.35463e+08
567 2.80985 1.03267 -0.125 1.48499e+06 3514.5 1.48148e+06 178.948 7.35194 0.148062 2.48242e+08 3708.82 3708.82 524877 0 2.96295e+08
568 2.80985 1.03267 -0.115833 1.51101e+06 3514.5 1.5075e+06 178.76 7.36613 0.13387 2.48369e+08 3708.82 3708.82 524877 0 3.015e+08
569 2.80985 1.03267 -0.106667 1.54284e+06 3514.5 1.53933e+06 178.594 7.37917 0.120829 2.48486e+08 3708.82 3708.82 524877 0 3.07866e+08
570 2.80985 1.03267 -0.0975 1.58e+06 3514.5 1.57649e+06 178.438 7.39106 0.108937 2.48593e+08 3708.82 3708.82 524877 0 3.15298e+08
571 2.80985 1.03267 -0.0883333 1.62201e+06 3514.5 1.61849e+06 178.292 7.4018 0.0981986 2.4869e+08 3708.82 3708.82 524877 0 3.23699e+08
572 2.80985 1.03267 -0.0791667 1.66841e+06 3514.5 1.6649e+06 178.167 7.41137 0.0886325 2.48778e+08 3708.82 3708.82 524877 0 3.3298e+08
573 2.80985 1.03267 -0.07 1.71879e+06 3514.5 1.71528e+06 178.042 7.41978 0.0802159 2.48855e+08 3708.82 3708.82 524877 0 3.43056e+08
574 2.80985 1.03483 -0.125 2.055e+06 3514.5 2.05148e+06 177.646 7.48623 0.0137734 2.493e+08 3716.6 3716.6 523782 0 4.10296e+08
575 2.80985 1.03483 -0.115833 2.08331e+06 3514.5 2.07979e+06 177.469 7.50047 0.000471901 2.49428e+08 3716.6 3716.6 523782 0 4.15958e+08
576 2.80985 1.03483 -0.106667 2.1148e+06 3514.5 2.11129e+06 177.312 7.51357 0.013569 2.49547e+08 3716.6 3716.6 523782 0 4.22257e+08
577 2.80985 1.03483 -0.0975 2.14924e+06 3514.5 2.14573e+06 177.156 7.52554 0.025541 2.49655e+08 3716.6 3716.6 523782 0 4.29146e+08
578 2.80985 1.03483 -0.0883333 2.18641e+06 3514.5 2.1829e+06 177.01 7.53637 0.0363659 2.49755e+08 3716.6 3716.6 523782 0 4.3658e+08
579 2.80985 1.03483 -0.0791667 2.22611e+06 3514.5 2.2226e+06 176.885 7.54602 0.0460185 2.49844e+08 3716.6 3716.6 523782 0 4.44519e+08
580 2.80985 1.03483 -0.07 2.26816e+06 3514.5 2.26464e+06 176.771 7.55451 0.0545096 2.49924e+08 3716.6 3716.6 523782 0 4.52929e+08
581 2.80985 1.037 -0.125 2.61691e+06 3514.5 2.6134e+06 176.406 7.61868 0.118675 2.50363e+08 3724.38 3724.38 522690 0 5.2268e+08
582 2.80985 1.037 -0.115833 2.64626e+06 3514.5 2.64275e+06 176.24 7.63294 0.132944 2.50493e+08 3724.38 3724.38 522690 0 5.28549e+08
583 2.80985 1.037 -0.106667 2.67734e+06 3514.5 2.67382e+06 176.073 7.6461 0.146102 2.50613e+08 3724.38 3724.38 522690 0 5.34764e+08
584 2.80985 1.037 -0.0975 2.71001e+06 3514.5 2.70649e+06 175.927 7.6581 0.158103 2.50723e+08 3724.38 3724.38 522690 0 5.41299e+08
585 2.80985 1.037 -0.0883333 2.74416e+06 3514.5 2.74064e+06 175.781 7.66898 0.168979 2.50824e+08 3724.38 3724.38 522690 0 5.48128e+08
586 2.80985 1.037 -0.0791667 2.77967e+06 3514.5 2.77616e+06 175.656 7.67868 0.178682 2.50915e+08 3724.38 3724.38 522690 0 5.55232e+08
587 2.80985 1.037 -0.07 2.81648e+06 3514.5 2.81296e+06 175.542 7.68723 0.187226 2.50996e+08 3724.38 3724.38 522690 0 5.62593e+08
588 2.81092 1.024 -0.125 708032 3514.5 704517 184.573 6.81537 0.684634 2.43739e+08 3677.69 3677.69 529280 0 1.40904e+08
589 2.81092 1.024 -0.115833 657254 3514.5 653739 184.375 6.83013 0.669871 2.43853e+08 3677.69 3677.69 529280 0 1.30749e+08
590 2.81092 1.024 -0.106667 630509 3514.5 626994 184.188 6.84348 0.656522 2.43967e+08 3677.69 3677.69 529280 0 1.254e+08
591 2.81092 1.024 -0.0975 630515 3514.5 627001 184.01 6.85528 0.644717 2.44084e+08 3677.69 3677.69 529280 0 1.25401e+08
592 2.81092 1.024 -0.0883333 656994 3514.5 653479 183.854 6.86554 0.634456 2.44198e+08 3677.69 3677.69 529280 0 1.30697e+08
593 2.81092 1.024 -0.0791667 706757 3514.5 703243 183.708 6.87438 0.625621 2.44305e+08 3677.69 3677.69 529280 0 1.40649e+08
594 2.81092 1.024 -0.07 775188 3514.5 771674 183.573 6.88194 0.618059 2.44399e+08 3677.69 3677.69 529280 0 1.54335e+08
595 2.81092 1.02617 -0.125 158609 3514.5 155095 183.021 6.99043 0.509575 2.44491e+08 3685.47 3685.47 528176 0 3.10195e+07
596 2.81092 1.02617 -0.115833 49223.3 3514.5 45708.8 182.823 7.08966 0.410341 2.43263e+08 3685.47 3685.47 528176 0 9.14218e+06
597 2.81092 1.02617 -0.106667 99007.5 3514.5 95493 182.646 7.04059 0.459413 2.45371e+08 3685.47 3685.47 528176 0 1.90991e+07
598 2.81092 1.02617 -0.0975 216795 3514.5 213281 182.479 7.01896 0.481039 2.45459e+08 3685.47 3685.47 528176 0 4.26566e+07
599 2.81092 1.02617 -0.0883333 337268 3514.5 333754 182.323 7.01961 0.480395 2.45503e+08 3685.47 3685.47 528176 0 6.67512e+07
600 2.81092 1.02617 -0.0791667 457993 3514.5 454479 182.177 7.02439 0.475608 2.45557e+08 3685.47 3685.47 528176 0 9.08962e+07
601 2.81092 1.02617 -0.07 578581 3514.5 575066 182.052 7.03001 0.46999 2.45613e+08 3685.47 3685.47 528176 0 1.15014e+08
602 2.81092 1.02833 -0.125 534705 3514.5 531191 181.542 7.10572 0.394279 2.46182e+08 3693.25 3693.25 527074 0 1.06238e+08
603 2.81092 1.02833 -0.115833 554827 3514.5 551313 181.354 7.1195 0.3805 2.46317e+08 3693.25 3693.25 527074 0 1.10263e+08
604 2.81092 1.02833 -0.106667 596346 3514.5 592831 181.177 7.1318 0.368197 2.46428e+08 3693.25 3693.25 527074 0 1.18567e+08
605 2.81092 1.02833 -0.0975 654867 3514.5 651353 181.021 7.14282 0.357183 2.46519e+08 3693.25 3693.25 527074 0 1.30271e+08
606 2.81092 1.02833 -0.0883333 726020 3514.5 722505 180.865 7.15269 0.347308 2.46598e+08 3693.25 3693.25 527074 0 1.44501e+08
607 2.81092 1.02833 -0.0791667 806289 3514.5 802775 180.729 7.16148 0.338519 2.46667e+08 3693.25 3693.25 527074 0 1.60555e+08
608 2.81092 1.02833 -0.07 893083 3514.5 889568 180.604 7.16921 0.330793 2.46729e+08 3693.25 3693.25 527074 0 1.77914e+08
609 2.81092 1.0305 -0.125 1.11842e+06 3514.5 1.11491e+06 180.135 7.24003 0.259967 2.47186e+08 3701.04 3701.04 525975 0 2.22982e+08
610 2.81092 1.0305 -0.115833 1.14714e+06 3514.5 1.14362e+06 179.958 7.25414 0.245865 2.47311e+08 3701.04 3701.04 525975 0 2.28725e+08
611 2.81092 1.0305 -0.106667 1.18425e+06 3514.5 1.18074e+06 179.781 7.26709 0.232914 2.47426e+08 3701.04 3701.04 525975 0 2.36148e+08
612 2.81092 1.0305 -0.0975 1.22883e+06 3514.5 1.22532e+06 179.625 7.27887 0.221133 2.47531e+08 3701.04 3701.04 525975 0 2.45063e+08
613 2.81092 1.0305 -0.0883333 1.27994e+06 3514.5 1.27642e+06 179.479 7.28949 0.21051 2.47625e+08 3701.04 3701.04 525975 0 2.55285e+08
614 2.81092 1.0305 -0.0791667 1.33671e+06 3514.5 1.3332e+06 179.344 7.29895 0.201048 2.47709e+08 3701.04 3701.04 525975 0 2.6664e+08
615 2.81092 1.0305 -0.07 1.39838e+06 3514.5 1.39486e+06 179.219 7.30725 0.192747 2.47783e+08 3701.04 3701.04 525975 0 2.78973e+08
616 2.81092 1.03267 -0.125 1.69894e+06 3514.5 1.69542e+06 178.792 7.37604 0.123962 2.48235e+08 3708.82 3708.82 524877 0 3.39085e+08
617 2.81092 1.03267 -0.115833 1.72995e+06 3514.5 1.72644e+06 178.615 7.39025 0.109751 2.48361e+08 3708.82 3708.82 524877 0 3.45288e+08
618 2.81092 1.03267 -0.106667 1.76529e+06 3514.5 1.76178e+06 178.448 7.40332 0.0966769 2.48478e+08 3708.82 3708.82 524877 0 3.52356e+08
619 2.81092 1.03267 -0.0975 1.80458e+06 3514.5 1.80107e+06 178.292 7.41525 0.084747 2.48585e+08 3708.82 3708.82 524877 0 3.60213e+08
620 2.81092 1.03267 -0.0883333 1.84746e+06 3514.5 1.84395e+06 178.146 7.42603 0.0739678 2.48683e+08 3708.82 3708.82 524877 0 3.68789e+08
621 2.81092 1.03267 -0.0791667 1.89361e+06 3514.5 1.8901e+06 178.021 7.43564 0.0643614 2.4877e+08 3708.82 3708.82 524877 0 3.7802e+08
622 2.81092 1.03267 -0.07 1.94274e+06 3514.5 1.93922e+06 177.896 7.4441 0.0559018 2.48848e+08 3708.82 3708.82 524877 0 3.87845e+08
623 2.81092 1.03483 -0.125 2.27132e+06 3514.5 2.26781e+06 177.51 7.51061 0.0106101 2.49296e+08 3716.6 3716.6 523782 0 4.53562e+08
624 2.81092 1.03483 -0.115833 2.30318e+06 3514.5 2.29967e+06 177.333 7.52488 0.024879 2.49424e+08 3716.6 3716.6 523782 0 4.59934e+08
625 2.81092 1.03483 -0.106667 2.33738e+06 3514.5 2.33387e+06 177.167 7.53802 0.0380163 2.49542e+08 3716.6 3716.6 523782 0 4.66774e+08
626 2.81092 1.03483 -0.0975 2.37373e+06 3514.5 2.37022e+06 177.01 7.55001 0.0500142 2.49651e+08 3716.6 3716.6 523782 0 4.74044e+08
627 2.81092 1.03483 -0.0883333 2.41206e+06 3514.5 2.40854e+06 176.875 7.56085 0.0608459 2.4975e+08 3716.6 3716.6 523782 0 4.81708e+08
628 2.81092 1.03483 -0.0791667 2.4522e+06 3514.5 2.44869e+06 176.75 7.57052 0.0705223 2.4984e+08 3716.6 3716.6 523782 0 4.89737e+08
629 2.81092 1.03483 -0.07 2.49403e+06 3514.5 2.49052e+06 176.625 7.57906 0.0790578 2.49919e+08 3716.6 3716.6 523782 0 4.98104e+08
630 2.81092 1.037 -0.125 2.83472e+06 3514.5 2.8312e+06 176.271 7.64323 0.143225 2.50361e+08 3724.38 3724.38 522690 0 5.66241e+08
631 2.81092 1.037 -0.115833 2.86685e+06 3514.5 2.86334e+06 176.104 7.65751 0.157514 2.5049e+08 3724.38 3724.38 522690 0 5.72668e+08
632 2.81092 1.037 -0.106667 2.90016e+06 3514.5 2.89664e+06 175.938 7.67069 0.170693 2.5061e+08 3724.38 3724.38 522690 0 5.79328e+08
633 2.81092 1.037 -0.0975 2.93452e+06 3514.5 2.93101e+06 175.792 7.68271 0.182713 2.5072e+08 3724.38 3724.38 522690 0 5.86202e+08
634 2.81092 1.037 -0.0883333 2.96986e+06 3514.5 2.96634e+06 175.656 7.69359 0.193587 2.50821e+08 3724.38 3724.38 522690 0 5.93269e+08
635 2.81092 1.037 -0.0791667 3.00607e+06 3514.5 3.00256e+06 175.521 7.70333 0.203332 2.50912e+08 3724.38 3724.38 522690 0 6.00512e+08
636 2.81092 1.037 -0.07 3.0431e+06 3514.5 3.03959e+06 175.417 7.71187 0.21187 2.50993e+08 3724.38 3724.38 522690 0 6.07918e+08
637 2.812 1.024 -0.125 486066 3514.5 482551 184.385 6.84356 0.656444 2.43681e+08 3677.69 3677.69 529280 0 9.65109e+07
638 2.812 1.024 -0.115833 440675 3514.5 437160 184.188 6.85898 0.641019 2.43794e+08 3677.69 3677.69 529280 0 8.74327e+07
639 2.812 1.024 -0.106667 430139 3514.5 426625 184 6.8723 0.627704 2.43929e+08 3677.69 3677.69 529280 0 8.53256e+07
640 2.812 1.024 -0.0975 456350 3514.5 452835 183.833 6.88329 0.616706 2.44078e+08 3677.69 3677.69 529280 0 9.05676e+07
641 2.812 1.024 -0.0883333 513351 3514.5 509837 183.677 6.89246 0.607538 2.44217e+08 3677.69 3677.69 529280 0 1.01968e+08
642 2.812 1.024 -0.0791667 592047 3514.5 588533 183.531 6.90038 0.599621 2.44334e+08 3677.69 3677.69 529280 0 1.17707e+08
643 2.812 1.024 -0.07 684824 3514.5 681309 183.406 6.90732 0.59268 2.44429e+08 3677.69 3677.69 529280 0 1.36262e+08
644 2.812 1.02617 -0.125 158832 3514.5 155318 182.844 7.01457 0.48543 2.45322e+08 3685.47 3685.47 528176 0 3.10641e+07
645 2.812 1.02617 -0.115833 173070 3514.5 169555 182.656 7.02552 0.474477 2.45626e+08 3685.47 3685.47 528176 0 3.39115e+07
646 2.812 1.02617 -0.106667 250878 3514.5 247363 182.469 7.0276 0.4724 2.45554e+08 3685.47 3685.47 528176 0 4.94732e+07
647 2.812 1.02617 -0.0975 351822 3514.5 348308 182.302 7.03251 0.467493 2.45525e+08 3685.47 3685.47 528176 0 6.9662e+07
648 2.812 1.02617 -0.0883333 460533 3514.5 457019 182.156 7.03915 0.460846 2.45547e+08 3685.47 3685.47 528176 0 9.14042e+07
649 2.812 1.02617 -0.0791667 572335 3514.5 568820 182.01 7.04616 0.453844 2.45589e+08 3685.47 3685.47 528176 0 1.13765e+08
650 2.812 1.02617 -0.07 685513 3514.5 681998 181.885 7.05282 0.447182 2.45638e+08 3685.47 3685.47 528176 0 1.364e+08
651 2.812 1.02833 -0.125 741114 3514.5 737600 181.385 7.127 0.372996 2.46148e+08 3693.25 3693.25 527074 0 1.4752e+08
652 2.812 1.02833 -0.115833 774060 3514.5 770545 181.198 7.14088 0.359121 2.46273e+08 3693.25 3693.25 527074 0 1.54109e+08
653 2.812 1.02833 -0.106667 820311 3514.5 816797 181.021 7.15353 0.34647 2.46383e+08 3693.25 3693.25 527074 0 1.6336e+08
654 2.812 1.02833 -0.0975 877505 3514.5 873991 180.854 7.165 0.334998 2.46481e+08 3693.25 3693.25 527074 0 1.74798e+08
655 2.812 1.02833 -0.0883333 943441 3514.5 939927 180.708 7.17532 0.324684 2.46568e+08 3693.25 3693.25 527074 0 1.87986e+08
656 2.812 1.02833 -0.0791667 1.01626e+06 3514.5 1.01274e+06 180.573 7.18449 0.315505 2.46645e+08 3693.25 3693.25 527074 0 2.02549e+08
657 2.812 1.02833 -0.07 1.09446e+06 3514.5 1.09094e+06 180.448 7.19254 0.307457 2.46713e+08 3693.25 3693.25 527074 0 2.18189e+08
658 2.812 1.0305 -0.125 1.33245e+06 3514.5 1.32894e+06 179.99 7.26371 0.236287 2.47174e+08 3701.04 3701.04 525975 0 2.65788e+08
659 2.812 1.0305 -0.115833 1.36702e+06 3514.5 1.36351e+06 179.802 7.27787 0.22213 2.47299e+08 3701.04 3701.04 525975 0 2.72701e+08
660 2.812 1.0305 -0.106667 1.40765e+06 3514.5 1.40414e+06 179.625 7.29088 0.209117 2.47413e+08 3701.04 3701.04 525975 0 2.80828e+08
661 2.812 1.0305 -0.0975 1.45367e+06 3514.5 1.45016e+06 179.469 7.30274 0.197264 2.47518e+08 3701.04 3701.04 525975 0 2.90032e+08
662 2.812 1.0305 -0.0883333 1.50446e+06 3514.5 1.50094e+06 179.323 7.31343 0.186565 2.47613e+08 3701.04 3701.04 525975 0 3.00189e+08
663 2.812 1.0305 -0.0791667 1.55943e+06 3514.5 1.55592e+06 179.188 7.32298 0.177025 2.47698e+08 3701.04 3701.04 525975 0 3.11184e+08
664 2.812 1.0305 -0.07 1.61809e+06 3514.5 1.61458e+06 179.073 7.33134 0.168661 2.47773e+08 3701.04 3701.04 525975 0 3.22916e+08
665 2.812 1.03267 -0.125 1.91556e+06 3514.5 1.91204e+06 178.646 7.40027 0.0997271 2.48229e+08 3708.82 3708.82 524877 0 3.82409e+08
666 2.812 1.03267 -0.115833 1.95044e+06 3514.5 1.94692e+06 178.469 7.41451 0.0854866 2.48355e+08 3708.82 3708.82 524877 0 3.89384e+08
667 2.812 1.03267 -0.106667 1.9885e+06 3514.5 1.98499e+06 178.302 7.42762 0.0723811 2.48472e+08 3708.82 3708.82 524877 0 3.96997e+08
668 2.812 1.03267 -0.0975 2.02945e+06 3514.5 2.02594e+06 178.146 7.43958 0.060418 2.48579e+08 3708.82 3708.82 524877 0 4.05188e+08
669 2.812 1.03267 -0.0883333 2.07303e+06 3514.5 2.06952e+06 178 7.4504 0.0496045 2.48676e+08 3708.82 3708.82 524877 0 4.13904e+08
670 2.812 1.03267 -0.0791667 2.119e+06 3514.5 2.11549e+06 177.875 7.46003 0.0399652 2.48764e+08 3708.82 3708.82 524877 0 4.23097e+08
671 2.812 1.03267 -0.07 2.16714e+06 3514.5 2.16363e+06 177.75 7.46853 0.0314709 2.48842e+08 3708.82 3708.82 524877 0 4.32726e+08
672 2.812 1.03483 -0.125 2.48942e+06 3514.5 2.4859e+06 177.365 7.53509 0.035089 2.49292e+08 3716.6 3716.6 523782 0 4.97181e+08
673 2.812 1.03483 -0.115833 2.52421e+06 3514.5 2.52069e+06 177.188 7.54938 0.0493823 2.4942e+08 3716.6 3716.6 523782 0 5.04139e+08
674 2.812 1.03483 -0.106667 2.56065e+06 3514.5 2.55713e+06 177.031 7.56252 0.0625248 2.49538e+08 3716.6 3716.6 523782 0 5.11427e+08
675 2.812 1.03483 -0.0975 2.59858e+06 3514.5 2.59506e+06 176.875 7.57455 0.0745464 2.49647e+08 3716.6 3716.6 523782 0 5.19013e+08
676 2.812 1.03483 -0.0883333 2.63787e+06 3514.5 2.63435e+06 176.74 7.5854 0.0854 2.49746e+08 3716.6 3716.6 523782 0 5.26871e+08
677 2.812 1.03483 -0.0791667 2.67839e+06 3514.5 2.67488e+06 176.604 7.59512 0.0951199 2.49836e+08 3716.6 3716.6 523782 0 5.34976e+08
678 2.812 1.03483 -0.07 2.72005e+06 3514.5 2.71654e+06 176.49 7.60366 0.103657 2.49916e+08 3716.6 3716.6 523782 0 5.43308e+08
679 2.812 1.037 -0.125 3.05384e+06 3514.5 3.05032e+06 176.135 7.66783 0.16783 2.50358e+08 3724.38 3724.38 522690 0 6.10065e+08
680 2.812 1.037 -0.115833 3.08836e+06 3514.5 3.08484e+06 175.969 7.68214 0.182138 2.50488e+08 3724.38 3724.38 522690 0 6.16969e+08
681 2.812 1.037 -0.106667 3.12358e+06 3514.5 3.12006e+06 175.802 7.69534 0.195338 2.50608e+08 3724.38 3724.38 522690 0 6.24013e+08
682 2.812 1.037 -0.0975 3.15941e+06 3514.5 3.15589e+06 175.656 7.70738 0.207377 2.50718e+08 3724.38 3724.38 522690 0 6.31179e+08
683 2.812 1.037 -0.0883333 3.19576e+06 3514.5 3.19225e+06 175.521 7.71827 0.21827 2.50819e+08 3724.38 3724.38 522690 0 6.3845e+08
684 2.812 1.037 -0.0791667 3.23259e+06 3514.5 3.22907e+06 175.396 7.72801 0.228009 2.50909e+08 3724.38 3724.38 522690 0 6.45814e+08
685 2.812 1.037 -0.07 3.26982e+06 3514.5 3.26631e+06 175.281 7.73659 0.236588 2.50991e+08 3724.38 3724.38 522690 0 6.53261e+08
686 2.79558 1.03183 -0.0871667 1.56114e+06 3514.5 1.55762e+06 180.896 7.0278 0.472197 2.48161e+08 3705.82 3705.82 525299 0 3.11525e+08
687 2.79558 1.03183 -0.0831667 1.54442e+06 3514.5 1.54091e+06 180.823 7.032 0.467996 2.482e+08 3705.82 3705.82 525299 0 3.08182e+08
688 2.79558 1.03183 -0.0791667 1.53046e+06 3514.5 1.52694e+06 180.771 7.036 0.463996 2.48237e+08 3705.82 3705.82 525299 0 3.05389e+08
689 2.79558 1.03183 -0.0751667 1.51933e+06 3514.5 1.51582e+06 180.708 7.03976 0.460237 2.48272e+08 3705.82 3705.82 525299 0 3.03163e+08
690 2.79558 1.03183 -0.0711667 1.5111e+06 3514.5 1.50759e+06 180.656 7.04331 0.456695 2.48306e+08 3705.82 3705.82 525299 0 3.01518e+08
691 2.79558 1.03333 -0.0871667 1.17623e+06 3514.5 1.17272e+06 179.917 7.12283 0.377174 2.48888e+08 3711.21 3711.21 524540 0 2.34544e+08
692 2.79558 1.03333 -0.0831667 1.1567e+06 3514.5 1.15318e+06 179.854 7.1271 0.372899 2.48926e+08 3711.21 3711.21 524540 0 2.30637e+08
693 2.79558 1.03333 -0.0791667 1.14054e+06 3514.5 1.13703e+06 179.792 7.13114 0.368858 2.48963e+08 3711.21 3711.21 524540 0 2.27406e+08
694 2.79558 1.03333 -0.0751667 1.12793e+06 3514.5 1.12441e+06 179.74 7.13496 0.365042 2.48999e+08 3711.21 3711.21 524540 0 2.24883e+08
695 2.79558 1.03333 -0.0711667 1.11896e+06 3514.5 1.11545e+06 179.677 7.13853 0.361473 2.49033e+08 3711.21 3711.21 524540 0 2.23089e+08
696 2.79558 1.03483 -0.0871667 802740 3514.5 799226 178.969 7.21789 0.282106 2.49595e+08 3716.6 3716.6 523782 0 1.59845e+08
697 2.79558 1.03483 -0.0831667 777797 3514.5 774282 178.906 7.22233 0.277667 2.49631e+08 3716.6 3716.6 523782 0 1.54857e+08
698 2.79558 1.03483 -0.0791667 757296 3514.5 753782 178.854 7.22653 0.273471 2.49665e+08 3716.6 3716.6 523782 0 1.50757e+08
699 2.79558 1.03483 -0.0751667 741600 3514.5 738086 178.792 7.23046 0.269542 2.497e+08 3716.6 3716.6 523782 0 1.47617e+08
700 2.79558 1.03483 -0.0711667 731030 3514.5 727516 178.74 7.23412 0.265878 2.49735e+08 3716.6 3716.6 523782 0 1.45503e+08
701 2.79558 1.03633 -0.0871667 458561 3514.5 455047 178.052 7.31504 0.184963 2.50258e+08 3721.99 3721.99 523026 0 9.10096e+07
702 2.79558 1.03633 -0.0831667 420470 3514.5 416955 177.99 7.32041 0.179593 2.50272e+08 3721.99 3721.99 523026 0 8.33912e+07
703 2.79558 1.03633 -0.0791667 388258 3514.5 384744 177.938 7.32556 0.174441 2.50285e+08 3721.99 3721.99 523026 0 7.69489e+07
704 2.79558 1.03633 -0.0751667 363506 3514.5 359991 177.875 7.33036 0.16964 2.50302e+08 3721.99 3721.99 523026 0 7.19984e+07
705 2.79558 1.03633 -0.0711667 347794 3514.5 344280 177.823 7.33464 0.165356 2.50329e+08 3721.99 3721.99 523026 0 6.88561e+07
706 2.79558 1.03783 -0.0871667 267428 3514.5 263913 177.167 7.41463 0.0853743 2.51117e+08 3727.37 3727.37 522270 0 5.27827e+07
707 2.79558 1.03783 -0.0831667 209155 3514.5 205640 177.104 7.42486 0.0751397 2.51151e+08 3727.37 3727.37 522270 0 4.11281e+07
708 2.79558 1.03783 -0.0791667 151423 3514.5 147908 177.042 7.43936 0.0606358 2.51199e+08 3727.37 3727.37 522270 0 2.95817e+07
709 2.79558 1.03783 -0.0751667 95070.6 3514.5 91556.1 176.99 7.46563 0.0343659 2.51344e+08 3727.37 3727.37 522270 0 1.83113e+07
710 2.79558 1.03783 -0.0711667 45750.8 3514.5 42236.3 176.938 7.53392 0.0339239 2.52496e+08 3727.37 3727.37 522270 0 8.4473e+06
711 2.79645 1.03183 -0.0871667 1.37969e+06 3514.5 1.37617e+06 180.75 7.04787 0.452134 2.48153e+08 3705.82 3705.82 525299 0 2.75235e+08
712 2.79645 1.03183 -0.0831667 1.36321e+06 3514.5 1.3597e+06 180.688 7.0521 0.4479 2.48191e+08 3705.82 3705.82 525299 0 2.71939e+08
713 2.79645 1.03183 -0.0791667 1.34975e+06 3514.5 1.34624e+06 180.635 7.05612 0.443884 2.48229e+08 3705.82 3705.82 525299 0 2.69248e+08
714 2.79645 1.03183 -0.0751667 1.3394e+06 3514.5 1.33589e+06 180.573 7.05989 0.440112 2.48264e+08 3705.82 3705.82 525299 0 2.67178e+08
715 2.79645 1.03183 -0.0711667 1.33224e+06 3514.5 1.32873e+06 180.521 7.06344 0.43656 2.48298e+08 3705.82 3705.82 525299 0 2.65745e+08
716 2.79645 1.03333 -0.0871667 994420 3514.5 990905 179.781 7.14339 0.356613 2.48872e+08 3711.21 3711.21 524540 0 1.98181e+08
717 2.79645 1.03333 -0.0831667 974730 3514.5 971216 179.719 7.1477 0.352296 2.4891e+08 3711.21 3711.21 524540 0 1.94244e+08
718 2.79645 1.03333 -0.0791667 958901 3514.5 955386 179.656 7.15178 0.348219 2.48947e+08 3711.21 3711.21 524540 0 1.91078e+08
719 2.79645 1.03333 -0.0751667 947111 3514.5 943597 179.604 7.15562 0.344378 2.48983e+08 3711.21 3711.21 524540 0 1.8872e+08
720 2.79645 1.03333 -0.0711667 939530 3514.5 936016 179.552 7.15921 0.340785 2.49017e+08 3711.21 3711.21 524540 0 1.87204e+08
721 2.79645 1.03483 -0.0871667 622896 3514.5 619381 178.844 7.23971 0.260288 2.49559e+08 3716.6 3716.6 523782 0 1.23877e+08
722 2.79645 1.03483 -0.0831667 596184 3514.5 592670 178.781 7.24435 0.255654 2.49591e+08 3716.6 3716.6 523782 0 1.18534e+08
723 2.79645 1.03483 -0.0791667 574900 3514.5 571386 178.719 7.2487 0.251297 2.49623e+08 3716.6 3716.6 523782 0 1.14277e+08
724 2.79645 1.03483 -0.0751667 559650 3514.5 556135 178.667 7.25276 0.247243 2.49657e+08 3716.6 3716.6 523782 0 1.11227e+08
725 2.79645 1.03483 -0.0711667 550950 3514.5 547435 178.615 7.25648 0.243522 2.49693e+08 3716.6 3716.6 523782 0 1.09487e+08
726 2.79645 1.03633 -0.0871667 302118 3514.5 298604 177.927 7.34136 0.158642 2.50187e+08 3721.99 3721.99 523026 0 5.97209e+07
727 2.79645 1.03633 -0.0831667 254411 3514.5 250896 177.865 7.34919 0.150806 2.5015e+08 3721.99 3721.99 523026 0 5.01794e+07
728 2.79645 1.03633 -0.0791667 212795 3514.5 209281 177.812 7.35767 0.142331 2.50088e+08 3721.99 3721.99 523026 0 4.18563e+07
729 2.79645 1.03633 -0.0751667 181557 3514.5 178043 177.76 7.36615 0.13385 2.50024e+08 3721.99 3721.99 523026 0 3.56087e+07
730 2.79645 1.03633 -0.0711667 166553 3514.5 163038 177.698 7.37259 0.127411 2.50033e+08 3721.99 3721.99 523026 0 3.26078e+07
731 2.79645 1.03783 -0.0871667 297873 3514.5 294359 177.042 7.43218 0.0678215 2.51352e+08 3727.37 3727.37 522270 0 5.88718e+07
732 2.79645 1.03783 -0.0831667 260583 3514.5 257069 176.979 7.43918 0.0608239 2.51471e+08 3727.37 3727.37 522270 0 5.14138e+07
733 2.79645 1.03783 -0.0791667 231661 3514.5 228146 176.927 7.44594 0.0540562 2.51614e+08 3727.37 3727.37 522270 0 4.56294e+07
734 2.79645 1.03783 -0.0751667 214580 3514.5 211065 176.875 7.45171 0.0482893 2.51756e+08 3727.37 3727.37 522270 0 4.22131e+07
735 2.79645 1.03783 -0.0711667 212185 3514.5 208671 176.823 7.45559 0.0444149 2.51852e+08 3727.37 3727.37 522270 0 4.17342e+07
736 2.79733 1.03183 -0.0871667 1.19815e+06 3514.5 1.19463e+06 180.615 7.06813 0.431873 2.48142e+08 3705.82 3705.82 525299 0 2.38927e+08
737 2.79733 1.03183 -0.0831667 1.182e+06 3514.5 1.17848e+06 180.552 7.07238 0.427616 2.48181e+08 3705.82 3705.82 525299 0 2.35697e+08
738 2.79733 1.03183 -0.0791667 1.16922e+06 3514.5 1.1657e+06 180.5 7.07642 0.423583 2.48218e+08 3705.82 3705.82 525299 0 2.33141e+08
739 2.79733 1.03183 -0.0751667 1.1599e+06 3514.5 1.15638e+06 180.438 7.08021 0.419795 2.48254e+08 3705.82 3705.82 525299 0 2.31277e+08
740 2.79733 1.03183 -0.0711667 1.15414e+06 3514.5 1.15063e+06 180.385 7.08377 0.416235 2.48288e+08 3705.82 3705.82 525299 0 2.30126e+08
741 2.79733 1.03333 -0.0871667 812579 3514.5 809064 179.656 7.1644 0.335604 2.4885e+08 3711.21 3711.21 524540 0 1.61813e+08
742 2.79733 1.03333 -0.0831667 792679 3514.5 789164 179.594 7.16878 0.331217 2.48887e+08 3711.21 3711.21 524540 0 1.57833e+08
743 2.79733 1.03333 -0.0791667 777321 3514.5 773807 179.531 7.17291 0.327086 2.48923e+08 3711.21 3711.21 524540 0 1.54762e+08
744 2.79733 1.03333 -0.0751667 766791 3514.5 763276 179.469 7.17678 0.323218 2.48959e+08 3711.21 3711.21 524540 0 1.52656e+08
745 2.79733 1.03333 -0.0711667 761269 3514.5 757755 179.417 7.18039 0.319613 2.48995e+08 3711.21 3711.21 524540 0 1.51551e+08
746 2.79733 1.03483 -0.0871667 445007 3514.5 441492 178.719 7.26321 0.236792 2.49497e+08 3716.6 3716.6 523782 0 8.82987e+07
747 2.79733 1.03483 -0.0831667 415161 3514.5 411646 178.656 7.26837 0.231625 2.49518e+08 3716.6 3716.6 523782 0 8.23295e+07
748 2.79733 1.03483 -0.0791667 392426 3514.5 388911 178.594 7.27319 0.226809 2.49542e+08 3716.6 3716.6 523782 0 7.77825e+07
749 2.79733 1.03483 -0.0751667 378086 3514.5 374571 178.542 7.27754 0.222461 2.49574e+08 3716.6 3716.6 523782 0 7.49145e+07
750 2.79733 1.03483 -0.0711667 373107 3514.5 369593 178.49 7.2813 0.218696 2.49617e+08 3716.6 3716.6 523782 0 7.39188e+07
751 2.79733 1.03633 -0.0871667 197365 3514.5 193851 177.802 7.37131 0.12869 2.50285e+08 3721.99 3721.99 523026 0 3.87703e+07
752 2.79733 1.03633 -0.0831667 139151 3514.5 135637 177.75 7.38783 0.112171 2.50267e+08 3721.99 3721.99 523026 0 2.71275e+07
753 2.79733 1.03633 -0.0791667 80996.4 3514.5 77481.9 177.688 7.42166 0.0783396 2.50195e+08 3721.99 3721.99 523026 0 1.54965e+07
754 2.79733 1.03633 -0.0751667 24096.4 3514.5 20581.9 177.635 7.59172 0.0917226 2.50506e+08 3721.99 3721.99 523026 0 4.11647e+06
755 2.79733 1.03633 -0.0711667 35907.5 3514.5 32393 177.583 7.51782 0.0178153 2.52345e+08 3721.99 3721.99 523026 0 6.47861e+06
756 2.79733 1.03783 -0.0871667 415789 3514.5 412274 176.927 7.44649 0.0535104 2.51397e+08 3727.37 3727.37 522270 0 8.24549e+07
757 2.79733 1.03783 -0.0831667 398750 3514.5 395236 176.865 7.45132 0.0486784 2.5147e+08 3727.37 3727.37 522270 0 7.90472e+07
758 2.79733 1.03783 -0.0791667 389121 3514.5 385606 176.812 7.4557 0.0443006 2.51536e+08 3727.37 3727.37 522270 0 7.71213e+07
759 2.79733 1.03783 -0.0751667 387448 3514.5 383934 176.76 7.45957 0.0404342 2.51591e+08 3727.37 3727.37 522270 0 7.67868e+07
760 2.79733 1.03783 -0.0711667 393823 3514.5 390308 176.708 7.46291 0.0370899 2.51633e+08 3727.37 3727.37 522270 0 7.80616e+07
761 2.7982 1.03183 -0.0871667 1.01653e+06 3514.5 1.01301e+06 180.479 7.08865 0.411349 2.48128e+08 3705.82 3705.82 525299 0 2.02603e+08
762 2.7982 1.03183 -0.0831667 1.00085e+06 3514.5 997332 180.417 7.09294 0.40706 2.48166e+08 3705.82 3705.82 525299 0 1.99467e+08
763 2.7982 1.03183 -0.0791667 988995 3514.5 985480 180.365 7.097 0.403004 2.48203e+08 3705.82 3705.82 525299 0 1.97096e+08
764 2.7982 1.03183 -0.0751667 981107 3514.5 977592 180.302 7.1008 0.399201 2.4824e+08 3705.82 3705.82 525299 0 1.95519e+08
765 2.7982 1.03183 -0.0711667 977285 3514.5 973771 180.25 7.10436 0.395636 2.48275e+08 3705.82 3705.82 525299 0 1.94755e+08
766 2.7982 1.03333 -0.0871667 630742 3514.5 627228 179.521 7.18619 0.313809 2.48814e+08 3711.21 3711.21 524540 0 1.25446e+08
767 2.7982 1.03333 -0.0831667 610536 3514.5 607021 179.458 7.19071 0.309287 2.4885e+08 3711.21 3711.21 524540 0 1.21405e+08
768 2.7982 1.03333 -0.0791667 595982 3514.5 592468 179.396 7.19494 0.305059 2.48886e+08 3711.21 3711.21 524540 0 1.18494e+08
769 2.7982 1.03333 -0.0751667 587483 3514.5 583968 179.344 7.19886 0.30114 2.48923e+08 3711.21 3711.21 524540 0 1.16794e+08
770 2.7982 1.03333 -0.0711667 585321 3514.5 581806 179.292 7.20245 0.297549 2.48962e+08 3711.21 3711.21 524540 0 1.16362e+08
771 2.7982 1.03483 -0.0871667 273067 3514.5 269553 178.583 7.29125 0.208751 2.49373e+08 3716.6 3716.6 523782 0 5.39108e+07
772 2.7982 1.03483 -0.0831667 236277 3514.5 232762 178.531 7.29882 0.201184 2.4934e+08 3716.6 3716.6 523782 0 4.65526e+07
773 2.7982 1.03483 -0.0791667 209910 3514.5 206395 178.469 7.30593 0.19407 2.4932e+08 3716.6 3716.6 523782 0 4.12792e+07
774 2.7982 1.03483 -0.0751667 198205 3514.5 194691 178.417 7.31136 0.188644 2.49356e+08 3716.6 3716.6 523782 0 3.89384e+07
775 2.7982 1.03483 -0.0711667 203665 3514.5 200150 178.365 7.31412 0.185878 2.49467e+08 3716.6 3716.6 523782 0 4.00303e+07
776 2.7982 1.03633 -0.0871667 230794 3514.5 227279 177.688 7.38679 0.113207 2.50689e+08 3721.99 3721.99 523026 0 4.54559e+07
777 2.7982 1.03633 -0.0831667 201452 3514.5 197937 177.625 7.39468 0.105322 2.50861e+08 3721.99 3721.99 523026 0 3.95875e+07
778 2.7982 1.03633 -0.0791667 185403 3514.5 181889 177.562 7.40117 0.0988261 2.51036e+08 3721.99 3721.99 523026 0 3.63778e+07
779 2.7982 1.03633 -0.0751667 186037 3514.5 182522 177.51 7.40486 0.0951435 2.51139e+08 3721.99 3721.99 523026 0 3.65046e+07
780 2.7982 1.03633 -0.0711667 203243 3514.5 199729 177.458 7.4058 0.0942045 2.51139e+08 3721.99 3721.99 523026 0 3.99458e+07
781 2.7982 1.03783 -0.0871667 569328 3514.5 565813 176.802 7.46259 0.0374063 2.51372e+08 3727.37 3727.37 522270 0 1.13163e+08
782 2.7982 1.03783 -0.0831667 563247 3514.5 559733 176.75 7.46695 0.0330504 2.51424e+08 3727.37 3727.37 522270 0 1.11947e+08
783 2.7982 1.03783 -0.0791667 562440 3514.5 558925 176.688 7.471 0.0290026 2.51471e+08 3727.37 3727.37 522270 0 1.11785e+08
784 2.7982 1.03783 -0.0751667 566906 3514.5 563392 176.635 7.47473 0.0252717 2.51513e+08 3727.37 3727.37 522270 0 1.12678e+08
785 2.7982 1.03783 -0.0711667 576540 3514.5 573026 176.583 7.47815 0.0218478 2.51549e+08 3727.37 3727.37 522270 0 1.14605e+08
786 2.79908 1.03183 -0.0871667 834853 3514.5 831338 180.344 7.10959 0.390407 2.48107e+08 3705.82 3705.82 525299 0 1.66268e+08
787 2.79908 1.03183 -0.0831667 819859 3514.5 816344 180.292 7.11393 0.386065 2.48145e+08 3705.82 3705.82 525299 0 1.63269e+08
788 2.79908 1.03183 -0.0791667 809371 3514.5 805857 180.229 7.11801 0.381988 2.48183e+08 3705.82 3705.82 525299 0 1.61172e+08
789 2.79908 1.03183 -0.0751667 803577 3514.5 800062 180.167 7.12183 0.378172 2.4822e+08 3705.82 3705.82 525299 0 1.60013e+08
790 2.79908 1.03183 -0.0711667 802566 3514.5 799052 180.115 7.12538 0.374615 2.48257e+08 3705.82 3705.82 525299 0 1.59811e+08
791 2.79908 1.03333 -0.0871667 449077 3514.5 445563 179.385 7.20971 0.290293 2.4875e+08 3711.21 3711.21 524540 0 8.91128e+07
792 2.79908 1.03333 -0.0831667 428334 3514.5 424820 179.333 7.21457 0.285434 2.48781e+08 3711.21 3711.21 524540 0 8.49643e+07
793 2.79908 1.03333 -0.0791667 415287 3514.5 411772 179.271 7.219 0.281003 2.48817e+08 3711.21 3711.21 524540 0 8.23548e+07
794 2.79908 1.03333 -0.0751667 410680 3514.5 407165 179.219 7.22294 0.277065 2.48861e+08 3711.21 3711.21 524540 0 8.14333e+07
795 2.79908 1.03333 -0.0711667 414776 3514.5 411262 179.156 7.22635 0.273652 2.48912e+08 3711.21 3711.21 524540 0 8.22526e+07
796 2.79908 1.03483 -0.0871667 132914 3514.5 129399 178.458 7.33357 0.166431 2.49288e+08 3716.6 3716.6 523782 0 2.588e+07
797 2.79908 1.03483 -0.0831667 76836 3514.5 73321.5 178.396 7.36976 0.130238 2.48889e+08 3716.6 3716.6 523782 0 1.46644e+07
798 2.79908 1.03483 -0.0791667 28201.3 3514.5 24686.8 178.344 7.50298 0.00297585 2.46571e+08 3716.6 3716.6 523782 0 4.93736e+06
799 2.79908 1.03483 -0.0751667 47624.2 3514.5 44109.7 178.292 7.4237 0.0763011 2.49568e+08 3716.6 3716.6 523782 0 8.82202e+06
800 2.79908 1.03483 -0.0711667 101755 3514.5 98240.6 178.24 7.36252 0.137477 2.50027e+08 3716.6 3716.6 523782 0 1.96483e+07
801 2.79908 1.03633 -0.0871667 366535 3514.5 363021 177.562 7.39728 0.102719 2.50699e+08 3721.99 3721.99 523026 0 7.26042e+07
802 2.79908 1.03633 -0.0831667 358656 3514.5 355142 177.5 7.40187 0.0981309 2.50769e+08 3721.99 3721.99 523026 0 7.10285e+07
803 2.79908 1.03633 -0.0791667 359246 3514.5 355732 177.448 7.40586 0.0941362 2.50826e+08 3721.99 3721.99 523026 0 7.11465e+07
804 2.79908 1.03633 -0.0751667 368285 3514.5 364771 177.396 7.40927 0.0907285 2.50867e+08 3721.99 3721.99 523026 0 7.29542e+07
805 2.79908 1.03633 -0.0711667 385163 3514.5 381648 177.344 7.41217 0.0878322 2.50893e+08 3721.99 3721.99 523026 0 7.63297e+07
806 2.79908 1.03783 -0.0871667 736608 3514.5 733093 176.688 7.48017 0.0198334 2.51344e+08 3727.37 3727.37 522270 0 1.46619e+08
807 2.79908 1.03783 -0.0831667 736711 3514.5 733197 176.635 7.48442 0.0155806 2.5139e+08 3727.37 3727.37 522270 0 1.46639e+08
808 2.79908 1.03783 -0.0791667 740625 3514.5 737111 176.573 7.48842 0.0115801 2.51432e+08 3727.37 3727.37 522270 0 1.47422e+08
809 2.79908 1.03783 -0.0751667 748300 3514.5 744785 176.521 7.49216 0.00784092 2.5147e+08 3727.37 3727.37 522270 0 1.48957e+08
810 2.79908 1.03783 -0.0711667 759621 3514.5 756106 176.469 7.49565 0.00435486 2.51505e+08 3727.37 3727.37 522270 0 1.51221e+08
811 2.79995 1.03183 -0.0871667 653147 3514.5 649632 180.219 7.13128 0.368722 2.48075e+08 3705.82 3705.82 525299 0 1.29927e+08
812 2.79995 1.03183 -0.0831667 639250 3514.5 635735 180.156 7.13569 0.364312 2.48113e+08 3705.82 3705.82 525299 0 1.27147e+08
813 2.79995 1.03183 -0.0791667 630945 3514.5 627430 180.094 7.1398 0.360199 2.48152e+08 3705.82 3705.82 525299 0 1.25486e+08
814 2.79995 1.03183 -0.0751667 628458 3514.5 624944 180.042 7.14361 0.356387 2.48192e+08 3705.82 3705.82 525299 0 1.24989e+08
815 2.79995 1.03183 -0.0711667 631847 3514.5 628332 179.979 7.14711 0.35289 2.48233e+08 3705.82 3705.82 525299 0 1.25667e+08
816 2.79995 1.03333 -0.0871667 268044 3514.5 264529 179.26 7.23834 0.261662 2.48602e+08 3711.21 3711.21 524540 0 5.29061e+07
817 2.79995 1.03333 -0.0831667 246111 3514.5 242597 179.198 7.24452 0.255478 2.48612e+08 3711.21 3711.21 524540 0 4.85196e+07
818 2.79995 1.03333 -0.0791667 236976 3514.5 233462 179.146 7.24945 0.250553 2.4866e+08 3711.21 3711.21 524540 0 4.66926e+07
819 2.79995 1.03333 -0.0751667 242077 3514.5 238563 179.083 7.2527 0.247301 2.4875e+08 3711.21 3711.21 524540 0 4.77128e+07
820 2.79995 1.03333 -0.0711667 260580 3514.5 257066 179.031 7.25453 0.245472 2.48862e+08 3711.21 3711.21 524540 0 5.14134e+07
821 2.79995 1.03483 -0.0871667 164949 3514.5 161435 178.333 7.34475 0.155249 2.50124e+08 3716.6 3716.6 523782 0 3.22871e+07
822 2.79995 1.03483 -0.0831667 149470 3514.5 145956 178.281 7.35263 0.147367 2.50367e+08 3716.6 3716.6 523782 0 2.91913e+07
823 2.79995 1.03483 -0.0791667 154256 3514.5 150741 178.219 7.35543 0.144572 2.50472e+08 3716.6 3716.6 523782 0 3.01484e+07
824 2.79995 1.03483 -0.0751667 177697 3514.5 174182 178.167 7.35424 0.145765 2.50417e+08 3716.6 3716.6 523782 0 3.48366e+07
825 2.79995 1.03483 -0.0711667 213751 3514.5 210237 178.115 7.35228 0.147723 2.50321e+08 3716.6 3716.6 523782 0 4.20475e+07
826 2.79995 1.03633 -0.0871667 531445 3514.5 527930 177.448 7.41221 0.0877891 2.50646e+08 3721.99 3721.99 523026 0 1.05586e+08
827 2.79995 1.03633 -0.0831667 532641 3514.5 529127 177.385 7.41644 0.0835621 2.50694e+08 3721.99 3721.99 523026 0 1.05825e+08
828 2.79995 1.03633 -0.0791667 539281 3514.5 535766 177.323 7.42034 0.0796616 2.50737e+08 3721.99 3721.99 523026 0 1.07153e+08
829 2.79995 1.03633 -0.0751667 551136 3514.5 547622 177.271 7.42392 0.0760802 2.50773e+08 3721.99 3721.99 523026 0 1.09524e+08
830 2.79995 1.03633 -0.0711667 567898 3514.5 564384 177.219 7.4272 0.0727963 2.50804e+08 3721.99 3721.99 523026 0 1.12877e+08
831 2.79995 1.03783 -0.0871667 910142 3514.5 906628 176.573 7.49857 0.00142669 2.51323e+08 3727.37 3727.37 522270 0 1.81326e+08
832 2.79995 1.03783 -0.0831667 914093 3514.5 910579 176.51 7.50281 0.002813 2.51366e+08 3727.37 3727.37 522270 0 1.82116e+08
833 2.79995 1.03783 -0.0791667 920909 3514.5 917395 176.458 7.50681 0.00680965 2.51406e+08 3727.37 3727.37 522270 0 1.83479e+08
834 2.79995 1.03783 -0.0751667 930540 3514.5 927025 176.406 7.51057 0.0105704 2.51443e+08 3727.37 3727.37 522270 0 1.85405e+08
835 2.79995 1.03783 -0.0711667 942894 3514.5 939380 176.354 7.5141 0.0140967 2.51478e+08 3727.37 3727.37 522270 0 1.87876e+08
836 2.80083 1.03183 -0.0871667 471502 3514.5 467988 180.083 7.15451 0.345488 2.48018e+08 3705.82 3705.82 525299 0 9.35979e+07
837 2.80083 1.03183 -0.0831667 459603 3514.5 456088 180.021 7.15906 0.340944 2.48058e+08 3705.82 3705.82 525299 0 9.1218e+07
838 2.80083 1.03183 -0.0791667 455250 3514.5 451735 179.958 7.16318 0.336824 2.48102e+08 3705.82 3705.82 525299 0 9.03474e+07
839 2.80083 1.03183 -0.0751667 458629 3514.5 455114 179.906 7.16686 0.333142 2.48151e+08 3705.82 3705.82 525299 0 9.10232e+07
840 2.80083 1.03183 -0.0711667 469596 3514.5 466081 179.854 7.17011 0.329888 2.48203e+08 3705.82 3705.82 525299 0 9.32165e+07
841 2.80083 1.03333 -0.0871667 92157.7 3514.5 88643.2 179.135 7.29996 0.200037 2.47976e+08 3711.21 3711.21 524540 0 1.77288e+07
842 2.80083 1.03333 -0.0831667 64508.2 3514.5 60993.7 179.073 7.33138 0.168615 2.47577e+08 3711.21 3711.21 524540 0 1.21989e+07
843 2.80083 1.03333 -0.0791667 79569.1 3514.5 76054.6 179.01 7.3182 0.181799 2.48445e+08 3711.21 3711.21 524540 0 1.52111e+07
844 2.80083 1.03333 -0.0751667 122495 3514.5 118980 178.958 7.29616 0.203845 2.48979e+08 3711.21 3711.21 524540 0 2.37962e+07
845 2.80083 1.03333 -0.0711667 173859 3514.5 170344 178.906 7.28555 0.214455 2.49141e+08 3711.21 3711.21 524540 0 3.40691e+07
846 2.80083 1.03483 -0.0871667 321488 3514.5 317973 178.219 7.34731 0.152691 2.50011e+08 3716.6 3716.6 523782 0 6.35948e+07
847 2.80083 1.03483 -0.0831667 324725 3514.5 321211 178.156 7.35137 0.14863 2.50069e+08 3716.6 3716.6 523782 0 6.42423e+07
848 2.80083 1.03483 -0.0791667 337003 3514.5 333488 178.094 7.35474 0.14526 2.50107e+08 3716.6 3716.6 523782 0 6.66978e+07
849 2.80083 1.03483 -0.0751667 357344 3514.5 353830 178.042 7.35756 0.142441 2.50128e+08 3716.6 3716.6 523782 0 7.07661e+07
850 2.80083 1.03483 -0.0711667 384501 3514.5 380987 177.99 7.35999 0.140007 2.50138e+08 3716.6 3716.6 523782 0 7.61975e+07
851 2.80083 1.03633 -0.0871667 705407 3514.5 701893 177.323 7.4294 0.0706025 2.50608e+08 3721.99 3721.99 523026 0 1.40379e+08
852 2.80083 1.03633 -0.0831667 711283 3514.5 707768 177.26 7.43359 0.0664096 2.50651e+08 3721.99 3721.99 523026 0 1.41554e+08
853 2.80083 1.03633 -0.0791667 720925 3514.5 717410 177.208 7.43752 0.0624807 2.5069e+08 3721.99 3721.99 523026 0 1.43482e+08
854 2.80083 1.03633 -0.0751667 734201 3514.5 730687 177.156 7.44119 0.0588063 2.50726e+08 3721.99 3721.99 523026 0 1.46137e+08
855 2.80083 1.03633 -0.0711667 750911 3514.5 747397 177.104 7.44462 0.0553807 2.50758e+08 3721.99 3721.99 523026 0 1.49479e+08
856 2.80083 1.03783 -0.0871667 1.08698e+06 3514.5 1.08346e+06 176.458 7.51747 0.0174663 2.51307e+08 3727.37 3727.37 522270 0 2.16692e+08
857 2.80083 1.03783 -0.0831667 1.09353e+06 3514.5 1.09001e+06 176.396 7.52171 0.0217092 2.51349e+08 3727.37 3727.37 522270 0 2.18002e+08
858 2.80083 1.03783 -0.0791667 1.1023e+06 3514.5 1.09878e+06 176.344 7.52572 0.0257168 2.51388e+08 3727.37 3727.37 522270 0 2.19756e+08
859 2.80083 1.03783 -0.0751667 1.11324e+06 3514.5 1.10973e+06 176.292 7.5295 0.0294971 2.51425e+08 3727.37 3727.37 522270 0 2.21946e+08
860 2.80083 1.03783 -0.0711667 1.1263e+06 3514.5 1.12279e+06 176.24 7.53305 0.0330508 2.5146e+08 3727.37 3727.37 522270 0 2.24557e+08
861 2.8017 1.03183 -0.0871667 290232 3514.5 286718 179.948 7.18214 0.317863 2.47893e+08 3705.82 3705.82 525299 0 5.73438e+07
862 2.8017 1.03183 -0.0831667 282953 3514.5 279438 179.885 7.18688 0.313115 2.47945e+08 3705.82 3705.82 525299 0 5.58879e+07
863 2.8017 1.03183 -0.0791667 287469 3514.5 283955 179.833 7.19056 0.309445 2.4802e+08 3705.82 3705.82 525299 0 5.67913e+07
864 2.8017 1.03183 -0.0751667 303300 3514.5 299785 179.771 7.19325 0.306746 2.48108e+08 3705.82 3705.82 525299 0 5.99574e+07
865 2.8017 1.03183 -0.0711667 328765 3514.5 325250 179.719 7.1953 0.304704 2.48196e+08 3705.82 3705.82 525299 0 6.50503e+07
866 2.8017 1.03333 -0.0871667 106736 3514.5 103222 179.01 7.31093 0.189072 2.4983e+08 3711.21 3711.21 524540 0 2.06446e+07
867 2.8017 1.03333 -0.0831667 118160 3514.5 114645 178.948 7.30984 0.190163 2.49894e+08 3711.21 3711.21 524540 0 2.29292e+07
868 2.8017 1.03333 -0.0791667 150822 3514.5 147308 178.885 7.3031 0.196905 2.49697e+08 3711.21 3711.21 524540 0 2.94617e+07
869 2.8017 1.03333 -0.0751667 194272 3514.5 190757 178.833 7.29818 0.201817 2.49538e+08 3711.21 3711.21 524540 0 3.81517e+07
870 2.8017 1.03333 -0.0711667 242826 3514.5 239311 178.781 7.29571 0.204287 2.49448e+08 3711.21 3711.21 524540 0 4.78625e+07
871 2.8017 1.03483 -0.0871667 496353 3514.5 492839 178.094 7.36075 0.139246 2.4992e+08 3716.6 3716.6 523782 0 9.85679e+07
872 2.8017 1.03483 -0.0831667 505445 3514.5 501931 178.031 7.3648 0.135204 2.49963e+08 3716.6 3716.6 523782 0 1.00386e+08
873 2.8017 1.03483 -0.0791667 519884 3514.5 516369 177.979 7.36851 0.131493 2.49999e+08 3716.6 3716.6 523782 0 1.03274e+08
874 2.8017 1.03483 -0.0751667 539245 3514.5 535730 177.927 7.37192 0.128083 2.50029e+08 3716.6 3716.6 523782 0 1.07146e+08
875 2.8017 1.03483 -0.0711667 563007 3514.5 559493 177.875 7.37506 0.124945 2.50055e+08 3716.6 3716.6 523782 0 1.11899e+08
876 2.8017 1.03633 -0.0871667 883161 3514.5 879646 177.208 7.44764 0.0523556 2.50582e+08 3721.99 3721.99 523026 0 1.75929e+08
877 2.8017 1.03633 -0.0831667 891819 3514.5 888305 177.146 7.45185 0.0481505 2.50623e+08 3721.99 3721.99 523026 0 1.77661e+08
878 2.8017 1.03633 -0.0791667 903269 3514.5 899755 177.094 7.45581 0.0441884 2.50661e+08 3721.99 3721.99 523026 0 1.79951e+08
879 2.8017 1.03633 -0.0751667 917402 3514.5 913887 177.042 7.45954 0.0404609 2.50697e+08 3721.99 3721.99 523026 0 1.82777e+08
880 2.8017 1.03633 -0.0711667 934088 3514.5 930573 176.99 7.46303 0.0369659 2.50731e+08 3721.99 3721.99 523026 0 1.86115e+08
881 2.8017 1.03783 -0.0871667 1.26576e+06 3514.5 1.26224e+06 176.344 7.53666 0.0366642 2.51294e+08 3727.37 3727.37 522270 0 2.52449e+08
882 2.8017 1.03783 -0.0831667 1.27417e+06 3514.5 1.27066e+06 176.281 7.54092 0.0409161 2.51336e+08 3727.37 3727.37 522270 0 2.54132e+08
883 2.8017 1.03783 -0.0791667 1.28435e+06 3514.5 1.28083e+06 176.229 7.54494 0.0449357 2.51375e+08 3727.37 3727.37 522270 0 2.56167e+08
884 2.8017 1.03783 -0.0751667 1.29625e+06 3514.5 1.29273e+06 176.177 7.54873 0.0487324 2.51412e+08 3727.37 3727.37 522270 0 2.58546e+08
885 2.8017 1.03783 -0.0711667 1.30981e+06 3514.5 1.3063e+06 176.125 7.55231 0.0523062 2.51446e+08 3727.37 3727.37 522270 0 2.6126e+08
886 2.80258 1.03183 -0.0871667 111545 3514.5 108030 179.823 7.23462 0.265382 2.47429e+08 3705.82 3705.82 525299 0 2.16063e+07
887 2.80258 1.03183 -0.0831667 123170 3514.5 119656 179.76 7.23382 0.266182 2.47763e+08 3705.82 3705.82 525299 0 2.39314e+07
888 2.80258 1.03183 -0.0791667 155991 3514.5 152476 179.698 7.22769 0.272305 2.48082e+08 3705.82 3705.82 525299 0 3.04955e+07
889 2.80258 1.03183 -0.0751667 199797 3514.5 196282 179.646 7.22314 0.276856 2.4826e+08 3705.82 3705.82 525299 0 3.92567e+07
890 2.80258 1.03183 -0.0711667 248899 3514.5 245384 179.594 7.22085 0.279147 2.48357e+08 3705.82 3705.82 525299 0 4.90771e+07
891 2.80258 1.03333 -0.0871667 284053 3514.5 280539 178.885 7.29637 0.203628 2.49326e+08 3711.21 3711.21 524540 0 5.61079e+07
892 2.80258 1.03333 -0.0831667 300403 3514.5 296889 178.823 7.29949 0.200512 2.49357e+08 3711.21 3711.21 524540 0 5.93779e+07
893 2.80258 1.03333 -0.0791667 325138 3514.5 321623 178.76 7.30203 0.197973 2.49367e+08 3711.21 3711.21 524540 0 6.43248e+07
894 2.80258 1.03333 -0.0751667 356470 3514.5 352956 178.708 7.30424 0.195756 2.49368e+08 3711.21 3711.21 524540 0 7.05913e+07
895 2.80258 1.03333 -0.0711667 392851 3514.5 389337 178.656 7.3063 0.193695 2.49367e+08 3711.21 3711.21 524540 0 7.78675e+07
896 2.80258 1.03483 -0.0871667 675551 3514.5 672037 177.969 7.37751 0.122486 2.4987e+08 3716.6 3716.6 523782 0 1.34408e+08
897 2.80258 1.03483 -0.0831667 687396 3514.5 683881 177.917 7.38162 0.118377 2.4991e+08 3716.6 3716.6 523782 0 1.36776e+08
898 2.80258 1.03483 -0.0791667 702872 3514.5 699358 177.854 7.38548 0.11452 2.49947e+08 3716.6 3716.6 523782 0 1.39872e+08
899 2.80258 1.03483 -0.0751667 721746 3514.5 718232 177.802 7.38908 0.110916 2.4998e+08 3716.6 3716.6 523782 0 1.43646e+08
900 2.80258 1.03483 -0.0711667 743757 3514.5 740243 177.75 7.39245 0.107553 2.5001e+08 3716.6 3716.6 523782 0 1.48049e+08
901 2.80258 1.03633 -0.0871667 1.06284e+06 3514.5 1.05932e+06 177.083 7.46647 0.0335309 2.50563e+08 3721.99 3721.99 523026 0 2.11865e+08
902 2.80258 1.03633 -0.0831667 1.07335e+06 3514.5 1.06983e+06 177.031 7.47068 0.0293159 2.50604e+08 3721.99 3721.99 523026 0 2.13966e+08
903 2.80258 1.03633 -0.0791667 1.086e+06 3514.5 1.08248e+06 176.979 7.47467 0.0253282 2.50642e+08 3721.99 3721.99 523026 0 2.16496e+08
904 2.80258 1.03633 -0.0751667 1.1007e+06 3514.5 1.09718e+06 176.917 7.47844 0.0215579 2.50678e+08 3721.99 3721.99 523026 0 2.19437e+08
905 2.80258 1.03633 -0.0711667 1.11738e+06 3514.5 1.11386e+06 176.865 7.48198 0.018022 2.50712e+08 3721.99 3721.99 523026 0 2.22773e+08
906 2.80258 1.03783 -0.0871667 1.44579e+06 3514.5 1.44228e+06 176.229 7.55607 0.0560671 2.51285e+08 3727.37 3727.37 522270 0 2.88455e+08
907 2.80258 1.03783 -0.0831667 1.45561e+06 3514.5 1.4521e+06 176.167 7.56033 0.0603292 2.51326e+08 3727.37 3727.37 522270 0 2.9042e+08
908 2.80258 1.03783 -0.0791667 1.46685e+06 3514.5 1.46333e+06 176.115 7.56436 0.0643602 2.51365e+08 3727.37 3727.37 522270 0 2.92666e+08
909 2.80258 1.03783 -0.0751667 1.47946e+06 3514.5 1.47594e+06 176.062 7.56817 0.0681704 2.51401e+08 3727.37 3727.37 522270 0 2.95189e+08
910 2.80258 1.03783 -0.0711667 1.49342e+06 3514.5 1.4899e+06 176.01 7.57176 0.07176 2.51436e+08 3727.37 3727.37 522270 0 2.9798e+08
