0 0 0.7 -0.45 2.58745e+07 3514.5 2.5871e+07 72.0625 64.0427 56.5427 2.05956e+09 2514.05 2514.05 723266 0 7.74165e+07
1 0 0.7 -0.35 2.58745e+07 3514.5 2.5871e+07 72.0625 64.0427 56.5427 2.05956e+09 2514.05 2514.05 723266 0 7.74165e+07
2 0 0.7 -0.25 2.58745e+07 3514.5 2.5871e+07 72.0625 64.0427 56.5427 2.05956e+09 2514.05 2514.05 723266 0 7.74165e+07
3 0 0.7 -0.15 2.58745e+07 3514.5 2.5871e+07 72.0625 64.0427 56.5427 2.05956e+09 2514.05 2514.05 723266 0 7.74165e+07
4 0 0.7 -0.05 2.58745e+07 3514.5 2.5871e+07 72.0625 64.0427 56.5427 2.05956e+09 2514.05 2514.05 723266 0 7.74165e+07
5 0 0.7 0.05 2.58745e+07 3514.5 2.5871e+07 72.0625 64.0427 56.5427 2.05956e+09 2514.05 2514.05 723266 0 7.74165e+07
6 0 0.7 0.15 2.58745e+07 3514.5 2.5871e+07 72.0625 64.0427 56.5427 2.05956e+09 2514.05 2514.05 723266 0 7.74165e+07
7 0 0.775 -0.45 2.58745e+07 3514.5 2.5871e+07 72.0625 64.0427 56.5427 2.05956e+09 2783.41 2783.41 672831 0 7.74165e+07
8 0 0.775 -0.35 2.58745e+07 3514.5 2.5871e+07 72.0625 64.0427 56.5427 2.05956e+09 2783.41 2783.41 672831 0 7.74165e+07
9 0 0.775 -0.25 2.58745e+07 3514.5 2.5871e+07 72.0625 64.0427 56.5427 2.05956e+09 2783.41 2783.41 672831 0 7.74165e+07
10 0 0.775 -0.15 2.58745e+07 3514.5 2.5871e+07 72.0625 64.0427 56.5427 2.05956e+09 2783.41 2783.41 672831 0 7.74165e+07
11 0 0.775 -0.05 2.58745e+07 3514.5 2.5871e+07 72.0625 64.0427 56.5427 2.05956e+09 2783.41 2783.41 672831 0 7.74165e+07
12 0 0.775 0.05 2.58745e+07 3514.5 2.5871e+07 72.0625 64.0427 56.5427 2.05956e+09 2783.41 2783.41 672831 0 7.74165e+07
13 0 0.775 0.15 2.58745e+07 3514.5 2.5871e+07 72.0625 64.0427 56.5427 2.05956e+09 2783.41 2783.41 672831 0 7.74165e+07
14 0 0.85 -0.45 2.58745e+07 3514.5 2.5871e+07 72.0625 64.0427 56.5427 2.05956e+09 3052.77 3052.77 625914 0 7.74165e+07
15 0 0.85 -0.35 2.58745e+07 3514.5 2.5871e+07 72.0625 64.0427 56.5427 2.05956e+09 3052.77 3052.77 625914 0 7.74165e+07
16 0 0.85 -0.25 2.58745e+07 3514.5 2.5871e+07 72.0625 64.0427 56.5427 2.05956e+09 3052.77 3052.77 625914 0 7.74165e+07
17 0 0.85 -0.15 2.58745e+07 3514.5 2.5871e+07 72.0625 64.0427 56.5427 2.05956e+09 3052.77 3052.77 625914 0 7.74165e+07
18 0 0.85 -0.05 2.58745e+07 3514.5 2.5871e+07 72.0625 64.0427 56.5427 2.05956e+09 3052.77 3052.77 625914 0 7.74165e+07
19 0 0.85 0.05 2.58745e+07 3514.5 2.5871e+07 72.0625 64.0427 56.5427 2.05956e+09 3052.77 3052.77 625914 0 7.74165e+07
20 0 0.85 0.15 2.58745e+07 3514.5 2.5871e+07 72.0625 64.0427 56.5427 2.05956e+09 3052.77 3052.77 625914 0 7.74165e+07
21 0 0.925 -0.45 3.21636e+08 3514.5 3.21633e+08 430 46.1151 38.6151 1.84978e+08 3322.13 3322.13 582268 0 3.65336e+08
22 0 0.925 -0.35 3.25709e+08 3514.5 3.25706e+08 430 46.6521 39.1521 1.86097e+08 3322.13 3322.13 582268 0 3.69446e+08
23 0 0.925 -0.25 3.29024e+08 3514.5 3.2902e+08 430 47.0832 39.5832 1.87025e+08 3322.13 3322.13 582268 0 3.72791e+08
24 0 0.925 -0.15 3.31372e+08 3514.5 3.31368e+08 430 47.3855 39.8855 1.87692e+08 3322.13 3322.13 582268 0 3.7516e+08
25 0 0.925 -0.05 3.32392e+08 3514.5 3.32389e+08 60.0208 49.4902 41.9902 1.88041e+08 3322.13 3322.13 582268 0 3.85324e+08
26 0 0.925 0.05 3.32395e+08 3514.5 3.32392e+08 60.0208 49.4892 41.9892 1.88041e+08 3322.13 3322.13 582268 0 3.85327e+08
27 0 0.925 0.15 3.31372e+08 3514.5 3.31369e+08 430 47.3917 39.8917 1.87692e+08 3322.13 3322.13 582268 0 3.75161e+08
28 0 1 -0.45 3.38367e+08 3514.5 3.38363e+08 60.0208 48.8946 41.3946 2.24438e+08 3591.49 3591.49 541665 0 3.91257e+08
29 0 1 -0.35 3.38811e+08 3514.5 3.38808e+08 60.0208 48.861 41.361 2.27299e+08 3591.49 3591.49 541665 0 3.91699e+08
30 0 1 -0.25 3.39178e+08 3514.5 3.39175e+08 60.0208 48.8332 41.3332 2.29687e+08 3591.49 3591.49 541665 0 3.92064e+08
31 0 1 -0.15 3.39443e+08 3514.5 3.39439e+08 60.0208 48.8126 41.3126 2.31413e+08 3591.49 3591.49 541665 0 3.92327e+08
32 0 1 -0.05 3.39583e+08 3514.5 3.3958e+08 60.0208 48.8008 41.3008 2.32321e+08 3591.49 3591.49 541665 0 3.92467e+08
33 0 1 0.05 3.39589e+08 3514.5 3.39586e+08 60.0208 48.7983 41.2983 2.32321e+08 3591.49 3591.49 541665 0 3.92473e+08
34 0 1 0.15 3.3946e+08 3514.5 3.39457e+08 60.0208 48.8052 41.3052 2.31413e+08 3591.49 3591.49 541665 0 3.92344e+08
35 0 1.075 -0.45 3.42759e+08 3514.5 3.42755e+08 60.0208 48.5665 41.0665 2.57393e+08 3860.86 3860.86 503894 0 3.95626e+08
36 0 1.075 -0.35 3.43345e+08 3514.5 3.43341e+08 60.0208 48.5287 41.0287 2.61932e+08 3860.86 3860.86 503894 0 3.96209e+08
37 0 1.075 -0.25 3.43828e+08 3514.5 3.43825e+08 60.0208 48.4974 40.9974 2.65744e+08 3860.86 3860.86 503894 0 3.96691e+08
38 0 1.075 -0.15 3.44176e+08 3514.5 3.44173e+08 60.0208 48.4742 40.9742 2.68514e+08 3860.86 3860.86 503894 0 3.97037e+08
39 0 1.075 -0.05 3.44362e+08 3514.5 3.44358e+08 60.0208 48.4604 40.9604 2.69976e+08 3860.86 3860.86 503894 0 3.97221e+08
40 0 1.075 0.05 3.4437e+08 3514.5 3.44366e+08 60.0208 48.4569 40.9569 2.69976e+08 3860.86 3860.86 503894 0 3.97229e+08
41 0 1.075 0.15 3.442e+08 3514.5 3.44196e+08 60.0208 48.4638 40.9638 2.68514e+08 3860.86 3860.86 503894 0 3.97059e+08
42 0 1.15 -0.45 3.46352e+08 3514.5 3.46348e+08 60.0208 48.3447 40.8447 2.89797e+08 4130.22 4130.22 468756 0 3.99203e+08
43 0 1.15 -0.35 3.47051e+08 3514.5 3.47047e+08 60.0208 48.3054 40.8054 2.96191e+08 4130.22 4130.22 468756 0 3.99899e+08
44 0 1.15 -0.25 3.47627e+08 3514.5 3.47624e+08 60.0208 48.2728 40.7728 3.01595e+08 4130.22 4130.22 468756 0 4.00474e+08
45 0 1.15 -0.15 3.48042e+08 3514.5 3.48038e+08 60.0208 48.2485 40.7485 3.05541e+08 4130.22 4130.22 468756 0 4.00887e+08
46 0 1.15 -0.05 3.48263e+08 3514.5 3.4826e+08 60.0208 48.2338 40.7338 3.07629e+08 4130.22 4130.22 468756 0 4.01107e+08
47 0 1.15 0.05 3.48273e+08 3514.5 3.48269e+08 60.0208 48.2295 40.7295 3.07629e+08 4130.22 4130.22 468756 0 4.01116e+08
48 0 1.15 0.15 3.4807e+08 3514.5 3.48067e+08 60.0208 48.2356 40.7356 3.05541e+08 4130.22 4130.22 468756 0 4.00914e+08
49 0 1.225 -0.45 3.49499e+08 3514.5 3.49495e+08 60.0208 48.1807 40.6807 3.23422e+08 4399.58 4399.58 436069 0 4.02339e+08
50 0 1.225 -0.35 3.50295e+08 3514.5 3.50291e+08 60.0208 48.1413 40.6413 3.3196e+08 4399.58 4399.58 436069 0 4.03132e+08
51 0 1.225 -0.25 3.50951e+08 3514.5 3.50948e+08 60.0208 48.1086 40.6086 3.39223e+08 4399.58 4399.58 436069 0 4.03786e+08
52 0 1.225 -0.15 3.51424e+08 3514.5 3.5142e+08 60.0208 48.0842 40.5842 3.44553e+08 4399.58 4399.58 436069 0 4.04257e+08
53 0 1.225 -0.05 3.51676e+08 3514.5 3.51672e+08 60.0208 48.069 40.569 3.47383e+08 4399.58 4399.58 436069 0 4.04508e+08
54 0 1.225 0.05 3.51686e+08 3514.5 3.51683e+08 60.0208 48.0639 40.5639 3.47383e+08 4399.58 4399.58 436069 0 4.04518e+08
55 0 1.225 0.15 3.51456e+08 3514.5 3.51452e+08 60.0208 48.069 40.569 3.44553e+08 4399.58 4399.58 436069 0 4.04288e+08
56 0 1.3 -0.45 3.52354e+08 3514.5 3.52351e+08 60.0208 48.0546 40.5546 3.59354e+08 4668.94 4668.94 405661 0 4.05185e+08
57 0 1.3 -0.35 3.53237e+08 3514.5 3.53234e+08 60.0208 48.016 40.516 3.70435e+08 4668.94 4668.94 405661 0 4.06066e+08
58 0 1.3 -0.25 3.53965e+08 3514.5 3.53962e+08 60.0208 47.9841 40.4841 3.79925e+08 4668.94 4668.94 405661 0 4.06791e+08
59 0 1.3 -0.15 3.54489e+08 3514.5 3.54485e+08 60.0208 47.96 40.46 3.86853e+08 4668.94 4668.94 405661 0 4.07313e+08
60 0 1.3 -0.05 3.54768e+08 3514.5 3.54764e+08 60.0208 47.9447 40.4447 3.9046e+08 4668.94 4668.94 405661 0 4.07591e+08
61 0 1.3 0.05 3.5478e+08 3514.5 3.54776e+08 60.0208 47.9389 40.4389 3.9046e+08 4668.94 4668.94 405661 0 4.07603e+08
62 0 1.3 0.15 3.54524e+08 3514.5 3.54521e+08 60.0208 47.9428 40.4428 3.86853e+08 4668.94 4668.94 405661 0 4.07347e+08
63 0.161107 0.7 -0.45 1.17657e+07 3514.5 1.17622e+07 70.875 68.0964 60.5964 2.05934e+09 2514.05 2514.05 723266 0 6.38289e+07
64 0.161107 0.7 -0.35 1.17657e+07 3514.5 1.17622e+07 70.875 68.0964 60.5964 2.05934e+09 2514.05 2514.05 723266 0 6.38289e+07
65 0.161107 0.7 -0.25 1.17657e+07 3514.5 1.17622e+07 70.875 68.0964 60.5964 2.05934e+09 2514.05 2514.05 723266 0 6.38289e+07
66 0.161107 0.7 -0.15 1.17657e+07 3514.5 1.17622e+07 70.875 68.0964 60.5964 2.05934e+09 2514.05 2514.05 723266 0 6.38289e+07
67 0.161107 0.7 -0.05 1.17657e+07 3514.5 1.17622e+07 70.875 68.0964 60.5964 2.05934e+09 2514.05 2514.05 723266 0 6.38289e+07
68 0.161107 0.7 0.05 1.17657e+07 3514.5 1.17622e+07 70.875 68.0964 60.5964 2.05934e+09 2514.05 2514.05 723266 0 6.38289e+07
69 0.161107 0.7 0.15 1.17657e+07 3514.5 1.17622e+07 70.875 68.0964 60.5964 2.05934e+09 2514.05 2514.05 723266 0 6.38289e+07
70 0.161107 0.775 -0.45 1.17657e+07 3514.5 1.17622e+07 70.875 68.0964 60.5964 2.05934e+09 2783.41 2783.41 672831 0 6.38289e+07
71 0.161107 0.775 -0.35 1.17657e+07 3514.5 1.17622e+07 70.875 68.0964 60.5964 2.05934e+09 2783.41 2783.41 672831 0 6.38289e+07
72 0.161107 0.775 -0.25 1.17657e+07 3514.5 1.17622e+07 70.875 68.0964 60.5964 2.05934e+09 2783.41 2783.41 672831 0 6.38289e+07
73 0.161107 0.775 -0.15 1.17657e+07 3514.5 1.17622e+07 70.875 68.0964 60.5964 2.05934e+09 2783.41 2783.41 672831 0 6.38289e+07
74 0.161107 0.775 -0.05 1.17657e+07 3514.5 1.17622e+07 70.875 68.0964 60.5964 2.05934e+09 2783.41 2783.41 672831 0 6.38289e+07
75 0.161107 0.775 0.05 1.17657e+07 3514.5 1.17622e+07 70.875 68.0964 60.5964 2.05934e+09 2783.41 2783.41 672831 0 6.38289e+07
76 0.161107 0.775 0.15 1.17657e+07 3514.5 1.17622e+07 70.875 68.0964 60.5964 2.05934e+09 2783.41 2783.41 672831 0 6.38289e+07
77 0.161107 0.85 -0.45 1.17657e+07 3514.5 1.17622e+07 70.875 68.0964 60.5964 2.05934e+09 3052.77 3052.77 625914 0 6.38289e+07
78 0.161107 0.85 -0.35 1.17657e+07 3514.5 1.17622e+07 70.875 68.0964 60.5964 2.05934e+09 3052.77 3052.77 625914 0 6.38289e+07
79 0.161107 0.85 -0.25 1.17657e+07 3514.5 1.17622e+07 70.875 68.0964 60.5964 2.05934e+09 3052.77 3052.77 625914 0 6.38289e+07
80 0.161107 0.85 -0.15 1.17657e+07 3514.5 1.17622e+07 70.875 68.0964 60.5964 2.05934e+09 3052.77 3052.77 625914 0 6.38289e+07
81 0.161107 0.85 -0.05 1.17657e+07 3514.5 1.17622e+07 70.875 68.0964 60.5964 2.05934e+09 3052.77 3052.77 625914 0 6.38289e+07
82 0.161107 0.85 0.05 1.17657e+07 3514.5 1.17622e+07 70.875 68.0964 60.5964 2.05934e+09 3052.77 3052.77 625914 0 6.38289e+07
83 0.161107 0.85 0.15 1.17657e+07 3514.5 1.17622e+07 70.875 68.0964 60.5964 2.05934e+09 3052.77 3052.77 625914 0 6.38289e+07
84 0.161107 0.925 -0.45 3.18981e+08 3514.5 3.18977e+08 60.0208 46.9659 39.4659 1.84978e+08 3322.13 3322.13 582268 0 3.71736e+08
85 0.161107 0.925 -0.35 3.19198e+08 3514.5 3.19195e+08 60.0208 46.94 39.44 1.86097e+08 3322.13 3322.13 582268 0 3.71951e+08
86 0.161107 0.925 -0.25 3.19377e+08 3514.5 3.19374e+08 60.0208 46.9185 39.4185 1.87025e+08 3322.13 3322.13 582268 0 3.72129e+08
87 0.161107 0.925 -0.15 3.19505e+08 3514.5 3.19502e+08 60.0208 46.9029 39.4029 1.87692e+08 3322.13 3322.13 582268 0 3.72256e+08
88 0.161107 0.925 -0.05 3.19573e+08 3514.5 3.19569e+08 60.0208 46.8942 39.3942 1.88041e+08 3322.13 3322.13 582268 0 3.72323e+08
89 0.161107 0.925 0.05 3.19574e+08 3514.5 3.1957e+08 60.0208 46.893 39.393 1.88041e+08 3322.13 3322.13 582268 0 3.72324e+08
90 0.161107 0.925 0.15 3.19508e+08 3514.5 3.19504e+08 60.0208 46.8995 39.3995 1.87692e+08 3322.13 3322.13 582268 0 3.72258e+08
91 0.161107 1 -0.45 3.25295e+08 3514.5 3.25291e+08 60.0208 46.1843 38.6843 2.24438e+08 3591.49 3591.49 541665 0 3.77995e+08
92 0.161107 1 -0.35 3.25721e+08 3514.5 3.25718e+08 60.0208 46.1427 38.6427 2.27299e+08 3591.49 3591.49 541665 0 3.78419e+08
93 0.161107 1 -0.25 3.26072e+08 3514.5 3.26069e+08 60.0208 46.1083 38.6083 2.29687e+08 3591.49 3591.49 541665 0 3.78767e+08
94 0.161107 1 -0.15 3.26324e+08 3514.5 3.2632e+08 60.0208 46.083 38.583 2.31413e+08 3591.49 3591.49 541665 0 3.79017e+08
95 0.161107 1 -0.05 3.26456e+08 3514.5 3.26452e+08 60.0208 46.0685 38.5685 2.32321e+08 3591.49 3591.49 541665 0 3.79148e+08
96 0.161107 1 0.05 3.26457e+08 3514.5 3.26454e+08 60.0208 46.0658 38.5658 2.32321e+08 3591.49 3591.49 541665 0 3.79149e+08
97 0.161107 1 0.15 3.26329e+08 3514.5 3.26325e+08 60.0208 46.075 38.575 2.31413e+08 3591.49 3591.49 541665 0 3.79021e+08
98 0.161107 1.075 -0.45 3.29532e+08 3514.5 3.29528e+08 60.0208 45.7774 38.2774 2.57393e+08 3860.86 3860.86 503894 0 3.82203e+08
99 0.161107 1.075 -0.35 3.30094e+08 3514.5 3.30091e+08 60.0208 45.7292 38.2292 2.61932e+08 3860.86 3860.86 503894 0 3.82763e+08
100 0.161107 1.075 -0.25 3.30557e+08 3514.5 3.30554e+08 60.0208 45.6892 38.1892 2.65744e+08 3860.86 3860.86 503894 0 3.83223e+08
101 0.161107 1.075 -0.15 3.30889e+08 3514.5 3.30885e+08 60.0208 45.6598 38.1598 2.68514e+08 3860.86 3860.86 503894 0 3.83552e+08
102 0.161107 1.075 -0.05 3.31063e+08 3514.5 3.31059e+08 60.0208 45.6426 38.1426 2.69976e+08 3860.86 3860.86 503894 0 3.83725e+08
103 0.161107 1.075 0.05 3.31065e+08 3514.5 3.31062e+08 60.0208 45.6388 38.1388 2.69976e+08 3860.86 3860.86 503894 0 3.83727e+08
104 0.161107 1.075 0.15 3.30895e+08 3514.5 3.30892e+08 60.0208 45.6485 38.1485 2.68514e+08 3860.86 3860.86 503894 0 3.83558e+08
105 0.161107 1.15 -0.45 3.33008e+08 3514.5 3.33004e+08 60.0208 45.4929 37.9929 2.89797e+08 4130.22 4130.22 468756 0 3.85659e+08
106 0.161107 1.15 -0.35 3.33679e+08 3514.5 3.33676e+08 60.0208 45.4413 37.9413 2.96191e+08 4130.22 4130.22 468756 0 3.86328e+08
107 0.161107 1.15 -0.25 3.34232e+08 3514.5 3.34229e+08 60.0208 45.3984 37.8984 3.01595e+08 4130.22 4130.22 468756 0 3.86877e+08
108 0.161107 1.15 -0.15 3.34628e+08 3514.5 3.34624e+08 60.0208 45.3668 37.8668 3.05541e+08 4130.22 4130.22 468756 0 3.87271e+08
109 0.161107 1.15 -0.05 3.34836e+08 3514.5 3.34832e+08 60.0208 45.348 37.848 3.07629e+08 4130.22 4130.22 468756 0 3.87477e+08
110 0.161107 1.15 0.05 3.34838e+08 3514.5 3.34835e+08 60.0208 45.3433 37.8433 3.07629e+08 4130.22 4130.22 468756 0 3.8748e+08
111 0.161107 1.15 0.15 3.34636e+08 3514.5 3.34632e+08 60.0208 45.3527 37.8527 3.05541e+08 4130.22 4130.22 468756 0 3.87278e+08
112 0.161107 1.225 -0.45 3.36058e+08 3514.5 3.36055e+08 60.0208 45.2752 37.7752 3.23422e+08 4399.58 4399.58 436069 0 3.88695e+08
113 0.161107 1.225 -0.35 3.36824e+08 3514.5 3.36821e+08 60.0208 45.2218 37.7218 3.3196e+08 4399.58 4399.58 436069 0 3.89457e+08
114 0.161107 1.225 -0.25 3.37454e+08 3514.5 3.3745e+08 60.0208 45.1776 37.6776 3.39223e+08 4399.58 4399.58 436069 0 3.90084e+08
115 0.161107 1.225 -0.15 3.37905e+08 3514.5 3.37901e+08 60.0208 45.1447 37.6447 3.44553e+08 4399.58 4399.58 436069 0 3.90532e+08
116 0.161107 1.225 -0.05 3.38142e+08 3514.5 3.38138e+08 60.0208 45.125 37.625 3.47383e+08 4399.58 4399.58 436069 0 3.90768e+08
117 0.161107 1.225 0.05 3.38145e+08 3514.5 3.38141e+08 60.0208 45.1194 37.6194 3.47383e+08 4399.58 4399.58 436069 0 3.9077e+08
118 0.161107 1.225 0.15 3.37914e+08 3514.5 3.3791e+08 60.0208 45.1282 37.6282 3.44553e+08 4399.58 4399.58 436069 0 3.9054e+08
119 0.161107 1.3 -0.45 3.3883e+08 3514.5 3.38827e+08 60.0208 45.1012 37.6012 3.59354e+08 4668.94 4668.94 405661 0 3.91455e+08
120 0.161107 1.3 -0.35 3.37684e+08 3514.5 3.37681e+08 430 20.458 12.958 3.70435e+08 4668.94 4668.94 405661 0 3.79588e+08
121 0.161107 1.3 -0.25 3.36392e+08 3514.5 3.36389e+08 430 19.4646 11.9646 3.79925e+08 4668.94 4668.94 405661 0 3.78226e+08
122 0.161107 1.3 -0.15 3.357e+08 3514.5 3.35697e+08 430 18.7844 11.2844 3.86853e+08 4668.94 4668.94 405661 0 3.77487e+08
123 0.161107 1.3 -0.05 3.35416e+08 3514.5 3.35412e+08 430 18.4356 10.9356 3.9046e+08 4668.94 4668.94 405661 0 3.77178e+08
124 0.161107 1.3 0.05 3.35415e+08 3514.5 3.35412e+08 430 18.4267 10.9267 3.9046e+08 4668.94 4668.94 405661 0 3.77177e+08
125 0.161107 1.3 0.15 3.357e+08 3514.5 3.35696e+08 430 18.7581 11.2581 3.86853e+08 4668.94 4668.94 405661 0 3.77484e+08
126 0.322215 0.7 -0.45 4.79384e+07 3514.5 4.79349e+07 69.1042 71.9335 64.4335 2.05868e+09 2514.05 2514.05 723266 0 1.00624e+08
127 0.322215 0.7 -0.35 4.79384e+07 3514.5 4.79349e+07 69.1042 71.9335 64.4335 2.05868e+09 2514.05 2514.05 723266 0 1.00624e+08
128 0.322215 0.7 -0.25 4.79384e+07 3514.5 4.79349e+07 69.1042 71.9335 64.4335 2.05868e+09 2514.05 2514.05 723266 0 1.00624e+08
129 0.322215 0.7 -0.15 4.79384e+07 3514.5 4.79349e+07 69.1042 71.9335 64.4335 2.05868e+09 2514.05 2514.05 723266 0 1.00624e+08
130 0.322215 0.7 -0.05 4.79384e+07 3514.5 4.79349e+07 69.1042 71.9335 64.4335 2.05868e+09 2514.05 2514.05 723266 0 1.00624e+08
131 0.322215 0.7 0.05 4.79384e+07 3514.5 4.79349e+07 69.1042 71.9335 64.4335 2.05868e+09 2514.05 2514.05 723266 0 1.00624e+08
132 0.322215 0.7 0.15 4.79384e+07 3514.5 4.79349e+07 69.1042 71.9335 64.4335 2.05868e+09 2514.05 2514.05 723266 0 1.00624e+08
133 0.322215 0.775 -0.45 4.79384e+07 3514.5 4.79349e+07 69.1042 71.9335 64.4335 2.05868e+09 2783.41 2783.41 672831 0 1.00624e+08
134 0.322215 0.775 -0.35 4.79384e+07 3514.5 4.79349e+07 69.1042 71.9335 64.4335 2.05868e+09 2783.41 2783.41 672831 0 1.00624e+08
135 0.322215 0.775 -0.25 4.79384e+07 3514.5 4.79349e+07 69.1042 71.9335 64.4335 2.05868e+09 2783.41 2783.41 672831 0 1.00624e+08
136 0.322215 0.775 -0.15 4.79384e+07 3514.5 4.79349e+07 69.1042 71.9335 64.4335 2.05868e+09 2783.41 2783.41 672831 0 1.00624e+08
137 0.322215 0.775 -0.05 4.79384e+07 3514.5 4.79349e+07 69.1042 71.9335 64.4335 2.05868e+09 2783.41 2783.41 672831 0 1.00624e+08
138 0.322215 0.775 0.05 4.79384e+07 3514.5 4.79349e+07 69.1042 71.9335 64.4335 2.05868e+09 2783.41 2783.41 672831 0 1.00624e+08
139 0.322215 0.775 0.15 4.79384e+07 3514.5 4.79349e+07 69.1042 71.9335 64.4335 2.05868e+09 2783.41 2783.41 672831 0 1.00624e+08
140 0.322215 0.85 -0.45 4.79384e+07 3514.5 4.79349e+07 69.1042 71.9335 64.4335 2.05868e+09 3052.77 3052.77 625914 0 1.00624e+08
141 0.322215 0.85 -0.35 4.79384e+07 3514.5 4.79349e+07 69.1042 71.9335 64.4335 2.05868e+09 3052.77 3052.77 625914 0 1.00624e+08
142 0.322215 0.85 -0.25 4.79384e+07 3514.5 4.79349e+07 69.1042 71.9335 64.4335 2.05868e+09 3052.77 3052.77 625914 0 1.00624e+08
143 0.322215 0.85 -0.15 4.79384e+07 3514.5 4.79349e+07 69.1042 71.9335 64.4335 2.05868e+09 3052.77 3052.77 625914 0 1.00624e+08
144 0.322215 0.85 -0.05 4.79384e+07 3514.5 4.79349e+07 69.1042 71.9335 64.4335 2.05868e+09 3052.77 3052.77 625914 0 1.00624e+08
145 0.322215 0.85 0.05 4.79384e+07 3514.5 4.79349e+07 69.1042 71.9335 64.4335 2.05868e+09 3052.77 3052.77 625914 0 1.00624e+08
146 0.322215 0.85 0.15 4.79384e+07 3514.5 4.79349e+07 69.1042 71.9335 64.4335 2.05868e+09 3052.77 3052.77 625914 0 1.00624e+08
147 0.322215 0.925 -0.45 3.04411e+08 3514.5 3.04407e+08 60.0208 44.1221 36.6221 1.84978e+08 3322.13 3322.13 582268 0 3.56966e+08
148 0.322215 0.925 -0.35 3.04615e+08 3514.5 3.04611e+08 60.0208 44.0925 36.5925 1.86097e+08 3322.13 3322.13 582268 0 3.57169e+08
149 0.322215 0.925 -0.25 3.04783e+08 3514.5 3.04779e+08 60.0208 44.068 36.568 1.87025e+08 3322.13 3322.13 582268 0 3.57335e+08
150 0.322215 0.925 -0.15 3.04902e+08 3514.5 3.04898e+08 60.0208 44.0502 36.5502 1.87692e+08 3322.13 3322.13 582268 0 3.57453e+08
151 0.322215 0.925 -0.05 3.04964e+08 3514.5 3.0496e+08 60.0208 44.0403 36.5403 1.88041e+08 3322.13 3322.13 582268 0 3.57514e+08
152 0.322215 0.925 0.05 3.04962e+08 3514.5 3.04958e+08 60.0208 44.0391 36.5391 1.88041e+08 3322.13 3322.13 582268 0 3.57512e+08
153 0.322215 0.925 0.15 3.04897e+08 3514.5 3.04894e+08 60.0208 44.0466 36.5466 1.87692e+08 3322.13 3322.13 582268 0 3.57448e+08
154 0.322215 1 -0.45 3.10364e+08 3514.5 3.10361e+08 60.0208 43.2263 35.7263 2.24438e+08 3591.49 3591.49 541665 0 3.62857e+08
155 0.322215 1 -0.35 3.10766e+08 3514.5 3.10763e+08 60.0208 43.1775 35.6775 2.27299e+08 3591.49 3591.49 541665 0 3.63256e+08
156 0.322215 1 -0.25 3.11096e+08 3514.5 3.11093e+08 60.0208 43.137 35.637 2.29687e+08 3591.49 3591.49 541665 0 3.63583e+08
157 0.322215 1 -0.15 3.11331e+08 3514.5 3.11328e+08 60.0208 43.1074 35.6074 2.31413e+08 3591.49 3591.49 541665 0 3.63816e+08
158 0.322215 1 -0.05 3.11453e+08 3514.5 3.11449e+08 60.0208 43.0906 35.5906 2.32321e+08 3591.49 3591.49 541665 0 3.63936e+08
159 0.322215 1 0.05 3.1145e+08 3514.5 3.11446e+08 60.0208 43.0877 35.5877 2.32321e+08 3591.49 3591.49 541665 0 3.63933e+08
160 0.322215 1 0.15 3.11322e+08 3514.5 3.11319e+08 60.0208 43.0988 35.5988 2.31413e+08 3591.49 3591.49 541665 0 3.63807e+08
161 0.322215 1.075 -0.45 3.14396e+08 3514.5 3.14392e+08 60.0208 42.7477 35.2477 2.57393e+08 3860.86 3860.86 503894 0 3.66855e+08
162 0.322215 1.075 -0.35 3.14927e+08 3514.5 3.14924e+08 60.0208 42.6899 35.1899 2.61932e+08 3860.86 3860.86 503894 0 3.67383e+08
163 0.322215 1.075 -0.25 3.15364e+08 3514.5 3.1536e+08 60.0208 42.642 35.142 2.65744e+08 3860.86 3860.86 503894 0 3.67816e+08
164 0.322215 1.075 -0.15 3.15674e+08 3514.5 3.1567e+08 60.0208 42.6068 35.1068 2.68514e+08 3860.86 3860.86 503894 0 3.68124e+08
165 0.322215 1.075 -0.05 3.15834e+08 3514.5 3.15831e+08 60.0208 42.5865 35.0865 2.69976e+08 3860.86 3860.86 503894 0 3.68282e+08
166 0.322215 1.075 0.05 3.1583e+08 3514.5 3.15827e+08 60.0208 42.5825 35.0825 2.69976e+08 3860.86 3860.86 503894 0 3.68278e+08
167 0.322215 1.075 0.15 3.15662e+08 3514.5 3.15659e+08 60.0208 42.5948 35.0948 2.68514e+08 3860.86 3860.86 503894 0 3.68111e+08
168 0.322215 1.15 -0.45 3.17716e+08 3514.5 3.17712e+08 60.0208 42.4061 34.9061 2.89797e+08 4130.22 4130.22 468756 0 3.70151e+08
169 0.322215 1.15 -0.35 3.18351e+08 3514.5 3.18348e+08 60.0208 42.343 34.843 2.96191e+08 4130.22 4130.22 468756 0 3.70783e+08
170 0.322215 1.15 -0.25 3.18873e+08 3514.5 3.18869e+08 60.0208 42.2908 34.7908 3.01595e+08 4130.22 4130.22 468756 0 3.713e+08
171 0.322215 1.15 -0.15 3.19244e+08 3514.5 3.1924e+08 60.0208 42.2523 34.7523 3.05541e+08 4130.22 4130.22 468756 0 3.71669e+08
172 0.322215 1.15 -0.05 3.19435e+08 3514.5 3.19431e+08 60.0208 42.2299 34.7299 3.07629e+08 4130.22 4130.22 468756 0 3.71858e+08
173 0.322215 1.15 0.05 3.1943e+08 3514.5 3.19427e+08 60.0208 42.2248 34.7248 3.07629e+08 4130.22 4130.22 468756 0 3.71853e+08
174 0.322215 1.15 0.15 3.19229e+08 3514.5 3.19226e+08 60.0208 42.2373 34.7373 3.05541e+08 4130.22 4130.22 468756 0 3.71653e+08
175 0.322215 1.225 -0.45 3.18316e+08 3514.5 3.18312e+08 430 24.8625 17.3625 3.23422e+08 4399.58 4399.58 436069 0 3.60528e+08
176 0.322215 1.225 -0.35 3.1405e+08 3514.5 3.14046e+08 430 23.4409 15.9409 3.3196e+08 4399.58 4399.58 436069 0 3.56162e+08
177 0.322215 1.225 -0.25 3.10923e+08 3514.5 3.10919e+08 430 22.3283 14.8283 3.39223e+08 4399.58 4399.58 436069 0 3.52957e+08
178 0.322215 1.225 -0.15 3.08909e+08 3514.5 3.08906e+08 430 21.5628 14.0628 3.44552e+08 4399.58 4399.58 436069 0 3.5089e+08
179 0.322215 1.225 -0.05 3.07933e+08 3514.5 3.0793e+08 430 21.1697 13.6697 3.47383e+08 4399.58 4399.58 436069 0 3.49887e+08
180 0.322215 1.225 0.05 3.07934e+08 3514.5 3.0793e+08 430 21.162 13.662 3.47383e+08 4399.58 4399.58 436069 0 3.49886e+08
181 0.322215 1.225 0.15 3.0891e+08 3514.5 3.08907e+08 430 21.5401 14.0401 3.44552e+08 4399.58 4399.58 436069 0 3.5089e+08
182 0.322215 1.3 -0.45 3.04277e+08 3514.5 3.04274e+08 430 19.7275 12.2275 3.59354e+08 4668.94 4668.94 405661 0 3.4613e+08
183 0.322215 1.3 -0.35 3.02012e+08 3514.5 3.02009e+08 430 18.4952 10.9952 3.70435e+08 4668.94 4668.94 405661 0 3.43779e+08
184 0.322215 1.3 -0.25 3.00688e+08 3514.5 3.00684e+08 430 17.551 10.051 3.79924e+08 4668.94 4668.94 405661 0 3.42388e+08
185 0.322215 1.3 -0.15 3.00038e+08 3514.5 3.00035e+08 430 16.9127 9.41274 3.86853e+08 4668.94 4668.94 405661 0 3.41694e+08
186 0.322215 1.3 -0.05 2.99797e+08 3514.5 2.99794e+08 430 16.5877 9.0877 3.9046e+08 4668.94 4668.94 405661 0 3.4143e+08
187 0.322215 1.3 0.05 2.99797e+08 3514.5 2.99794e+08 430 16.5777 9.07765 3.9046e+08 4668.94 4668.94 405661 0 3.41429e+08
188 0.322215 1.3 0.15 3.00038e+08 3514.5 3.00035e+08 430 16.8832 9.38316 3.86853e+08 4668.94 4668.94 405661 0 3.41692e+08
189 0.483322 0.7 -0.45 8.23843e+07 3514.5 8.23808e+07 66.8958 75.5941 68.0941 2.05723e+09 2514.05 2514.05 723266 0 1.35768e+08
190 0.483322 0.7 -0.35 8.23843e+07 3514.5 8.23808e+07 66.8958 75.5941 68.0941 2.05723e+09 2514.05 2514.05 723266 0 1.35768e+08
191 0.483322 0.7 -0.25 8.23843e+07 3514.5 8.23808e+07 66.8958 75.5941 68.0941 2.05723e+09 2514.05 2514.05 723266 0 1.35768e+08
192 0.483322 0.7 -0.15 8.23843e+07 3514.5 8.23808e+07 66.8958 75.5941 68.0941 2.05723e+09 2514.05 2514.05 723266 0 1.35768e+08
193 0.483322 0.7 -0.05 8.23843e+07 3514.5 8.23808e+07 66.8958 75.5941 68.0941 2.05723e+09 2514.05 2514.05 723266 0 1.35768e+08
194 0.483322 0.7 0.05 8.23843e+07 3514.5 8.23808e+07 66.8958 75.5941 68.0941 2.05723e+09 2514.05 2514.05 723266 0 1.35768e+08
195 0.483322 0.7 0.15 8.23843e+07 3514.5 8.23808e+07 66.8958 75.5941 68.0941 2.05723e+09 2514.05 2514.05 723266 0 1.35768e+08
196 0.483322 0.775 -0.45 8.23843e+07 3514.5 8.23808e+07 66.8958 75.5941 68.0941 2.05723e+09 2783.41 2783.41 672831 0 1.35768e+08
197 0.483322 0.775 -0.35 8.23843e+07 3514.5 8.23808e+07 66.8958 75.5941 68.0941 2.05723e+09 2783.41 2783.41 672831 0 1.35768e+08
198 0.483322 0.775 -0.25 8.23843e+07 3514.5 8.23808e+07 66.8958 75.5941 68.0941 2.05723e+09 2783.41 2783.41 672831 0 1.35768e+08
199 0.483322 0.775 -0.15 8.23843e+07 3514.5 8.23808e+07 66.8958 75.5941 68.0941 2.05723e+09 2783.41 2783.41 672831 0 1.35768e+08
200 0.483322 0.775 -0.05 8.23843e+07 3514.5 8.23808e+07 66.8958 75.5941 68.0941 2.05723e+09 2783.41 2783.41 672831 0 1.35768e+08
201 0.483322 0.775 0.05 8.23843e+07 3514.5 8.23808e+07 66.8958 75.5941 68.0941 2.05723e+09 2783.41 2783.41 672831 0 1.35768e+08
202 0.483322 0.775 0.15 8.23843e+07 3514.5 8.23808e+07 66.8958 75.5941 68.0941 2.05723e+09 2783.41 2783.41 672831 0 1.35768e+08
203 0.483322 0.85 -0.45 8.23843e+07 3514.5 8.23808e+07 66.8958 75.5941 68.0941 2.05723e+09 3052.77 3052.77 625914 0 1.35768e+08
204 0.483322 0.85 -0.35 8.23843e+07 3514.5 8.23808e+07 66.8958 75.5941 68.0941 2.05723e+09 3052.77 3052.77 625914 0 1.35768e+08
205 0.483322 0.85 -0.25 8.23843e+07 3514.5 8.23808e+07 66.8958 75.5941 68.0941 2.05723e+09 3052.77 3052.77 625914 0 1.35768e+08
206 0.483322 0.85 -0.15 8.23843e+07 3514.5 8.23808e+07 66.8958 75.5941 68.0941 2.05723e+09 3052.77 3052.77 625914 0 1.35768e+08
207 0.483322 0.85 -0.05 8.23843e+07 3514.5 8.23808e+07 66.8958 75.5941 68.0941 2.05723e+09 3052.77 3052.77 625914 0 1.35768e+08
208 0.483322 0.85 0.05 8.23843e+07 3514.5 8.23808e+07 66.8958 75.5941 68.0941 2.05723e+09 3052.77 3052.77 625914 0 1.35768e+08
209 0.483322 0.85 0.15 8.23843e+07 3514.5 8.23808e+07 66.8958 75.5941 68.0941 2.05723e+09 3052.77 3052.77 625914 0 1.35768e+08
210 0.483322 0.925 -0.45 2.88294e+08 3514.5 2.8829e+08 60.0208 41.0721 33.5721 1.84978e+08 3322.13 3322.13 582268 0 3.40636e+08
211 0.483322 0.925 -0.35 2.88482e+08 3514.5 2.88478e+08 60.0208 41.0393 33.5393 1.86097e+08 3322.13 3322.13 582268 0 3.40822e+08
212 0.483322 0.925 -0.25 2.88636e+08 3514.5 2.88632e+08 60.0208 41.0121 33.5121 1.87025e+08 3322.13 3322.13 582268 0 3.40974e+08
213 0.483322 0.925 -0.15 2.88744e+08 3514.5 2.88741e+08 60.0208 40.9923 33.4923 1.87692e+08 3322.13 3322.13 582268 0 3.41081e+08
214 0.483322 0.925 -0.05 2.88799e+08 3514.5 2.88796e+08 60.0208 40.9814 33.4814 1.88041e+08 3322.13 3322.13 582268 0 3.41135e+08
215 0.483322 0.925 0.05 2.88795e+08 3514.5 2.88791e+08 60.0208 40.9801 33.4801 1.88041e+08 3322.13 3322.13 582268 0 3.41131e+08
216 0.483322 0.925 0.15 2.88732e+08 3514.5 2.88729e+08 60.0208 40.9885 33.4885 1.87692e+08 3322.13 3322.13 582268 0 3.41069e+08
217 0.483322 1 -0.45 2.9381e+08 3514.5 2.93806e+08 60.0208 40.0742 32.5742 2.24438e+08 3591.49 3591.49 541665 0 3.46082e+08
218 0.483322 1 -0.35 2.94182e+08 3514.5 2.94178e+08 60.0208 40.0188 32.5188 2.27299e+08 3591.49 3591.49 541665 0 3.4645e+08
219 0.483322 1 -0.25 2.94486e+08 3514.5 2.94483e+08 60.0208 39.9729 32.4729 2.29687e+08 3591.49 3591.49 541665 0 3.46752e+08
220 0.483322 1 -0.15 2.94701e+08 3514.5 2.94698e+08 60.0208 39.9393 32.4393 2.31413e+08 3591.49 3591.49 541665 0 3.46964e+08
221 0.483322 1 -0.05 2.94809e+08 3514.5 2.94806e+08 60.0208 39.9203 32.4203 2.32321e+08 3591.49 3591.49 541665 0 3.47071e+08
222 0.483322 1 0.05 2.94801e+08 3514.5 2.94798e+08 60.0208 39.9173 32.4173 2.32321e+08 3591.49 3591.49 541665 0 3.47063e+08
223 0.483322 1 0.15 2.94677e+08 3514.5 2.94673e+08 60.0208 39.9303 32.4303 2.31413e+08 3591.49 3591.49 541665 0 3.46939e+08
224 0.483322 1.075 -0.45 2.97587e+08 3514.5 2.97583e+08 60.0208 39.5312 32.0312 2.57393e+08 3860.86 3860.86 503894 0 3.49821e+08
225 0.483322 1.075 -0.35 2.9808e+08 3514.5 2.98076e+08 60.0208 39.4648 31.9648 2.61932e+08 3860.86 3860.86 503894 0 3.5031e+08
226 0.483322 1.075 -0.25 2.98483e+08 3514.5 2.98479e+08 60.0208 39.4098 31.9098 2.65744e+08 3860.86 3860.86 503894 0 3.50709e+08
227 0.483322 1.075 -0.15 2.98768e+08 3514.5 2.98764e+08 60.0208 39.3694 31.8694 2.68514e+08 3860.86 3860.86 503894 0 3.50991e+08
228 0.483322 1.075 -0.05 2.98911e+08 3514.5 2.98907e+08 60.0208 39.3464 31.8464 2.69976e+08 3860.86 3860.86 503894 0 3.51132e+08
229 0.483322 1.075 0.05 2.989e+08 3514.5 2.98897e+08 60.0208 39.3421 31.8421 2.69976e+08 3860.86 3860.86 503894 0 3.51121e+08
230 0.483322 1.075 0.15 2.98735e+08 3514.5 2.98732e+08 60.0208 39.3568 31.8568 2.68514e+08 3860.86 3860.86 503894 0 3.50958e+08
231 0.483322 1.15 -0.45 3.00712e+08 3514.5 3.00708e+08 60.0208 39.1386 31.6386 2.89797e+08 4130.22 4130.22 468756 0 3.52919e+08
232 0.483322 1.15 -0.35 3.01302e+08 3514.5 3.01299e+08 60.0208 39.0653 31.5653 2.96191e+08 4130.22 4130.22 468756 0 3.53504e+08
233 0.483322 1.15 -0.25 2.99603e+08 3514.5 2.996e+08 430 26.9146 19.4146 3.01595e+08 4130.22 4130.22 468756 0 3.41959e+08
234 0.483322 1.15 -0.15 2.9624e+08 3514.5 2.96236e+08 430 26.0475 18.5475 3.05541e+08 4130.22 4130.22 468756 0 3.38534e+08
235 0.483322 1.15 -0.05 2.94534e+08 3514.5 2.94531e+08 430 25.6014 18.1014 3.07629e+08 4130.22 4130.22 468756 0 3.36798e+08
236 0.483322 1.15 0.05 2.94528e+08 3514.5 2.94525e+08 430 25.596 18.096 3.07629e+08 4130.22 4130.22 468756 0 3.36792e+08
237 0.483322 1.15 0.15 2.96222e+08 3514.5 2.96219e+08 430 26.0316 18.5316 3.05541e+08 4130.22 4130.22 468756 0 3.38516e+08
238 0.483322 1.225 -0.45 2.83083e+08 3514.5 2.8308e+08 430 22.6505 15.1505 3.23422e+08 4399.58 4399.58 436069 0 3.2514e+08
239 0.483322 1.225 -0.35 2.78319e+08 3514.5 2.78316e+08 430 21.2444 13.7444 3.3196e+08 4399.58 4399.58 436069 0 3.20278e+08
240 0.483322 1.225 -0.25 2.74911e+08 3514.5 2.74908e+08 430 20.1552 12.6552 3.39223e+08 4399.58 4399.58 436069 0 3.16794e+08
241 0.483322 1.225 -0.15 2.72768e+08 3514.5 2.72765e+08 430 19.4123 11.9123 3.44552e+08 4399.58 4399.58 436069 0 3.14599e+08
242 0.483322 1.225 -0.05 2.71747e+08 3514.5 2.71744e+08 430 19.0328 11.5328 3.47383e+08 4399.58 4399.58 436069 0 3.13551e+08
243 0.483322 1.225 0.05 2.71744e+08 3514.5 2.7174e+08 430 19.0243 11.5243 3.47383e+08 4399.58 4399.58 436069 0 3.13547e+08
244 0.483322 1.225 0.15 2.72758e+08 3514.5 2.72755e+08 430 19.3873 11.8873 3.44552e+08 4399.58 4399.58 436069 0 3.14587e+08
245 0.483322 1.3 -0.45 2.68103e+08 3514.5 2.681e+08 430 17.6799 10.1799 3.59354e+08 4668.94 4668.94 405661 0 3.09812e+08
246 0.483322 1.3 -0.35 2.66056e+08 3514.5 2.66052e+08 430 16.536 9.03597 3.70435e+08 4668.94 4668.94 405661 0 3.07685e+08
247 0.483322 1.3 -0.25 2.65063e+08 3514.5 2.65059e+08 430 15.6811 8.18107 3.79924e+08 4668.94 4668.94 405661 0 3.06632e+08
248 0.483322 1.3 -0.15 2.64731e+08 3514.5 2.64727e+08 430 15.116 7.61602 3.86853e+08 4668.94 4668.94 405661 0 3.0626e+08
249 0.483322 1.3 -0.05 2.64682e+08 3514.5 2.64678e+08 430 14.832 7.332 3.9046e+08 4668.94 4668.94 405661 0 3.06192e+08
250 0.483322 1.3 0.05 2.64682e+08 3514.5 2.64679e+08 430 14.8209 7.32088 3.9046e+08 4668.94 4668.94 405661 0 3.06191e+08
251 0.483322 1.3 0.15 2.64732e+08 3514.5 2.64728e+08 430 15.0833 7.58327 3.86853e+08 4668.94 4668.94 405661 0 3.06259e+08
252 0.644429 0.7 -0.45 1.15049e+08 3514.5 1.15045e+08 64.375 79.1403 71.6403 2.05427e+09 2514.05 2514.05 723266 0 1.69185e+08
253 0.644429 0.7 -0.35 1.15049e+08 3514.5 1.15045e+08 64.375 79.1403 71.6403 2.05427e+09 2514.05 2514.05 723266 0 1.69185e+08
254 0.644429 0.7 -0.25 1.15049e+08 3514.5 1.15045e+08 64.375 79.1403 71.6403 2.05427e+09 2514.05 2514.05 723266 0 1.69185e+08
255 0.644429 0.7 -0.15 1.15049e+08 3514.5 1.15045e+08 64.375 79.1403 71.6403 2.05427e+09 2514.05 2514.05 723266 0 1.69185e+08
256 0.644429 0.7 -0.05 1.15049e+08 3514.5 1.15045e+08 64.375 79.1403 71.6403 2.05427e+09 2514.05 2514.05 723266 0 1.69185e+08
257 0.644429 0.7 0.05 1.15049e+08 3514.5 1.15045e+08 64.375 79.1403 71.6403 2.05427e+09 2514.05 2514.05 723266 0 1.69185e+08
258 0.644429 0.7 0.15 1.15049e+08 3514.5 1.15045e+08 64.375 79.1403 71.6403 2.05427e+09 2514.05 2514.05 723266 0 1.69185e+08
259 0.644429 0.775 -0.45 1.15049e+08 3514.5 1.15045e+08 64.375 79.1403 71.6403 2.05427e+09 2783.41 2783.41 672831 0 1.69185e+08
260 0.644429 0.775 -0.35 1.15049e+08 3514.5 1.15045e+08 64.375 79.1403 71.6403 2.05427e+09 2783.41 2783.41 672831 0 1.69185e+08
261 0.644429 0.775 -0.25 1.15049e+08 3514.5 1.15045e+08 64.375 79.1403 71.6403 2.05427e+09 2783.41 2783.41 672831 0 1.69185e+08
262 0.644429 0.775 -0.15 1.15049e+08 3514.5 1.15045e+08 64.375 79.1403 71.6403 2.05427e+09 2783.41 2783.41 672831 0 1.69185e+08
263 0.644429 0.775 -0.05 1.15049e+08 3514.5 1.15045e+08 64.375 79.1403 71.6403 2.05427e+09 2783.41 2783.41 672831 0 1.69185e+08
264 0.644429 0.775 0.05 1.15049e+08 3514.5 1.15045e+08 64.375 79.1403 71.6403 2.05427e+09 2783.41 2783.41 672831 0 1.69185e+08
265 0.644429 0.775 0.15 1.15049e+08 3514.5 1.15045e+08 64.375 79.1403 71.6403 2.05427e+09 2783.41 2783.41 672831 0 1.69185e+08
266 0.644429 0.85 -0.45 1.15049e+08 3514.5 1.15045e+08 64.375 79.1403 71.6403 2.05427e+09 3052.77 3052.77 625914 0 1.69185e+08
267 0.644429 0.85 -0.35 1.15049e+08 3514.5 1.15045e+08 64.375 79.1403 71.6403 2.05427e+09 3052.77 3052.77 625914 0 1.69185e+08
268 0.644429 0.85 -0.25 1.15049e+08 3514.5 1.15045e+08 64.375 79.1403 71.6403 2.05427e+09 3052.77 3052.77 625914 0 1.69185e+08
269 0.644429 0.85 -0.15 1.15049e+08 3514.5 1.15045e+08 64.375 79.1403 71.6403 2.05427e+09 3052.77 3052.77 625914 0 1.69185e+08
270 0.644429 0.85 -0.05 1.15049e+08 3514.5 1.15045e+08 64.375 79.1403 71.6403 2.05427e+09 3052.77 3052.77 625914 0 1.69185e+08
271 0.644429 0.85 0.05 1.15049e+08 3514.5 1.15045e+08 64.375 79.1403 71.6403 2.05427e+09 3052.77 3052.77 625914 0 1.69185e+08
272 0.644429 0.85 0.15 1.15049e+08 3514.5 1.15045e+08 64.375 79.1403 71.6403 2.05427e+09 3052.77 3052.77 625914 0 1.69185e+08
273 0.644429 0.925 -0.45 2.70867e+08 3514.5 2.70864e+08 60.0208 37.8637 30.3637 1.84978e+08 3322.13 3322.13 582268 0 3.22985e+08
274 0.644429 0.925 -0.35 2.71036e+08 3514.5 2.71033e+08 60.0208 37.828 30.328 1.86097e+08 3322.13 3322.13 582268 0 3.23152e+08
275 0.644429 0.925 -0.25 2.71174e+08 3514.5 2.7117e+08 60.0208 37.7984 30.2984 1.87025e+08 3322.13 3322.13 582268 0 3.23287e+08
276 0.644429 0.925 -0.15 2.7127e+08 3514.5 2.71266e+08 60.0208 37.7769 30.2769 1.87692e+08 3322.13 3322.13 582268 0 3.23382e+08
277 0.644429 0.925 -0.05 2.71317e+08 3514.5 2.71313e+08 60.0208 37.765 30.265 1.88041e+08 3322.13 3322.13 582268 0 3.23428e+08
278 0.644429 0.925 0.05 2.7131e+08 3514.5 2.71306e+08 60.0208 37.7637 30.2637 1.88041e+08 3322.13 3322.13 582268 0 3.23421e+08
279 0.644429 0.925 0.15 2.71249e+08 3514.5 2.71246e+08 60.0208 37.773 30.273 1.87692e+08 3322.13 3322.13 582268 0 3.23361e+08
280 0.644429 1 -0.45 2.75868e+08 3514.5 2.75865e+08 60.0208 36.776 29.276 2.24438e+08 3591.49 3591.49 541665 0 3.2791e+08
281 0.644429 1 -0.35 2.76204e+08 3514.5 2.76201e+08 60.0208 36.7148 29.2148 2.27299e+08 3591.49 3591.49 541665 0 3.28242e+08
282 0.644429 1 -0.25 2.76478e+08 3514.5 2.76474e+08 60.0208 36.6641 29.1641 2.29687e+08 3591.49 3591.49 541665 0 3.28512e+08
283 0.644429 1 -0.15 2.76669e+08 3514.5 2.76666e+08 60.0208 36.6271 29.1271 2.31413e+08 3591.49 3591.49 541665 0 3.28701e+08
284 0.644429 1 -0.05 2.76762e+08 3514.5 2.76759e+08 60.0208 36.6063 29.1063 2.32321e+08 3591.49 3591.49 541665 0 3.28792e+08
285 0.644429 1 0.05 2.76749e+08 3514.5 2.76745e+08 60.0208 36.6032 29.1032 2.32321e+08 3591.49 3591.49 541665 0 3.28778e+08
286 0.644429 1 0.15 2.76628e+08 3514.5 2.76625e+08 60.0208 36.6179 29.1179 2.31413e+08 3591.49 3591.49 541665 0 3.28659e+08
287 0.644429 1.075 -0.45 2.79341e+08 3514.5 2.79338e+08 60.0208 36.1769 28.6769 2.57393e+08 3860.86 3860.86 503894 0 3.31341e+08
288 0.644429 1.075 -0.35 2.79788e+08 3514.5 2.79785e+08 60.0208 36.1029 28.6029 2.61932e+08 3860.86 3860.86 503894 0 3.31783e+08
289 0.644429 1.075 -0.25 2.80151e+08 3514.5 2.80148e+08 60.0208 36.0416 28.5416 2.65744e+08 3860.86 3860.86 503894 0 3.32142e+08
290 0.644429 1.075 -0.15 2.80406e+08 3514.5 2.80402e+08 60.0208 35.9967 28.4967 2.68514e+08 3860.86 3860.86 503894 0 3.32393e+08
291 0.644429 1.075 -0.05 2.80529e+08 3514.5 2.80526e+08 60.0208 35.9712 28.4712 2.69976e+08 3860.86 3860.86 503894 0 3.32515e+08
292 0.644429 1.075 0.05 2.80511e+08 3514.5 2.80507e+08 60.0208 35.9668 28.4668 2.69976e+08 3860.86 3860.86 503894 0 3.32496e+08
293 0.644429 1.075 0.15 2.80351e+08 3514.5 2.80348e+08 60.0208 35.9837 28.4837 2.68514e+08 3860.86 3860.86 503894 0 3.32337e+08
294 0.644429 1.15 -0.45 2.77309e+08 3514.5 2.77306e+08 430 27.3864 19.8864 2.89797e+08 4130.22 4130.22 468756 0 3.19698e+08
295 0.644429 1.15 -0.35 2.70114e+08 3514.5 2.7011e+08 430 25.7816 18.2816 2.96191e+08 4130.22 4130.22 468756 0 3.1239e+08
296 0.644429 1.15 -0.25 2.64539e+08 3514.5 2.64535e+08 430 24.5202 17.0202 3.01595e+08 4130.22 4130.22 468756 0 3.06726e+08
297 0.644429 1.15 -0.15 2.60762e+08 3514.5 2.60759e+08 430 23.6503 16.1503 3.05541e+08 4130.22 4130.22 468756 0 3.02889e+08
298 0.644429 1.15 -0.05 2.58859e+08 3514.5 2.58855e+08 430 23.2044 15.7044 3.07629e+08 4130.22 4130.22 468756 0 3.00954e+08
299 0.644429 1.15 0.05 2.58845e+08 3514.5 2.58842e+08 430 23.1985 15.6985 3.07629e+08 4130.22 4130.22 468756 0 3.0094e+08
300 0.644429 1.15 0.15 2.60721e+08 3514.5 2.60718e+08 430 23.6335 16.1335 3.05541e+08 4130.22 4130.22 468756 0 3.02847e+08
301 0.644429 1.225 -0.45 2.46514e+08 3514.5 2.4651e+08 430 20.3045 12.8045 3.23422e+08 4399.58 4399.58 436069 0 2.88406e+08
302 0.644429 1.225 -0.35 2.41587e+08 3514.5 2.41583e+08 430 18.9462 11.4462 3.3196e+08 4399.58 4399.58 436069 0 2.83384e+08
303 0.644429 1.225 -0.25 2.38215e+08 3514.5 2.38212e+08 430 17.9105 10.4105 3.39223e+08 4399.58 4399.58 436069 0 2.79941e+08
304 0.644429 1.225 -0.15 2.36193e+08 3514.5 2.36189e+08 430 17.214 9.71404 3.44552e+08 4399.58 4399.58 436069 0 2.77869e+08
305 0.644429 1.225 -0.05 2.35264e+08 3514.5 2.35261e+08 430 16.8613 9.36134 3.47382e+08 4399.58 4399.58 436069 0 2.76916e+08
306 0.644429 1.225 0.05 2.35257e+08 3514.5 2.35253e+08 430 16.8521 9.35207 3.47382e+08 4399.58 4399.58 436069 0 2.76908e+08
307 0.644429 1.225 0.15 2.36168e+08 3514.5 2.36165e+08 430 17.1869 9.68694 3.44552e+08 4399.58 4399.58 436069 0 2.77843e+08
308 0.644429 1.3 -0.45 2.32265e+08 3514.5 2.32261e+08 430 15.66 8.15999 3.59354e+08 4668.94 4668.94 405661 0 2.73832e+08
309 0.644429 1.3 -0.35 2.31047e+08 3514.5 2.31044e+08 430 14.6668 7.1668 3.70435e+08 4668.94 4668.94 405661 0 2.72545e+08
310 0.644429 1.3 -0.25 2.30925e+08 3514.5 2.30921e+08 430 13.9585 6.45845 3.79924e+08 4668.94 4668.94 405661 0 2.72373e+08
311 0.644429 1.3 -0.15 2.31311e+08 3514.5 2.31308e+08 430 13.5107 6.01071 3.86852e+08 4668.94 4668.94 405661 0 2.72729e+08
312 0.644429 1.3 -0.05 2.31668e+08 3514.5 2.31664e+08 430 13.2918 5.79176 3.9046e+08 4668.94 4668.94 405661 0 2.73069e+08
313 0.644429 1.3 0.05 2.31669e+08 3514.5 2.31666e+08 430 13.2798 5.77982 3.9046e+08 4668.94 4668.94 405661 0 2.7307e+08
314 0.644429 1.3 0.15 2.31313e+08 3514.5 2.3131e+08 430 13.4754 5.97542 3.86852e+08 4668.94 4668.94 405661 0 2.72728e+08
315 0.805537 0.7 -0.45 1.46072e+08 3514.5 1.46069e+08 61.5833 82.6734 75.1734 2.04853e+09 2514.05 2514.05 723266 0 2.01014e+08
316 0.805537 0.7 -0.35 1.46072e+08 3514.5 1.46069e+08 61.5833 82.6734 75.1734 2.04853e+09 2514.05 2514.05 723266 0 2.01014e+08
317 0.805537 0.7 -0.25 1.46072e+08 3514.5 1.46069e+08 61.5833 82.6734 75.1734 2.04853e+09 2514.05 2514.05 723266 0 2.01014e+08
318 0.805537 0.7 -0.15 1.46072e+08 3514.5 1.46069e+08 61.5833 82.6734 75.1734 2.04853e+09 2514.05 2514.05 723266 0 2.01014e+08
319 0.805537 0.7 -0.05 1.46072e+08 3514.5 1.46069e+08 61.5833 82.6734 75.1734 2.04853e+09 2514.05 2514.05 723266 0 2.01014e+08
320 0.805537 0.7 0.05 1.46072e+08 3514.5 1.46069e+08 61.5833 82.6734 75.1734 2.04853e+09 2514.05 2514.05 723266 0 2.01014e+08
321 0.805537 0.7 0.15 1.46072e+08 3514.5 1.46069e+08 61.5833 82.6734 75.1734 2.04853e+09 2514.05 2514.05 723266 0 2.01014e+08
322 0.805537 0.775 -0.45 1.46072e+08 3514.5 1.46069e+08 61.5833 82.6734 75.1734 2.04853e+09 2783.41 2783.41 672831 0 2.01014e+08
323 0.805537 0.775 -0.35 1.46072e+08 3514.5 1.46069e+08 61.5833 82.6734 75.1734 2.04853e+09 2783.41 2783.41 672831 0 2.01014e+08
324 0.805537 0.775 -0.25 1.46072e+08 3514.5 1.46069e+08 61.5833 82.6734 75.1734 2.04853e+09 2783.41 2783.41 672831 0 2.01014e+08
325 0.805537 0.775 -0.15 1.46072e+08 3514.5 1.46069e+08 61.5833 82.6734 75.1734 2.04853e+09 2783.41 2783.41 672831 0 2.01014e+08
326 0.805537 0.775 -0.05 1.46072e+08 3514.5 1.46069e+08 61.5833 82.6734 75.1734 2.04853e+09 2783.41 2783.41 672831 0 2.01014e+08
327 0.805537 0.775 0.05 1.46072e+08 3514.5 1.46069e+08 61.5833 82.6734 75.1734 2.04853e+09 2783.41 2783.41 672831 0 2.01014e+08
328 0.805537 0.775 0.15 1.46072e+08 3514.5 1.46069e+08 61.5833 82.6734 75.1734 2.04853e+09 2783.41 2783.41 672831 0 2.01014e+08
329 0.805537 0.85 -0.45 1.46072e+08 3514.5 1.46069e+08 61.5833 82.6734 75.1734 2.04853e+09 3052.77 3052.77 625914 0 2.01014e+08
330 0.805537 0.85 -0.35 1.46072e+08 3514.5 1.46069e+08 61.5833 82.6734 75.1734 2.04853e+09 3052.77 3052.77 625914 0 2.01014e+08
331 0.805537 0.85 -0.25 1.46072e+08 3514.5 1.46069e+08 61.5833 82.6734 75.1734 2.04853e+09 3052.77 3052.77 625914 0 2.01014e+08
332 0.805537 0.85 -0.15 1.46072e+08 3514.5 1.46069e+08 61.5833 82.6734 75.1734 2.04853e+09 3052.77 3052.77 625914 0 2.01014e+08
333 0.805537 0.85 -0.05 1.46072e+08 3514.5 1.46069e+08 61.5833 82.6734 75.1734 2.04853e+09 3052.77 3052.77 625914 0 2.01014e+08
334 0.805537 0.85 0.05 1.46072e+08 3514.5 1.46069e+08 61.5833 82.6734 75.1734 2.04853e+09 3052.77 3052.77 625914 0 2.01014e+08
335 0.805537 0.85 0.15 1.46072e+08 3514.5 1.46069e+08 61.5833 82.6734 75.1734 2.04853e+09 3052.77 3052.77 625914 0 2.01014e+08
336 0.805537 0.925 -0.45 2.52371e+08 3514.5 2.52367e+08 60.0208 34.5391 27.0391 1.84977e+08 3322.13 3322.13 582268 0 3.04256e+08
337 0.805537 0.925 -0.35 2.52517e+08 3514.5 2.52514e+08 60.0208 34.5009 27.0009 1.86097e+08 3322.13 3322.13 582268 0 3.044e+08
338 0.805537 0.925 -0.25 2.52636e+08 3514.5 2.52632e+08 60.0208 34.4693 26.9693 1.87025e+08 3322.13 3322.13 582268 0 3.04516e+08
339 0.805537 0.925 -0.15 2.52717e+08 3514.5 2.52714e+08 60.0208 34.4463 26.9463 1.87692e+08 3322.13 3322.13 582268 0 3.04596e+08
340 0.805537 0.925 -0.05 2.52755e+08 3514.5 2.52751e+08 60.0208 34.4337 26.9337 1.88041e+08 3322.13 3322.13 582268 0 3.04633e+08
341 0.805537 0.925 0.05 2.52745e+08 3514.5 2.52741e+08 60.0208 34.4324 26.9324 1.88041e+08 3322.13 3322.13 582268 0 3.04622e+08
342 0.805537 0.925 0.15 2.52687e+08 3514.5 2.52684e+08 60.0208 34.4424 26.9424 1.87692e+08 3322.13 3322.13 582268 0 3.04566e+08
343 0.805537 1 -0.45 2.56776e+08 3514.5 2.56773e+08 60.0208 33.3749 25.8749 2.24438e+08 3591.49 3591.49 541665 0 3.0858e+08
344 0.805537 1 -0.35 2.5707e+08 3514.5 2.57067e+08 60.0208 33.3087 25.8087 2.27299e+08 3591.49 3591.49 541665 0 3.08869e+08
345 0.805537 1 -0.25 2.57308e+08 3514.5 2.57305e+08 60.0208 33.254 25.754 2.29687e+08 3591.49 3591.49 541665 0 3.09103e+08
346 0.805537 1 -0.15 2.57472e+08 3514.5 2.57468e+08 60.0208 33.214 25.714 2.31413e+08 3591.49 3591.49 541665 0 3.09264e+08
347 0.805537 1 -0.05 2.57548e+08 3514.5 2.57544e+08 60.0208 33.1917 25.6917 2.32321e+08 3591.49 3591.49 541665 0 3.09338e+08
348 0.805537 1 0.05 2.57528e+08 3514.5 2.57524e+08 60.0208 33.1885 25.6885 2.32321e+08 3591.49 3591.49 541665 0 3.09318e+08
349 0.805537 1 0.15 2.57413e+08 3514.5 2.57409e+08 60.0208 33.2047 25.7047 2.31413e+08 3591.49 3591.49 541665 0 3.09204e+08
350 0.805537 1.075 -0.45 2.59895e+08 3514.5 2.59891e+08 60.0208 32.7284 25.2284 2.57393e+08 3860.86 3860.86 503894 0 3.11653e+08
351 0.805537 1.075 -0.35 2.60287e+08 3514.5 2.60283e+08 60.0208 32.6479 25.1479 2.61932e+08 3860.86 3860.86 503894 0 3.1204e+08
352 0.805537 1.075 -0.25 2.60604e+08 3514.5 2.606e+08 60.0208 32.5813 25.0813 2.65744e+08 3860.86 3860.86 503894 0 3.12352e+08
353 0.805537 1.075 -0.15 2.60822e+08 3514.5 2.60819e+08 60.0208 32.5325 25.0325 2.68514e+08 3860.86 3860.86 503894 0 3.12567e+08
354 0.805537 1.075 -0.05 2.60924e+08 3514.5 2.6092e+08 60.0208 32.505 25.005 2.69976e+08 3860.86 3860.86 503894 0 3.12666e+08
355 0.805537 1.075 0.05 2.60897e+08 3514.5 2.60894e+08 60.0208 32.5005 25.0005 2.69976e+08 3860.86 3860.86 503894 0 3.1264e+08
356 0.805537 1.075 0.15 2.60744e+08 3514.5 2.60741e+08 60.0208 32.5193 25.0193 2.68514e+08 3860.86 3860.86 503894 0 3.12488e+08
357 0.805537 1.15 -0.45 2.41814e+08 3514.5 2.41811e+08 430 24.7963 17.2963 2.89797e+08 4130.22 4130.22 468756 0 2.84021e+08
358 0.805537 1.15 -0.35 2.33869e+08 3514.5 2.33866e+08 430 23.1876 15.6876 2.96191e+08 4130.22 4130.22 468756 0 2.75964e+08
359 0.805537 1.15 -0.25 2.27815e+08 3514.5 2.27811e+08 430 21.9342 14.4342 3.01595e+08 4130.22 4130.22 468756 0 2.69822e+08
360 0.805537 1.15 -0.15 2.23775e+08 3514.5 2.23771e+08 430 21.0764 13.5764 3.05541e+08 4130.22 4130.22 468756 0 2.65722e+08
361 0.805537 1.15 -0.05 2.21757e+08 3514.5 2.21754e+08 430 20.6388 13.1388 3.07629e+08 4130.22 4130.22 468756 0 2.63674e+08
362 0.805537 1.15 0.05 2.21734e+08 3514.5 2.2173e+08 430 20.6327 13.1327 3.07629e+08 4130.22 4130.22 468756 0 2.6365e+08
363 0.805537 1.15 0.15 2.23704e+08 3514.5 2.237e+08 430 21.0587 13.5587 3.05541e+08 4130.22 4130.22 468756 0 2.65649e+08
364 0.805537 1.225 -0.45 2.09343e+08 3514.5 2.0934e+08 430 17.8631 10.3631 3.23422e+08 4399.58 4399.58 436069 0 2.51065e+08
365 0.805537 1.225 -0.35 2.04792e+08 3514.5 2.04789e+08 430 16.5992 9.09922 3.3196e+08 4399.58 4399.58 436069 0 2.46426e+08
366 0.805537 1.225 -0.25 2.01968e+08 3514.5 2.01964e+08 430 15.6614 8.16143 3.39223e+08 4399.58 4399.58 436069 0 2.43535e+08
367 0.805537 1.225 -0.15 2.00465e+08 3514.5 2.00462e+08 430 15.0468 7.54676 3.44552e+08 4399.58 4399.58 436069 0 2.4199e+08
368 0.805537 1.225 -0.05 1.99848e+08 3514.5 1.99845e+08 430 14.7406 7.2406 3.47382e+08 4399.58 4399.58 436069 0 2.41352e+08
369 0.805537 1.225 0.05 1.99835e+08 3514.5 1.99831e+08 430 14.7307 7.23071 3.47382e+08 4399.58 4399.58 436069 0 2.41337e+08
370 0.805537 1.225 0.15 2.00422e+08 3514.5 2.00419e+08 430 15.0179 7.51785 3.44552e+08 4399.58 4399.58 436069 0 2.41945e+08
371 0.805537 1.3 -0.45 1.98479e+08 3514.5 1.98476e+08 430 13.7814 6.28137 3.59354e+08 4668.94 4668.94 405661 0 2.39915e+08
372 0.805537 1.3 -0.35 1.99013e+08 3514.5 1.9901e+08 430 13.0277 5.52771 3.70435e+08 4668.94 4668.94 405661 0 2.40397e+08
373 0.805537 1.3 -0.25 2.00543e+08 3514.5 2.00539e+08 430 12.544 5.04399 3.79924e+08 4668.94 4668.94 405661 0 2.41893e+08
374 0.805537 1.3 -0.15 2.02208e+08 3514.5 2.02204e+08 430 12.2706 4.77056 3.86852e+08 4668.94 4668.94 405661 0 2.43538e+08
375 0.805537 1.3 -0.05 2.03259e+08 3514.5 2.03255e+08 430 12.1466 4.6466 3.9046e+08 4668.94 4668.94 405661 0 2.44581e+08
376 0.805537 1.3 0.05 2.03261e+08 3514.5 2.03258e+08 430 12.1344 4.63441 3.9046e+08 4668.94 4668.94 405661 0 2.44582e+08
377 0.805537 1.3 0.15 2.02211e+08 3514.5 2.02208e+08 430 12.2343 4.73434 3.86852e+08 4668.94 4668.94 405661 0 2.43539e+08
378 0.966644 0.7 -0.45 1.76123e+08 3514.5 1.76119e+08 60.0208 85.7587 78.2587 2.03766e+09 2514.05 2514.05 723266 0 2.31593e+08
379 0.966644 0.7 -0.35 1.76123e+08 3514.5 1.76119e+08 60.0208 85.7587 78.2587 2.03766e+09 2514.05 2514.05 723266 0 2.31593e+08
380 0.966644 0.7 -0.25 1.76123e+08 3514.5 1.76119e+08 60.0208 85.7587 78.2587 2.03766e+09 2514.05 2514.05 723266 0 2.31593e+08
381 0.966644 0.7 -0.15 1.76123e+08 3514.5 1.76119e+08 60.0208 85.7587 78.2587 2.03766e+09 2514.05 2514.05 723266 0 2.31593e+08
382 0.966644 0.7 -0.05 1.76123e+08 3514.5 1.76119e+08 60.0208 85.7587 78.2587 2.03766e+09 2514.05 2514.05 723266 0 2.31593e+08
383 0.966644 0.7 0.05 1.76123e+08 3514.5 1.76119e+08 60.0208 85.7587 78.2587 2.03766e+09 2514.05 2514.05 723266 0 2.31593e+08
384 0.966644 0.7 0.15 1.76123e+08 3514.5 1.76119e+08 60.0208 85.7587 78.2587 2.03766e+09 2514.05 2514.05 723266 0 2.31593e+08
385 0.966644 0.775 -0.45 1.76123e+08 3514.5 1.76119e+08 60.0208 85.7587 78.2587 2.03766e+09 2783.41 2783.41 672831 0 2.31593e+08
386 0.966644 0.775 -0.35 1.76123e+08 3514.5 1.76119e+08 60.0208 85.7587 78.2587 2.03766e+09 2783.41 2783.41 672831 0 2.31593e+08
387 0.966644 0.775 -0.25 1.76123e+08 3514.5 1.76119e+08 60.0208 85.7587 78.2587 2.03766e+09 2783.41 2783.41 672831 0 2.31593e+08
388 0.966644 0.775 -0.15 1.76123e+08 3514.5 1.76119e+08 60.0208 85.7587 78.2587 2.03766e+09 2783.41 2783.41 672831 0 2.31593e+08
389 0.966644 0.775 -0.05 1.76123e+08 3514.5 1.76119e+08 60.0208 85.7587 78.2587 2.03766e+09 2783.41 2783.41 672831 0 2.31593e+08
390 0.966644 0.775 0.05 1.76123e+08 3514.5 1.76119e+08 60.0208 85.7587 78.2587 2.03766e+09 2783.41 2783.41 672831 0 2.31593e+08
391 0.966644 0.775 0.15 1.76123e+08 3514.5 1.76119e+08 60.0208 85.7587 78.2587 2.03766e+09 2783.41 2783.41 672831 0 2.31593e+08
392 0.966644 0.85 -0.45 1.76123e+08 3514.5 1.76119e+08 60.0208 85.7587 78.2587 2.03766e+09 3052.77 3052.77 625914 0 2.31593e+08
393 0.966644 0.85 -0.35 1.76123e+08 3514.5 1.76119e+08 60.0208 85.7587 78.2587 2.03766e+09 3052.77 3052.77 625914 0 2.31593e+08
394 0.966644 0.85 -0.25 1.76123e+08 3514.5 1.76119e+08 60.0208 85.7587 78.2587 2.03766e+09 3052.77 3052.77 625914 0 2.31593e+08
395 0.966644 0.85 -0.15 1.76123e+08 3514.5 1.76119e+08 60.0208 85.7587 78.2587 2.03766e+09 3052.77 3052.77 625914 0 2.31593e+08
396 0.966644 0.85 -0.05 1.76123e+08 3514.5 1.76119e+08 60.0208 85.7587 78.2587 2.03766e+09 3052.77 3052.77 625914 0 2.31593e+08
397 0.966644 0.85 0.05 1.76123e+08 3514.5 1.76119e+08 60.0208 85.7587 78.2587 2.03766e+09 3052.77 3052.77 625914 0 2.31593e+08
398 0.966644 0.85 0.15 1.76123e+08 3514.5 1.76119e+08 60.0208 85.7587 78.2587 2.03766e+09 3052.77 3052.77 625914 0 2.31593e+08
399 0.966644 0.925 -0.45 2.33047e+08 3514.5 2.33044e+08 60.0208 31.1358 23.6358 1.84977e+08 3322.13 3322.13 582268 0 2.84694e+08
400 0.966644 0.925 -0.35 2.33168e+08 3514.5 2.33165e+08 60.0208 31.0956 23.5956 1.86097e+08 3322.13 3322.13 582268 0 2.84812e+08
401 0.966644 0.925 -0.25 2.33265e+08 3514.5 2.33261e+08 60.0208 31.0623 23.5623 1.87025e+08 3322.13 3322.13 582268 0 2.84906e+08
402 0.966644 0.925 -0.15 2.33329e+08 3514.5 2.33326e+08 60.0208 31.0381 23.5381 1.87692e+08 3322.13 3322.13 582268 0 2.84969e+08
403 0.966644 0.925 -0.05 2.33357e+08 3514.5 2.33353e+08 60.0208 31.0249 23.5249 1.88041e+08 3322.13 3322.13 582268 0 2.84996e+08
404 0.966644 0.925 0.05 2.33343e+08 3514.5 2.3334e+08 60.0208 31.0236 23.5236 1.88041e+08 3322.13 3322.13 582268 0 2.84982e+08
405 0.966644 0.925 0.15 2.33289e+08 3514.5 2.33286e+08 60.0208 31.0343 23.5343 1.87692e+08 3322.13 3322.13 582268 0 2.84929e+08
406 0.966644 1 -0.45 2.36773e+08 3514.5 2.3677e+08 60.0208 29.9094 22.4094 2.24438e+08 3591.49 3591.49 541665 0 2.88334e+08
407 0.966644 1 -0.35 2.37019e+08 3514.5 2.37015e+08 60.0208 29.8392 22.3392 2.27299e+08 3591.49 3591.49 541665 0 2.88575e+08
408 0.966644 1 -0.25 2.37215e+08 3514.5 2.37211e+08 60.0208 29.7811 22.2811 2.29687e+08 3591.49 3591.49 541665 0 2.88767e+08
409 0.966644 1 -0.15 2.37347e+08 3514.5 2.37343e+08 60.0208 29.7388 22.2388 2.31413e+08 3591.49 3591.49 541665 0 2.88896e+08
410 0.966644 1 -0.05 2.37403e+08 3514.5 2.37399e+08 60.0208 29.7153 22.2153 2.32321e+08 3591.49 3591.49 541665 0 2.8895e+08
411 0.966644 1 0.05 2.37376e+08 3514.5 2.37373e+08 60.0208 29.7121 22.2121 2.32321e+08 3591.49 3591.49 541665 0 2.88923e+08
412 0.966644 1 0.15 2.37268e+08 3514.5 2.37264e+08 60.0208 29.7295 22.2295 2.31413e+08 3591.49 3591.49 541665 0 2.88816e+08
413 0.966644 1.075 -0.45 2.39483e+08 3514.5 2.39479e+08 60.0208 29.2254 21.7254 2.57393e+08 3860.86 3860.86 503894 0 2.90996e+08
414 0.966644 1.075 -0.35 2.39812e+08 3514.5 2.39808e+08 60.0208 29.1397 21.6397 2.61932e+08 3860.86 3860.86 503894 0 2.91319e+08
415 0.966644 1.075 -0.25 2.40075e+08 3514.5 2.40072e+08 60.0208 29.0688 21.5688 2.65744e+08 3860.86 3860.86 503894 0 2.91577e+08
416 0.966644 1.075 -0.15 2.40253e+08 3514.5 2.40249e+08 60.0208 29.017 21.517 2.68514e+08 3860.86 3860.86 503894 0 2.91751e+08
417 0.966644 1.075 -0.05 2.3758e+08 3514.5 2.37576e+08 430 27.9522 20.4522 2.69976e+08 3860.86 3860.86 503894 0 2.80008e+08
418 0.966644 1.075 0.05 2.37545e+08 3514.5 2.37541e+08 430 27.9499 20.4499 2.69976e+08 3860.86 3860.86 503894 0 2.79973e+08
419 0.966644 1.075 0.15 2.40148e+08 3514.5 2.40144e+08 60.0208 29.0038 21.5038 2.68514e+08 3860.86 3860.86 503894 0 2.91645e+08
420 0.966644 1.15 -0.45 2.04649e+08 3514.5 2.04645e+08 430 21.9873 14.4873 2.89797e+08 4130.22 4130.22 468756 0 2.46659e+08
421 0.966644 1.15 -0.35 1.96241e+08 3514.5 1.96238e+08 430 20.4024 12.9024 2.96191e+08 4130.22 4130.22 468756 0 2.38141e+08
422 0.966644 1.15 -0.25 1.90003e+08 3514.5 1.9e+08 430 19.1832 11.6832 3.01595e+08 4130.22 4130.22 468756 0 2.31818e+08
423 0.966644 1.15 -0.15 1.85949e+08 3514.5 1.85946e+08 430 18.3586 10.8586 3.05541e+08 4130.22 4130.22 468756 0 2.27706e+08
424 0.966644 1.15 -0.05 1.8396e+08 3514.5 1.83957e+08 430 17.9411 10.4411 3.07629e+08 4130.22 4130.22 468756 0 2.25688e+08
425 0.966644 1.15 0.05 1.83923e+08 3514.5 1.8392e+08 430 17.9349 10.4349 3.07629e+08 4130.22 4130.22 468756 0 2.2565e+08
426 0.966644 1.15 0.15 1.85838e+08 3514.5 1.85834e+08 430 18.3404 10.8404 3.05541e+08 4130.22 4130.22 468756 0 2.27593e+08
427 0.966644 1.225 -0.45 1.7288e+08 3514.5 1.72877e+08 430 15.3977 7.89771 3.23422e+08 4399.58 4399.58 436069 0 2.1443e+08
428 0.966644 1.225 -0.35 1.69619e+08 3514.5 1.69615e+08 430 14.2995 6.79953 3.3196e+08 4399.58 4399.58 436069 0 2.11091e+08
429 0.966644 1.225 -0.25 1.68188e+08 3514.5 1.68184e+08 430 13.5274 6.02742 3.39223e+08 4399.58 4399.58 436069 0 2.09606e+08
430 0.966644 1.225 -0.15 1.67853e+08 3514.5 1.67849e+08 430 13.048 5.54795 3.44552e+08 4399.58 4399.58 436069 0 2.09238e+08
431 0.966644 1.225 -0.05 1.67896e+08 3514.5 1.67892e+08 430 12.8179 5.31786 3.47382e+08 4399.58 4399.58 436069 0 2.09264e+08
432 0.966644 1.225 0.05 1.67875e+08 3514.5 1.67871e+08 430 12.8077 5.30768 3.47382e+08 4399.58 4399.58 436069 0 2.09243e+08
433 0.966644 1.225 0.15 1.67786e+08 3514.5 1.67783e+08 430 13.0181 5.5181 3.44552e+08 4399.58 4399.58 436069 0 2.09169e+08
434 0.966644 1.3 -0.45 1.69654e+08 3514.5 1.6965e+08 430 12.2271 4.72715 3.59354e+08 4668.94 4668.94 405661 0 2.10981e+08
435 0.966644 1.3 -0.35 1.73228e+08 3514.5 1.73225e+08 430 11.8275 4.32748 3.70435e+08 4668.94 4668.94 405661 0 2.14527e+08
436 0.966644 1.3 -0.25 1.7741e+08 3514.5 1.77406e+08 430 11.657 4.15698 3.79924e+08 4668.94 4668.94 405661 0 2.18697e+08
437 0.966644 1.3 -0.15 1.81014e+08 3514.5 1.81011e+08 430 11.6144 4.11441 3.86852e+08 4668.94 4668.94 405661 0 2.22299e+08
438 0.966644 1.3 -0.05 1.83085e+08 3514.5 1.83082e+08 430 11.6123 4.11227 3.90459e+08 4668.94 4668.94 405661 0 2.2437e+08
439 0.966644 1.3 0.05 1.83089e+08 3514.5 1.83085e+08 430 11.6009 4.10085 3.90459e+08 4668.94 4668.94 405661 0 2.24372e+08
440 0.966644 1.3 0.15 1.81019e+08 3514.5 1.81016e+08 430 11.5801 4.08014 3.86852e+08 4668.94 4668.94 405661 0 2.22301e+08
441 1.12775 0.7 -0.45 2.07807e+08 3514.5 2.07803e+08 60.0208 87.9306 80.4306 2.01786e+09 2514.05 2514.05 723266 0 2.63429e+08
442 1.12775 0.7 -0.35 2.07807e+08 3514.5 2.07803e+08 60.0208 87.9306 80.4306 2.01786e+09 2514.05 2514.05 723266 0 2.63429e+08
443 1.12775 0.7 -0.25 2.07807e+08 3514.5 2.07803e+08 60.0208 87.9306 80.4306 2.01786e+09 2514.05 2514.05 723266 0 2.63429e+08
444 1.12775 0.7 -0.15 2.07807e+08 3514.5 2.07803e+08 60.0208 87.9306 80.4306 2.01786e+09 2514.05 2514.05 723266 0 2.63429e+08
445 1.12775 0.7 -0.05 2.07807e+08 3514.5 2.07803e+08 60.0208 87.9306 80.4306 2.01786e+09 2514.05 2514.05 723266 0 2.63429e+08
446 1.12775 0.7 0.05 2.07807e+08 3514.5 2.07803e+08 60.0208 87.9306 80.4306 2.01786e+09 2514.05 2514.05 723266 0 2.63429e+08
447 1.12775 0.7 0.15 2.07807e+08 3514.5 2.07803e+08 60.0208 87.9306 80.4306 2.01786e+09 2514.05 2514.05 723266 0 2.63429e+08
448 1.12775 0.775 -0.45 2.07807e+08 3514.5 2.07803e+08 60.0208 87.9306 80.4306 2.01786e+09 2783.41 2783.41 672831 0 2.63429e+08
449 1.12775 0.775 -0.35 2.07807e+08 3514.5 2.07803e+08 60.0208 87.9306 80.4306 2.01786e+09 2783.41 2783.41 672831 0 2.63429e+08
450 1.12775 0.775 -0.25 2.07807e+08 3514.5 2.07803e+08 60.0208 87.9306 80.4306 2.01786e+09 2783.41 2783.41 672831 0 2.63429e+08
451 1.12775 0.775 -0.15 2.07807e+08 3514.5 2.07803e+08 60.0208 87.9306 80.4306 2.01786e+09 2783.41 2783.41 672831 0 2.63429e+08
452 1.12775 0.775 -0.05 2.07807e+08 3514.5 2.07803e+08 60.0208 87.9306 80.4306 2.01786e+09 2783.41 2783.41 672831 0 2.63429e+08
453 1.12775 0.775 0.05 2.07807e+08 3514.5 2.07803e+08 60.0208 87.9306 80.4306 2.01786e+09 2783.41 2783.41 672831 0 2.63429e+08
454 1.12775 0.775 0.15 2.07807e+08 3514.5 2.07803e+08 60.0208 87.9306 80.4306 2.01786e+09 2783.41 2783.41 672831 0 2.63429e+08
455 1.12775 0.85 -0.45 2.07807e+08 3514.5 2.07803e+08 60.0208 87.9306 80.4306 2.01786e+09 3052.77 3052.77 625914 0 2.63429e+08
456 1.12775 0.85 -0.35 2.07807e+08 3514.5 2.07803e+08 60.0208 87.9306 80.4306 2.01786e+09 3052.77 3052.77 625914 0 2.63429e+08
457 1.12775 0.85 -0.25 2.07807e+08 3514.5 2.07803e+08 60.0208 87.9306 80.4306 2.01786e+09 3052.77 3052.77 625914 0 2.63429e+08
458 1.12775 0.85 -0.15 2.07807e+08 3514.5 2.07803e+08 60.0208 87.9306 80.4306 2.01786e+09 3052.77 3052.77 625914 0 2.63429e+08
459 1.12775 0.85 -0.05 2.07807e+08 3514.5 2.07803e+08 60.0208 87.9306 80.4306 2.01786e+09 3052.77 3052.77 625914 0 2.63429e+08
460 1.12775 0.85 0.05 2.07807e+08 3514.5 2.07803e+08 60.0208 87.9306 80.4306 2.01786e+09 3052.77 3052.77 625914 0 2.63429e+08
461 1.12775 0.85 0.15 2.07807e+08 3514.5 2.07803e+08 60.0208 87.9306 80.4306 2.01786e+09 3052.77 3052.77 625914 0 2.63429e+08
462 1.12775 0.925 -0.45 2.13155e+08 3514.5 2.13151e+08 60.0208 27.6882 20.1882 1.84977e+08 3322.13 3322.13 582268 0 2.6456e+08
463 1.12775 0.925 -0.35 2.13246e+08 3514.5 2.13242e+08 60.0208 27.6464 20.1464 1.86097e+08 3322.13 3322.13 582268 0 2.64648e+08
464 1.12775 0.925 -0.25 2.13317e+08 3514.5 2.13314e+08 60.0208 27.6119 20.1119 1.87025e+08 3322.13 3322.13 582268 0 2.64717e+08
465 1.12775 0.925 -0.15 2.13363e+08 3514.5 2.13359e+08 60.0208 27.5868 20.0868 1.87692e+08 3322.13 3322.13 582268 0 2.64761e+08
466 1.12775 0.925 -0.05 2.13378e+08 3514.5 2.13375e+08 60.0208 27.5731 20.0731 1.88041e+08 3322.13 3322.13 582268 0 2.64776e+08
467 1.12775 0.925 0.05 2.13361e+08 3514.5 2.13358e+08 60.0208 27.5719 20.0719 1.88041e+08 3322.13 3322.13 582268 0 2.64758e+08
468 1.12775 0.925 0.15 2.13312e+08 3514.5 2.13308e+08 60.0208 27.5831 20.0831 1.87692e+08 3322.13 3322.13 582268 0 2.6471e+08
469 1.12775 1 -0.45 2.16108e+08 3514.5 2.16105e+08 60.0208 26.4158 18.9158 2.24438e+08 3591.49 3591.49 541665 0 2.67425e+08
470 1.12775 1 -0.35 2.16298e+08 3514.5 2.16294e+08 60.0208 26.3426 18.8426 2.27299e+08 3591.49 3591.49 541665 0 2.67609e+08
471 1.12775 1 -0.25 2.16446e+08 3514.5 2.16442e+08 60.0208 26.2821 18.7821 2.29687e+08 3591.49 3591.49 541665 0 2.67753e+08
472 1.12775 1 -0.15 2.16542e+08 3514.5 2.16538e+08 60.0208 26.2381 18.7381 2.31413e+08 3591.49 3591.49 541665 0 2.67846e+08
473 1.12775 1 -0.05 2.16575e+08 3514.5 2.16571e+08 60.0208 26.2137 18.7137 2.32321e+08 3591.49 3591.49 541665 0 2.67877e+08
474 1.12775 1 0.05 2.16541e+08 3514.5 2.16537e+08 60.0208 26.2107 18.7107 2.32321e+08 3591.49 3591.49 541665 0 2.67843e+08
475 1.12775 1 0.15 2.16441e+08 3514.5 2.16437e+08 60.0208 26.2291 18.7291 2.31413e+08 3591.49 3591.49 541665 0 2.67744e+08
476 1.12775 1.075 -0.45 2.18349e+08 3514.5 2.18346e+08 60.0208 25.706 18.206 2.57393e+08 3860.86 3860.86 503894 0 2.69616e+08
477 1.12775 1.075 -0.35 2.18606e+08 3514.5 2.18602e+08 60.0208 25.6166 18.1166 2.61932e+08 3860.86 3860.86 503894 0 2.69866e+08
478 1.12775 1.075 -0.25 2.10407e+08 3514.5 2.10403e+08 430 26.4434 18.9434 2.65744e+08 3860.86 3860.86 503894 0 2.52729e+08
479 1.12775 1.075 -0.15 2.04408e+08 3514.5 2.04404e+08 430 25.4284 17.9284 2.68514e+08 3860.86 3860.86 503894 0 2.46659e+08
480 1.12775 1.075 -0.05 2.01303e+08 3514.5 2.013e+08 430 24.9078 17.4078 2.69976e+08 3860.86 3860.86 503894 0 2.43518e+08
481 1.12775 1.075 0.05 2.01254e+08 3514.5 2.0125e+08 430 24.9056 17.4056 2.69976e+08 3860.86 3860.86 503894 0 2.43469e+08
482 1.12775 1.075 0.15 2.04261e+08 3514.5 2.04257e+08 430 25.4222 17.9222 2.68514e+08 3860.86 3860.86 503894 0 2.46512e+08
483 1.12775 1.15 -0.45 1.66392e+08 3514.5 1.66388e+08 430 18.9873 11.4873 2.89797e+08 4130.22 4130.22 468756 0 2.08193e+08
484 1.12775 1.15 -0.35 1.58029e+08 3514.5 1.58026e+08 430 17.4661 9.96609 2.96191e+08 4130.22 4130.22 468756 0 1.99723e+08
485 1.12775 1.15 -0.25 1.52145e+08 3514.5 1.52142e+08 430 16.3203 8.82033 3.01595e+08 4130.22 4130.22 468756 0 1.93759e+08
486 1.12775 1.15 -0.15 1.48535e+08 3514.5 1.48531e+08 430 15.5609 8.06088 3.0554e+08 4130.22 4130.22 468756 0 1.90096e+08
487 1.12775 1.15 -0.05 1.46838e+08 3514.5 1.46834e+08 430 15.1821 7.68208 3.07629e+08 4130.22 4130.22 468756 0 1.88372e+08
488 1.12775 1.15 0.05 1.46782e+08 3514.5 1.46779e+08 430 15.1758 7.67578 3.07629e+08 4130.22 4130.22 468756 0 1.88316e+08
489 1.12775 1.15 0.15 1.48368e+08 3514.5 1.48364e+08 430 15.5427 8.04274 3.0554e+08 4130.22 4130.22 468756 0 1.89927e+08
490 1.12775 1.225 -0.45 1.39637e+08 3514.5 1.39633e+08 430 13.0411 5.54106 3.23422e+08 4399.58 4399.58 436069 0 1.81021e+08
491 1.12775 1.225 -0.35 1.39232e+08 3514.5 1.39229e+08 430 12.2198 4.71984 3.3196e+08 4399.58 4399.58 436069 0 1.80559e+08
492 1.12775 1.225 -0.25 1.4055e+08 3514.5 1.40547e+08 430 11.715 4.21503 3.39223e+08 4399.58 4399.58 436069 0 1.81842e+08
493 1.12775 1.225 -0.15 1.42348e+08 3514.5 1.42345e+08 430 11.4466 3.94658 3.44552e+08 4399.58 4399.58 436069 0 1.83621e+08
494 1.12775 1.225 -0.05 1.43544e+08 3514.5 1.43541e+08 430 11.3327 3.83268 3.47382e+08 4399.58 4399.58 436069 0 1.84809e+08
495 1.12775 1.225 0.05 1.43515e+08 3514.5 1.43511e+08 430 11.3229 3.82291 3.47382e+08 4399.58 4399.58 436069 0 1.84779e+08
496 1.12775 1.225 0.15 1.42254e+08 3514.5 1.4225e+08 430 11.4177 3.91772 3.44552e+08 4399.58 4399.58 436069 0 1.83524e+08
497 1.12775 1.3 -0.45 1.50328e+08 3514.5 1.50325e+08 430 11.2566 3.75664 3.59353e+08 4668.94 4668.94 405661 0 1.91588e+08
498 1.12775 1.3 -0.35 1.58289e+08 3514.5 1.58285e+08 430 11.317 3.81695 3.70434e+08 4668.94 4668.94 405661 0 1.99552e+08
499 1.12775 1.3 -0.25 1.65974e+08 3514.5 1.65971e+08 430 11.5176 4.01759 3.79924e+08 4668.94 4668.94 405661 0 2.07252e+08
500 1.12775 1.3 -0.15 1.71984e+08 3514.5 1.7198e+08 429.854 11.7255 4.22546 3.86852e+08 4668.94 4668.94 405661 0 2.13261e+08
501 1.12775 1.3 -0.05 1.75175e+08 3514.5 1.75171e+08 426.938 11.7685 4.26853 3.90459e+08 4668.94 4668.94 405661 0 2.16164e+08
502 1.12775 1.3 0.05 1.75181e+08 3514.5 1.75177e+08 426.958 11.7593 4.25925 3.90459e+08 4668.94 4668.94 405661 0 2.16171e+08
503 1.12775 1.3 0.15 1.7199e+08 3514.5 1.71987e+08 429.917 11.6982 4.19821 3.86852e+08 4668.94 4668.94 405661 0 2.13272e+08
504 1.28886 0.7 -0.45 2.41124e+08 3514.5 2.41121e+08 60.0208 89.5246 82.0246 1.98495e+09 2514.05 2514.05 723266 0 2.96859e+08
505 1.28886 0.7 -0.35 2.41124e+08 3514.5 2.41121e+08 60.0208 89.5246 82.0246 1.98495e+09 2514.05 2514.05 723266 0 2.96859e+08
506 1.28886 0.7 -0.25 2.41124e+08 3514.5 2.41121e+08 60.0208 89.5246 82.0246 1.98495e+09 2514.05 2514.05 723266 0 2.96859e+08
507 1.28886 0.7 -0.15 2.41124e+08 3514.5 2.41121e+08 60.0208 89.5246 82.0246 1.98495e+09 2514.05 2514.05 723266 0 2.96859e+08
508 1.28886 0.7 -0.05 2.41124e+08 3514.5 2.41121e+08 60.0208 89.5246 82.0246 1.98495e+09 2514.05 2514.05 723266 0 2.96859e+08
509 1.28886 0.7 0.05 2.41124e+08 3514.5 2.41121e+08 60.0208 89.5246 82.0246 1.98495e+09 2514.05 2514.05 723266 0 2.96859e+08
510 1.28886 0.7 0.15 2.41124e+08 3514.5 2.41121e+08 60.0208 89.5246 82.0246 1.98495e+09 2514.05 2514.05 723266 0 2.96859e+08
511 1.28886 0.775 -0.45 2.41124e+08 3514.5 2.41121e+08 60.0208 89.5246 82.0246 1.98495e+09 2783.41 2783.41 672831 0 2.96859e+08
512 1.28886 0.775 -0.35 2.41124e+08 3514.5 2.41121e+08 60.0208 89.5246 82.0246 1.98495e+09 2783.41 2783.41 672831 0 2.96859e+08
513 1.28886 0.775 -0.25 2.41124e+08 3514.5 2.41121e+08 60.0208 89.5246 82.0246 1.98495e+09 2783.41 2783.41 672831 0 2.96859e+08
514 1.28886 0.775 -0.15 2.41124e+08 3514.5 2.41121e+08 60.0208 89.5246 82.0246 1.98495e+09 2783.41 2783.41 672831 0 2.96859e+08
515 1.28886 0.775 -0.05 2.41124e+08 3514.5 2.41121e+08 60.0208 89.5246 82.0246 1.98495e+09 2783.41 2783.41 672831 0 2.96859e+08
516 1.28886 0.775 0.05 2.41124e+08 3514.5 2.41121e+08 60.0208 89.5246 82.0246 1.98495e+09 2783.41 2783.41 672831 0 2.96859e+08
517 1.28886 0.775 0.15 2.41124e+08 3514.5 2.41121e+08 60.0208 89.5246 82.0246 1.98495e+09 2783.41 2783.41 672831 0 2.96859e+08
518 1.28886 0.85 -0.45 2.41124e+08 3514.5 2.41121e+08 60.0208 89.5246 82.0246 1.98495e+09 3052.77 3052.77 625914 0 2.96859e+08
519 1.28886 0.85 -0.35 2.41124e+08 3514.5 2.41121e+08 60.0208 89.5246 82.0246 1.98495e+09 3052.77 3052.77 625914 0 2.96859e+08
520 1.28886 0.85 -0.25 2.41124e+08 3514.5 2.41121e+08 60.0208 89.5246 82.0246 1.98495e+09 3052.77 3052.77 625914 0 2.96859e+08
521 1.28886 0.85 -0.15 2.41124e+08 3514.5 2.41121e+08 60.0208 89.5246 82.0246 1.98495e+09 3052.77 3052.77 625914 0 2.96859e+08
522 1.28886 0.85 -0.05 2.41124e+08 3514.5 2.41121e+08 60.0208 89.5246 82.0246 1.98495e+09 3052.77 3052.77 625914 0 2.96859e+08
523 1.28886 0.85 0.05 2.41124e+08 3514.5 2.41121e+08 60.0208 89.5246 82.0246 1.98495e+09 3052.77 3052.77 625914 0 2.96859e+08
524 1.28886 0.85 0.15 2.41124e+08 3514.5 2.41121e+08 60.0208 89.5246 82.0246 1.98495e+09 3052.77 3052.77 625914 0 2.96859e+08
525 1.28886 0.925 -0.45 1.92979e+08 3514.5 1.92975e+08 60.0208 24.2302 16.7302 1.84977e+08 3322.13 3322.13 582268 0 2.44142e+08
526 1.28886 0.925 -0.35 1.93036e+08 3514.5 1.93033e+08 60.0208 24.1874 16.6874 1.86097e+08 3322.13 3322.13 582268 0 2.44196e+08
527 1.28886 0.925 -0.25 1.93079e+08 3514.5 1.93075e+08 60.0208 24.1521 16.6521 1.87025e+08 3322.13 3322.13 582268 0 2.44237e+08
528 1.28886 0.925 -0.15 1.93102e+08 3514.5 1.93099e+08 60.0208 24.1265 16.6265 1.87692e+08 3322.13 3322.13 582268 0 2.44259e+08
529 1.28886 0.925 -0.05 1.93104e+08 3514.5 1.93101e+08 60.0208 24.1126 16.6126 1.88041e+08 3322.13 3322.13 582268 0 2.4426e+08
530 1.28886 0.925 0.05 1.93083e+08 3514.5 1.9308e+08 60.0208 24.1114 16.6114 1.88041e+08 3322.13 3322.13 582268 0 2.44238e+08
531 1.28886 0.925 0.15 1.9304e+08 3514.5 1.93036e+08 60.0208 24.123 16.623 1.87692e+08 3322.13 3322.13 582268 0 2.44196e+08
532 1.28886 1 -0.45 1.95056e+08 3514.5 1.95052e+08 60.0208 22.9316 15.4316 2.24438e+08 3591.49 3591.49 541665 0 2.46128e+08
533 1.28886 1 -0.35 1.9518e+08 3514.5 1.95177e+08 60.0208 22.8568 15.3568 2.27299e+08 3591.49 3591.49 541665 0 2.46248e+08
534 1.28886 1 -0.25 1.95274e+08 3514.5 1.9527e+08 60.0208 22.795 15.295 2.29687e+08 3591.49 3591.49 541665 0 2.46337e+08
535 1.28886 1 -0.15 1.95327e+08 3514.5 1.95324e+08 60.0208 22.7502 15.2502 2.31413e+08 3591.49 3591.49 541665 0 2.46387e+08
536 1.28886 1 -0.05 1.95335e+08 3514.5 1.95331e+08 60.0208 22.7254 15.2254 2.32321e+08 3591.49 3591.49 541665 0 2.46393e+08
537 1.28886 1 0.05 1.95293e+08 3514.5 1.95289e+08 60.0208 22.7225 15.2225 2.32321e+08 3591.49 3591.49 541665 0 2.46351e+08
538 1.28886 1 0.15 1.95202e+08 3514.5 1.95199e+08 60.0208 22.7416 15.2416 2.31413e+08 3591.49 3591.49 541665 0 2.46261e+08
539 1.28886 1.075 -0.45 1.94175e+08 3514.5 1.94172e+08 430 26.483 18.983 2.57393e+08 3860.86 3860.86 503894 0 2.36501e+08
540 1.28886 1.075 -0.35 1.82484e+08 3514.5 1.8248e+08 430 24.6127 17.1127 2.61931e+08 3860.86 3860.86 503894 0 2.24678e+08
541 1.28886 1.075 -0.25 1.73149e+08 3514.5 1.73146e+08 430 23.1369 15.6369 2.65744e+08 3860.86 3860.86 503894 0 2.1524e+08
542 1.28886 1.075 -0.15 1.66661e+08 3514.5 1.66658e+08 430 22.1185 14.6185 2.68514e+08 3860.86 3860.86 503894 0 2.08681e+08
543 1.28886 1.075 -0.05 1.63317e+08 3514.5 1.63313e+08 430 21.5984 14.0984 2.69975e+08 3860.86 3860.86 503894 0 2.053e+08
544 1.28886 1.075 0.05 1.63247e+08 3514.5 1.63244e+08 430 21.5965 14.0965 2.69975e+08 3860.86 3860.86 503894 0 2.0523e+08
545 1.28886 1.075 0.15 1.66456e+08 3514.5 1.66453e+08 430 22.1129 14.6129 2.68514e+08 3860.86 3860.86 503894 0 2.08476e+08
546 1.28886 1.15 -0.45 1.28144e+08 3514.5 1.28141e+08 430 15.8522 8.35215 2.89797e+08 4130.22 4130.22 468756 0 1.69725e+08
547 1.28886 1.15 -0.35 1.2085e+08 3514.5 1.20846e+08 430 14.4572 6.95721 2.96191e+08 4130.22 4130.22 468756 0 1.62333e+08
548 1.28886 1.15 -0.25 1.16418e+08 3514.5 1.16414e+08 430 13.4487 5.94868 3.01595e+08 4130.22 4130.22 468756 0 1.57831e+08
549 1.28886 1.15 -0.15 1.14181e+08 3514.5 1.14177e+08 430 12.808 5.30801 3.0554e+08 4130.22 4130.22 468756 0 1.55549e+08
550 1.28886 1.15 -0.05 1.13303e+08 3514.5 1.133e+08 430 12.4987 4.99869 3.07629e+08 4130.22 4130.22 468756 0 1.5465e+08
551 1.28886 1.15 0.05 1.13222e+08 3514.5 1.13218e+08 430 12.4927 4.99271 3.07629e+08 4130.22 4130.22 468756 0 1.54568e+08
552 1.28886 1.15 0.15 1.13933e+08 3514.5 1.1393e+08 430 12.7908 5.29077 3.0554e+08 4130.22 4130.22 468756 0 1.553e+08
553 1.28886 1.225 -0.45 1.14554e+08 3514.5 1.1455e+08 430 11.0352 3.53524 3.23421e+08 4399.58 4399.58 436069 0 1.55798e+08
554 1.28886 1.225 -0.35 1.19289e+08 3514.5 1.19286e+08 430 10.6527 3.15271 3.3196e+08 4399.58 4399.58 436069 0 1.60506e+08
555 1.28886 1.225 -0.25 1.24978e+08 3514.5 1.24975e+08 430 10.5428 3.0428 3.39223e+08 4399.58 4399.58 436069 0 1.66188e+08
556 1.28886 1.225 -0.15 1.29866e+08 3514.5 1.29863e+08 430 10.5663 3.06631 3.44552e+08 4399.58 4399.58 436069 0 1.71077e+08
557 1.28886 1.225 -0.05 1.3264e+08 3514.5 1.32637e+08 430 10.6063 3.10627 3.47382e+08 4399.58 4399.58 436069 0 1.73854e+08
558 1.28886 1.225 0.05 1.32604e+08 3514.5 1.32601e+08 430 10.5981 3.09811 3.47382e+08 4399.58 4399.58 436069 0 1.73818e+08
559 1.28886 1.225 0.15 1.29748e+08 3514.5 1.29745e+08 430 10.5419 3.04187 3.44552e+08 4399.58 4399.58 436069 0 1.70957e+08
560 1.28886 1.3 -0.45 1.4534e+08 3514.5 1.45336e+08 424.354 11.0693 3.56927 3.59353e+08 4668.94 4668.94 405661 0 1.86021e+08
561 1.28886 1.3 -0.35 1.55756e+08 3514.5 1.55752e+08 413.812 11.2857 3.78567 3.70434e+08 4668.94 4668.94 405661 0 1.95399e+08
562 1.28886 1.3 -0.25 1.63648e+08 3514.5 1.63645e+08 405.792 11.411 3.91101 3.79924e+08 4668.94 4668.94 405661 0 2.02498e+08
563 1.28886 1.3 -0.15 1.68967e+08 3514.5 1.68964e+08 400.354 11.4744 3.97437 3.86852e+08 4668.94 4668.94 405661 0 2.07277e+08
564 1.28886 1.3 -0.05 1.71655e+08 3514.5 1.71651e+08 397.604 11.4955 3.99548 3.90459e+08 4668.94 4668.94 405661 0 2.09692e+08
565 1.28886 1.3 0.05 1.71675e+08 3514.5 1.71671e+08 397.625 11.4852 3.98519 3.90459e+08 4668.94 4668.94 405661 0 2.09712e+08
566 1.28886 1.3 0.15 1.69018e+08 3514.5 1.69014e+08 400.396 11.4431 3.94311 3.86852e+08 4668.94 4668.94 405661 0 2.0733e+08
567 1.44997 0.7 -0.45 2.73024e+08 3514.5 2.73021e+08 60.0208 90.3196 82.8196 1.9413e+09 2514.05 2514.05 723266 0 3.28814e+08
568 1.44997 0.7 -0.35 2.73024e+08 3514.5 2.73021e+08 60.0208 90.3196 82.8196 1.9413e+09 2514.05 2514.05 723266 0 3.28814e+08
569 1.44997 0.7 -0.25 2.73024e+08 3514.5 2.73021e+08 60.0208 90.3196 82.8196 1.9413e+09 2514.05 2514.05 723266 0 3.28814e+08
570 1.44997 0.7 -0.15 2.73024e+08 3514.5 2.73021e+08 60.0208 90.3196 82.8196 1.9413e+09 2514.05 2514.05 723266 0 3.28814e+08
571 1.44997 0.7 -0.05 2.73024e+08 3514.5 2.73021e+08 60.0208 90.3196 82.8196 1.9413e+09 2514.05 2514.05 723266 0 3.28814e+08
572 1.44997 0.7 0.05 2.73024e+08 3514.5 2.73021e+08 60.0208 90.3196 82.8196 1.9413e+09 2514.05 2514.05 723266 0 3.28814e+08
573 1.44997 0.7 0.15 2.73024e+08 3514.5 2.73021e+08 60.0208 90.3196 82.8196 1.9413e+09 2514.05 2514.05 723266 0 3.28814e+08
574 1.44997 0.775 -0.45 2.73024e+08 3514.5 2.73021e+08 60.0208 90.3196 82.8196 1.9413e+09 2783.41 2783.41 672831 0 3.28814e+08
575 1.44997 0.775 -0.35 2.73024e+08 3514.5 2.73021e+08 60.0208 90.3196 82.8196 1.9413e+09 2783.41 2783.41 672831 0 3.28814e+08
576 1.44997 0.775 -0.25 2.73024e+08 3514.5 2.73021e+08 60.0208 90.3196 82.8196 1.9413e+09 2783.41 2783.41 672831 0 3.28814e+08
577 1.44997 0.775 -0.15 2.73024e+08 3514.5 2.73021e+08 60.0208 90.3196 82.8196 1.9413e+09 2783.41 2783.41 672831 0 3.28814e+08
578 1.44997 0.775 -0.05 2.73024e+08 3514.5 2.73021e+08 60.0208 90.3196 82.8196 1.9413e+09 2783.41 2783.41 672831 0 3.28814e+08
579 1.44997 0.775 0.05 2.73024e+08 3514.5 2.73021e+08 60.0208 90.3196 82.8196 1.9413e+09 2783.41 2783.41 672831 0 3.28814e+08
580 1.44997 0.775 0.15 2.73024e+08 3514.5 2.73021e+08 60.0208 90.3196 82.8196 1.9413e+09 2783.41 2783.41 672831 0 3.28814e+08
581 1.44997 0.85 -0.45 2.73024e+08 3514.5 2.73021e+08 60.0208 90.3196 82.8196 1.9413e+09 3052.77 3052.77 625914 0 3.28814e+08
582 1.44997 0.85 -0.35 2.73024e+08 3514.5 2.73021e+08 60.0208 90.3196 82.8196 1.9413e+09 3052.77 3052.77 625914 0 3.28814e+08
583 1.44997 0.85 -0.25 2.73024e+08 3514.5 2.73021e+08 60.0208 90.3196 82.8196 1.9413e+09 3052.77 3052.77 625914 0 3.28814e+08
584 1.44997 0.85 -0.15 2.73024e+08 3514.5 2.73021e+08 60.0208 90.3196 82.8196 1.9413e+09 3052.77 3052.77 625914 0 3.28814e+08
585 1.44997 0.85 -0.05 2.73024e+08 3514.5 2.73021e+08 60.0208 90.3196 82.8196 1.9413e+09 3052.77 3052.77 625914 0 3.28814e+08
586 1.44997 0.85 0.05 2.73024e+08 3514.5 2.73021e+08 60.0208 90.3196 82.8196 1.9413e+09 3052.77 3052.77 625914 0 3.28814e+08
587 1.44997 0.85 0.15 2.73024e+08 3514.5 2.73021e+08 60.0208 90.3196 82.8196 1.9413e+09 3052.77 3052.77 625914 0 3.28814e+08
588 1.44997 0.925 -0.45 1.72862e+08 3514.5 1.72858e+08 60.0208 20.8003 13.3003 1.84977e+08 3322.13 3322.13 582268 0 2.23785e+08
589 1.44997 0.925 -0.35 1.7288e+08 3514.5 1.72877e+08 60.0208 20.7574 13.2574 1.86097e+08 3322.13 3322.13 582268 0 2.23801e+08
590 1.44997 0.925 -0.25 1.7289e+08 3514.5 1.72886e+08 60.0208 20.7219 13.2219 1.87025e+08 3322.13 3322.13 582268 0 2.23808e+08
591 1.44997 0.925 -0.15 1.72888e+08 3514.5 1.72885e+08 60.0208 20.6963 13.1963 1.87691e+08 3322.13 3322.13 582268 0 2.23805e+08
592 1.44997 0.925 -0.05 1.72875e+08 3514.5 1.72872e+08 60.0208 20.6824 13.1824 1.88041e+08 3322.13 3322.13 582268 0 2.2379e+08
593 1.44997 0.925 0.05 1.7285e+08 3514.5 1.72846e+08 60.0208 20.6813 13.1813 1.88041e+08 3322.13 3322.13 582268 0 2.23765e+08
594 1.44997 0.925 0.15 1.72812e+08 3514.5 1.72809e+08 60.0208 20.6932 13.1932 1.87691e+08 3322.13 3322.13 582268 0 2.23728e+08
595 1.44997 1 -0.45 1.7394e+08 3514.5 1.73937e+08 60.0208 19.5024 12.0024 2.24438e+08 3591.49 3591.49 541665 0 2.24773e+08
596 1.44997 1 -0.35 1.7399e+08 3514.5 1.73986e+08 60.0208 19.4278 11.9278 2.27299e+08 3591.49 3591.49 541665 0 2.24817e+08
597 1.44997 1 -0.25 1.74019e+08 3514.5 1.74016e+08 60.0208 19.3663 11.8663 2.29686e+08 3591.49 3591.49 541665 0 2.24842e+08
598 1.44997 1 -0.15 1.74025e+08 3514.5 1.74021e+08 60.0208 19.3218 11.8218 2.31413e+08 3591.49 3591.49 541665 0 2.24845e+08
599 1.44997 1 -0.05 1.74003e+08 3514.5 1.73999e+08 60.0208 19.2973 11.7973 2.32321e+08 3591.49 3591.49 541665 0 2.24821e+08
600 1.44997 1 0.05 1.73951e+08 3514.5 1.73948e+08 60.0208 19.2947 11.7947 2.32321e+08 3591.49 3591.49 541665 0 2.24769e+08
601 1.44997 1 0.15 1.73872e+08 3514.5 1.73869e+08 60.0208 19.3141 11.8141 2.31413e+08 3591.49 3591.49 541665 0 2.24692e+08
602 1.44997 1.075 -0.45 1.56976e+08 3514.5 1.56973e+08 430 22.9228 15.4228 2.57392e+08 3860.86 3860.86 503894 0 1.99052e+08
603 1.44997 1.075 -0.35 1.44368e+08 3514.5 1.44365e+08 430 21.0431 13.5431 2.61931e+08 3860.86 3860.86 503894 0 1.86313e+08
604 1.44997 1.075 -0.25 1.3443e+08 3514.5 1.34427e+08 430 19.5738 12.0738 2.65744e+08 3860.86 3860.86 503894 0 1.76272e+08
605 1.44997 1.075 -0.15 1.27611e+08 3514.5 1.27608e+08 430 18.5686 11.0686 2.68514e+08 3860.86 3860.86 503894 0 1.69383e+08
606 1.44997 1.075 -0.05 1.24123e+08 3514.5 1.24119e+08 430 18.0587 10.5587 2.69975e+08 3860.86 3860.86 503894 0 1.65858e+08
607 1.44997 1.075 0.05 1.24023e+08 3514.5 1.24019e+08 430 18.0571 10.5571 2.69975e+08 3860.86 3860.86 503894 0 1.65758e+08
608 1.44997 1.075 0.15 1.2732e+08 3514.5 1.27316e+08 430 18.5642 11.0642 2.68514e+08 3860.86 3860.86 503894 0 1.69091e+08
609 1.44997 1.15 -0.45 9.24727e+07 3514.5 9.24692e+07 430 12.6913 5.19129 2.89797e+08 4130.22 4130.22 468756 0 1.33833e+08
610 1.44997 1.15 -0.35 8.8611e+07 3514.5 8.86075e+07 430 11.5334 4.0334 2.96191e+08 4130.22 4130.22 468756 0 1.2989e+08
611 1.44997 1.15 -0.25 8.80111e+07 3514.5 8.80075e+07 430 10.7766 3.27659 3.01595e+08 4130.22 4130.22 468756 0 1.29237e+08
612 1.44997 1.15 -0.15 8.89832e+07 3514.5 8.89797e+07 430 10.3495 2.84949 3.0554e+08 4130.22 4130.22 468756 0 1.30179e+08
613 1.44997 1.15 -0.05 8.98912e+07 3514.5 8.98877e+07 430 10.1632 2.66322 3.07629e+08 4130.22 4130.22 468756 0 1.31074e+08
614 1.44997 1.15 0.05 8.97792e+07 3514.5 8.97757e+07 430 10.1582 2.65823 3.07629e+08 4130.22 4130.22 468756 0 1.30962e+08
615 1.44997 1.15 0.15 8.86368e+07 3514.5 8.86332e+07 430 10.335 2.83501 3.0554e+08 4130.22 4130.22 468756 0 1.29832e+08
616 1.44997 1.225 -0.45 1.0542e+08 3514.5 1.05417e+08 430 9.77651 2.27651 3.23421e+08 4399.58 4399.58 436069 0 1.46576e+08
617 1.44997 1.225 -0.35 1.16422e+08 3514.5 1.16418e+08 424.292 10.0413 2.54134 3.3196e+08 4399.58 4399.58 436069 0 1.57026e+08
618 1.44997 1.225 -0.25 1.24933e+08 3514.5 1.24929e+08 414.708 10.3087 2.80871 3.39222e+08 4399.58 4399.58 436069 0 1.64597e+08
619 1.44997 1.225 -0.15 1.30575e+08 3514.5 1.30572e+08 408.354 10.4586 2.95863 3.44552e+08 4399.58 4399.58 436069 0 1.69614e+08
620 1.44997 1.225 -0.05 1.33389e+08 3514.5 1.33386e+08 405.208 10.5219 3.02187 3.47382e+08 4399.58 4399.58 436069 0 1.72118e+08
621 1.44997 1.225 0.05 1.33374e+08 3514.5 1.33371e+08 405.25 10.5131 3.01308 3.47382e+08 4399.58 4399.58 436069 0 1.72107e+08
622 1.44997 1.225 0.15 1.30513e+08 3514.5 1.30509e+08 408.5 10.4333 2.93332 3.44552e+08 4399.58 4399.58 436069 0 1.69565e+08
623 1.44997 1.3 -0.45 1.44139e+08 3514.5 1.44136e+08 392.729 10.8963 3.39626 3.59353e+08 4668.94 4668.94 405661 0 1.81646e+08
624 1.44997 1.3 -0.35 1.52681e+08 3514.5 1.52678e+08 382.958 11.0228 3.52283 3.70434e+08 4668.94 4668.94 405661 0 1.8922e+08
625 1.44997 1.3 -0.25 1.59167e+08 3514.5 1.59163e+08 375.417 11.0859 3.58593 3.79923e+08 4668.94 4668.94 405661 0 1.94956e+08
626 1.44997 1.3 -0.15 1.63541e+08 3514.5 1.63538e+08 370.271 11.11 3.60996 3.86852e+08 4668.94 4668.94 405661 0 1.98817e+08
627 1.44997 1.3 -0.05 1.65757e+08 3514.5 1.65754e+08 367.646 11.1109 3.61094 3.90459e+08 4668.94 4668.94 405661 0 2.00771e+08
628 1.44997 1.3 0.05 1.65787e+08 3514.5 1.65783e+08 367.646 11.0987 3.59874 3.90459e+08 4668.94 4668.94 405661 0 2.008e+08
629 1.44997 1.3 0.15 1.63625e+08 3514.5 1.63622e+08 370.271 11.0737 3.57366 3.86852e+08 4668.94 4668.94 405661 0 1.98899e+08
630 1.61107 0.7 -0.45 2.9797e+08 3514.5 2.97967e+08 60.0208 90.3928 82.8928 1.90736e+09 2514.05 2514.05 723266 0 3.53765e+08
631 1.61107 0.7 -0.35 2.9797e+08 3514.5 2.97967e+08 60.0208 90.3928 82.8928 1.90736e+09 2514.05 2514.05 723266 0 3.53765e+08
632 1.61107 0.7 -0.25 2.9797e+08 3514.5 2.97967e+08 60.0208 90.3928 82.8928 1.90736e+09 2514.05 2514.05 723266 0 3.53765e+08
633 1.61107 0.7 -0.15 2.9797e+08 3514.5 2.97967e+08 60.0208 90.3928 82.8928 1.90736e+09 2514.05 2514.05 723266 0 3.53765e+08
634 1.61107 0.7 -0.05 2.9797e+08 3514.5 2.97967e+08 60.0208 90.3928 82.8928 1.90736e+09 2514.05 2514.05 723266 0 3.53765e+08
635 1.61107 0.7 0.05 2.9797e+08 3514.5 2.97967e+08 60.0208 90.3928 82.8928 1.90736e+09 2514.05 2514.05 723266 0 3.53765e+08
636 1.61107 0.7 0.15 2.9797e+08 3514.5 2.97967e+08 60.0208 90.3928 82.8928 1.90736e+09 2514.05 2514.05 723266 0 3.53765e+08
637 1.61107 0.775 -0.45 2.9797e+08 3514.5 2.97967e+08 60.0208 90.3928 82.8928 1.90736e+09 2783.41 2783.41 672831 0 3.53765e+08
638 1.61107 0.775 -0.35 2.9797e+08 3514.5 2.97967e+08 60.0208 90.3928 82.8928 1.90736e+09 2783.41 2783.41 672831 0 3.53765e+08
639 1.61107 0.775 -0.25 2.9797e+08 3514.5 2.97967e+08 60.0208 90.3928 82.8928 1.90736e+09 2783.41 2783.41 672831 0 3.53765e+08
640 1.61107 0.775 -0.15 2.9797e+08 3514.5 2.97967e+08 60.0208 90.3928 82.8928 1.90736e+09 2783.41 2783.41 672831 0 3.53765e+08
641 1.61107 0.775 -0.05 2.9797e+08 3514.5 2.97967e+08 60.0208 90.3928 82.8928 1.90736e+09 2783.41 2783.41 672831 0 3.53765e+08
642 1.61107 0.775 0.05 2.9797e+08 3514.5 2.97967e+08 60.0208 90.3928 82.8928 1.90736e+09 2783.41 2783.41 672831 0 3.53765e+08
643 1.61107 0.775 0.15 2.9797e+08 3514.5 2.97967e+08 60.0208 90.3928 82.8928 1.90736e+09 2783.41 2783.41 672831 0 3.53765e+08
644 1.61107 0.85 -0.45 2.9797e+08 3514.5 2.97967e+08 60.0208 90.3928 82.8928 1.90736e+09 3052.77 3052.77 625914 0 3.53765e+08
645 1.61107 0.85 -0.35 2.9797e+08 3514.5 2.97967e+08 60.0208 90.3928 82.8928 1.90736e+09 3052.77 3052.77 625914 0 3.53765e+08
646 1.61107 0.85 -0.25 2.9797e+08 3514.5 2.97967e+08 60.0208 90.3928 82.8928 1.90736e+09 3052.77 3052.77 625914 0 3.53765e+08
647 1.61107 0.85 -0.15 2.9797e+08 3514.5 2.97967e+08 60.0208 90.3928 82.8928 1.90736e+09 3052.77 3052.77 625914 0 3.53765e+08
648 1.61107 0.85 -0.05 2.9797e+08 3514.5 2.97967e+08 60.0208 90.3928 82.8928 1.90736e+09 3052.77 3052.77 625914 0 3.53765e+08
649 1.61107 0.85 0.05 2.9797e+08 3514.5 2.97967e+08 60.0208 90.3928 82.8928 1.90736e+09 3052.77 3052.77 625914 0 3.53765e+08
650 1.61107 0.85 0.15 2.9797e+08 3514.5 2.97967e+08 60.0208 90.3928 82.8928 1.90736e+09 3052.77 3052.77 625914 0 3.53765e+08
651 1.61107 0.925 -0.45 1.53245e+08 3514.5 1.53242e+08 60.0208 17.4512 9.95119 1.84977e+08 3322.13 3322.13 582268 0 2.03934e+08
652 1.61107 0.925 -0.35 1.53219e+08 3514.5 1.53215e+08 60.0208 17.4092 9.90917 1.86097e+08 3322.13 3322.13 582268 0 2.03905e+08
653 1.61107 0.925 -0.25 1.5319e+08 3514.5 1.53187e+08 60.0208 17.3745 9.87453 1.87025e+08 3322.13 3322.13 582268 0 2.03874e+08
654 1.61107 0.925 -0.15 1.5316e+08 3514.5 1.53157e+08 60.0208 17.3496 9.84957 1.87692e+08 3322.13 3322.13 582268 0 2.03842e+08
655 1.61107 0.925 -0.05 1.5313e+08 3514.5 1.53126e+08 60.0208 17.3361 9.83613 1.88041e+08 3322.13 3322.13 582268 0 2.0381e+08
656 1.61107 0.925 0.05 1.53099e+08 3514.5 1.53096e+08 60.0208 17.3353 9.83529 1.88041e+08 3322.13 3322.13 582268 0 2.0378e+08
657 1.61107 0.925 0.15 1.5307e+08 3514.5 1.53066e+08 60.0208 17.3471 9.84706 1.87692e+08 3322.13 3322.13 582268 0 2.03751e+08
658 1.61107 1 -0.45 1.53181e+08 3514.5 1.53177e+08 60.0208 16.1948 8.69477 2.24438e+08 3591.49 3591.49 541665 0 2.03782e+08
659 1.61107 1 -0.35 1.53143e+08 3514.5 1.53139e+08 60.0208 16.1234 8.62335 2.27299e+08 3591.49 3591.49 541665 0 2.03739e+08
660 1.61107 1 -0.25 1.53098e+08 3514.5 1.53095e+08 60.0208 16.0646 8.5646 2.29686e+08 3591.49 3591.49 541665 0 2.0369e+08
661 1.61107 1 -0.15 1.53048e+08 3514.5 1.53044e+08 60.0208 16.0222 8.52219 2.31413e+08 3591.49 3591.49 541665 0 2.03637e+08
662 1.61107 1 -0.05 1.52991e+08 3514.5 1.52987e+08 60.0208 15.9991 8.49909 2.32321e+08 3591.49 3591.49 541665 0 2.03578e+08
663 1.61107 1 0.05 1.52929e+08 3514.5 1.52926e+08 60.0208 15.997 8.49697 2.32321e+08 3591.49 3591.49 541665 0 2.03516e+08
664 1.61107 1 0.15 1.52865e+08 3514.5 1.52861e+08 60.0208 16.0159 8.51592 2.31413e+08 3591.49 3591.49 541665 0 2.03453e+08
665 1.61107 1.075 -0.45 1.18387e+08 3514.5 1.18383e+08 430 19.0973 11.5973 2.57392e+08 3860.86 3860.86 503894 0 1.60195e+08
666 1.61107 1.075 -0.35 1.05113e+08 3514.5 1.0511e+08 430 17.2366 9.73664 2.61931e+08 3860.86 3860.86 503894 0 1.46791e+08
667 1.61107 1.075 -0.25 9.49082e+07 3514.5 9.49047e+07 430 15.8024 8.3024 2.65744e+08 3860.86 3860.86 503894 0 1.36486e+08
668 1.61107 1.075 -0.15 8.8112e+07 3514.5 8.81085e+07 430 14.8351 7.33514 2.68514e+08 3860.86 3860.86 503894 0 1.29622e+08
669 1.61107 1.075 -0.05 8.47059e+07 3514.5 8.47024e+07 430 14.3501 6.85008 2.69975e+08 3860.86 3860.86 503894 0 1.26182e+08
670 1.61107 1.075 0.05 8.45522e+07 3514.5 8.45486e+07 430 14.3491 6.84911 2.69975e+08 3860.86 3860.86 503894 0 1.26028e+08
671 1.61107 1.075 0.15 8.76681e+07 3514.5 8.76646e+07 430 14.8325 7.33246 2.68514e+08 3860.86 3860.86 503894 0 1.29178e+08
672 1.61107 1.15 -0.45 6.66566e+07 3514.5 6.66531e+07 430 9.73852 2.23852 2.89797e+08 4130.22 4130.22 468756 0 1.0781e+08
673 1.61107 1.15 -0.35 7.10772e+07 3514.5 7.10736e+07 430 9.03145 1.53145 2.96191e+08 4130.22 4130.22 468756 0 1.12181e+08
674 1.61107 1.15 -0.25 7.77081e+07 3514.5 7.77046e+07 430 8.73063 1.23063 3.01595e+08 4130.22 4130.22 468756 0 1.18791e+08
675 1.61107 1.15 -0.15 8.36549e+07 3514.5 8.36514e+07 430 8.66709 1.16709 3.0554e+08 4130.22 4130.22 468756 0 1.24733e+08
676 1.61107 1.15 -0.05 8.70135e+07 3514.5 8.701e+07 428.917 8.71397 1.21397 3.07629e+08 4130.22 4130.22 468756 0 1.27987e+08
677 1.61107 1.15 0.05 8.68937e+07 3514.5 8.68901e+07 429 8.70839 1.20839 3.07629e+08 4130.22 4130.22 468756 0 1.27875e+08
678 1.61107 1.15 0.15 8.32683e+07 3514.5 8.32648e+07 430 8.65882 1.15882 3.0554e+08 4130.22 4130.22 468756 0 1.24346e+08
679 1.61107 1.225 -0.45 1.09149e+08 3514.5 1.09145e+08 400.562 9.75146 2.25146 3.23421e+08 4399.58 4399.58 436069 0 1.47359e+08
680 1.61107 1.225 -0.35 1.18137e+08 3514.5 1.18133e+08 389.146 10.0194 2.51939 3.3196e+08 4399.58 4399.58 436069 0 1.55224e+08
681 1.61107 1.225 -0.25 1.24846e+08 3514.5 1.24843e+08 380.562 10.1783 2.67833 3.39222e+08 4399.58 4399.58 436069 0 1.61087e+08
682 1.61107 1.225 -0.15 1.29321e+08 3514.5 1.29317e+08 374.792 10.2622 2.76217 3.44552e+08 4399.58 4399.58 436069 0 1.6499e+08
683 1.61107 1.225 -0.05 1.31567e+08 3514.5 1.31563e+08 371.896 10.2931 2.79308 3.47382e+08 4399.58 4399.58 436069 0 1.66948e+08
684 1.61107 1.225 0.05 1.31577e+08 3514.5 1.31573e+08 371.917 10.2821 2.78211 3.47382e+08 4399.58 4399.58 436069 0 1.6696e+08
685 1.61107 1.225 0.15 1.29339e+08 3514.5 1.29336e+08 374.896 10.2312 2.73115 3.44552e+08 4399.58 4399.58 436069 0 1.65016e+08
686 1.61107 1.3 -0.45 1.40041e+08 3514.5 1.40037e+08 360.542 10.5738 3.07383 3.59353e+08 4668.94 4668.94 405661 0 1.74306e+08
687 1.61107 1.3 -0.35 1.46861e+08 3514.5 1.46857e+08 351.354 10.6226 3.12257 3.70434e+08 4668.94 4668.94 405661 0 1.80211e+08
688 1.61107 1.3 -0.25 1.5203e+08 3514.5 1.52027e+08 344.188 10.6301 3.13013 3.79923e+08 4668.94 4668.94 405661 0 1.84664e+08
689 1.61107 1.3 -0.15 1.54969e+08 3514.5 1.54965e+08 60.0208 14.2194 6.71939 3.86851e+08 4668.94 4668.94 405661 0 2.05432e+08
690 1.61107 1.3 -0.05 1.54867e+08 3514.5 1.54863e+08 60.0208 14.187 6.68701 3.90459e+08 4668.94 4668.94 405661 0 2.05327e+08
691 1.61107 1.3 0.05 1.5474e+08 3514.5 1.54737e+08 60.0208 14.1816 6.68157 3.90459e+08 4668.94 4668.94 405661 0 2.052e+08
692 1.61107 1.3 0.15 1.54592e+08 3514.5 1.54589e+08 60.0208 14.2033 6.70328 3.86851e+08 4668.94 4668.94 405661 0 2.05054e+08
693 1.77218 0.7 -0.45 3.13779e+08 3514.5 3.13775e+08 60.0208 90.3186 82.8186 1.90917e+09 2514.05 2514.05 723266 0 3.69568e+08
694 1.77218 0.7 -0.35 3.13779e+08 3514.5 3.13775e+08 60.0208 90.3186 82.8186 1.90917e+09 2514.05 2514.05 723266 0 3.69568e+08
695 1.77218 0.7 -0.25 3.13779e+08 3514.5 3.13775e+08 60.0208 90.3186 82.8186 1.90917e+09 2514.05 2514.05 723266 0 3.69568e+08
696 1.77218 0.7 -0.15 3.13779e+08 3514.5 3.13775e+08 60.0208 90.3186 82.8186 1.90917e+09 2514.05 2514.05 723266 0 3.69568e+08
697 1.77218 0.7 -0.05 3.13779e+08 3514.5 3.13775e+08 60.0208 90.3186 82.8186 1.90917e+09 2514.05 2514.05 723266 0 3.69568e+08
698 1.77218 0.7 0.05 3.13779e+08 3514.5 3.13775e+08 60.0208 90.3186 82.8186 1.90917e+09 2514.05 2514.05 723266 0 3.69568e+08
699 1.77218 0.7 0.15 3.13779e+08 3514.5 3.13775e+08 60.0208 90.3186 82.8186 1.90917e+09 2514.05 2514.05 723266 0 3.69568e+08
700 1.77218 0.775 -0.45 3.13779e+08 3514.5 3.13775e+08 60.0208 90.3186 82.8186 1.90917e+09 2783.41 2783.41 672831 0 3.69568e+08
701 1.77218 0.775 -0.35 3.13779e+08 3514.5 3.13775e+08 60.0208 90.3186 82.8186 1.90917e+09 2783.41 2783.41 672831 0 3.69568e+08
702 1.77218 0.775 -0.25 3.13779e+08 3514.5 3.13775e+08 60.0208 90.3186 82.8186 1.90917e+09 2783.41 2783.41 672831 0 3.69568e+08
703 1.77218 0.775 -0.15 3.13779e+08 3514.5 3.13775e+08 60.0208 90.3186 82.8186 1.90917e+09 2783.41 2783.41 672831 0 3.69568e+08
704 1.77218 0.775 -0.05 3.13779e+08 3514.5 3.13775e+08 60.0208 90.3186 82.8186 1.90917e+09 2783.41 2783.41 672831 0 3.69568e+08
705 1.77218 0.775 0.05 3.13779e+08 3514.5 3.13775e+08 60.0208 90.3186 82.8186 1.90917e+09 2783.41 2783.41 672831 0 3.69568e+08
706 1.77218 0.775 0.15 3.13779e+08 3514.5 3.13775e+08 60.0208 90.3186 82.8186 1.90917e+09 2783.41 2783.41 672831 0 3.69568e+08
707 1.77218 0.85 -0.45 3.13779e+08 3514.5 3.13775e+08 60.0208 90.3186 82.8186 1.90917e+09 3052.77 3052.77 625914 0 3.69568e+08
708 1.77218 0.85 -0.35 3.13779e+08 3514.5 3.13775e+08 60.0208 90.3186 82.8186 1.90917e+09 3052.77 3052.77 625914 0 3.69568e+08
709 1.77218 0.85 -0.25 3.13779e+08 3514.5 3.13775e+08 60.0208 90.3186 82.8186 1.90917e+09 3052.77 3052.77 625914 0 3.69568e+08
710 1.77218 0.85 -0.15 3.13779e+08 3514.5 3.13775e+08 60.0208 90.3186 82.8186 1.90917e+09 3052.77 3052.77 625914 0 3.69568e+08
711 1.77218 0.85 -0.05 3.13779e+08 3514.5 3.13775e+08 60.0208 90.3186 82.8186 1.90917e+09 3052.77 3052.77 625914 0 3.69568e+08
712 1.77218 0.85 0.05 3.13779e+08 3514.5 3.13775e+08 60.0208 90.3186 82.8186 1.90917e+09 3052.77 3052.77 625914 0 3.69568e+08
713 1.77218 0.85 0.15 3.13779e+08 3514.5 3.13775e+08 60.0208 90.3186 82.8186 1.90917e+09 3052.77 3052.77 625914 0 3.69568e+08
714 1.77218 0.925 -0.45 1.3474e+08 3514.5 1.34737e+08 60.0208 14.2692 6.76924 1.84977e+08 3322.13 3322.13 582268 0 1.85206e+08
715 1.77218 0.925 -0.35 1.34662e+08 3514.5 1.34658e+08 60.0208 14.2301 6.73009 1.86097e+08 3322.13 3322.13 582268 0 1.85125e+08
716 1.77218 0.925 -0.25 1.3459e+08 3514.5 1.34586e+08 60.0208 14.1979 6.69791 1.87025e+08 3322.13 3322.13 582268 0 1.85051e+08
717 1.77218 0.925 -0.15 1.34527e+08 3514.5 1.34523e+08 60.0208 14.1748 6.67481 1.87692e+08 3322.13 3322.13 582268 0 1.84987e+08
718 1.77218 0.925 -0.05 1.34476e+08 3514.5 1.34473e+08 60.0208 14.1625 6.66251 1.88041e+08 3322.13 3322.13 582268 0 1.84935e+08
719 1.77218 0.925 0.05 1.34441e+08 3514.5 1.34437e+08 60.0208 14.162 6.66198 1.88041e+08 3322.13 3322.13 582268 0 1.84899e+08
720 1.77218 0.925 0.15 1.3442e+08 3514.5 1.34417e+08 60.0208 14.1732 6.67324 1.87692e+08 3322.13 3322.13 582268 0 1.8488e+08
721 1.77218 1 -0.45 1.33368e+08 3514.5 1.33364e+08 60.0208 13.125 5.62495 2.24438e+08 3591.49 3591.49 541665 0 1.83754e+08
722 1.77218 1 -0.35 1.33227e+08 3514.5 1.33224e+08 60.0208 13.0618 5.56181 2.27299e+08 3591.49 3591.49 541665 0 1.83609e+08
723 1.77218 1 -0.25 1.33096e+08 3514.5 1.33093e+08 60.0208 13.0102 5.51016 2.29687e+08 3591.49 3591.49 541665 0 1.83474e+08
724 1.77218 1 -0.15 1.32979e+08 3514.5 1.32976e+08 60.0208 12.9731 5.47313 2.31413e+08 3591.49 3591.49 541665 0 1.83355e+08
725 1.77218 1 -0.05 1.32882e+08 3514.5 1.32879e+08 60.0208 12.9532 5.45324 2.32321e+08 3591.49 3591.49 541665 0 1.83257e+08
726 1.77218 1 0.05 1.32809e+08 3514.5 1.32806e+08 60.0208 12.9519 5.4519 2.32321e+08 3591.49 3591.49 541665 0 1.83183e+08
727 1.77218 1 0.15 1.32762e+08 3514.5 1.32758e+08 60.0208 12.9692 5.46916 2.31413e+08 3591.49 3591.49 541665 0 1.83137e+08
728 1.77218 1.075 -0.45 7.90093e+07 3514.5 7.90058e+07 430 15.0586 7.55862 2.57393e+08 3860.86 3860.86 503894 0 1.20535e+08
729 1.77218 1.075 -0.35 6.56887e+07 3514.5 6.56852e+07 430 13.2582 5.75815 2.61931e+08 3860.86 3860.86 503894 0 1.07088e+08
730 1.77218 1.075 -0.25 5.62505e+07 3514.5 5.6247e+07 430 11.906 4.40598 2.65744e+08 3860.86 3860.86 503894 0 9.75554e+07
731 1.77218 1.075 -0.15 5.07291e+07 3514.5 5.07256e+07 430 11.0208 3.52083 2.68514e+08 3860.86 3860.86 503894 0 9.19721e+07
732 1.77218 1.075 -0.05 4.82772e+07 3514.5 4.82737e+07 430 10.5885 3.08849 2.69975e+08 3860.86 3860.86 503894 0 8.94899e+07
733 1.77218 1.075 0.05 4.80035e+07 3514.5 4.8e+07 430 10.5887 3.08868 2.69975e+08 3860.86 3860.86 503894 0 8.92162e+07
734 1.77218 1.075 0.15 4.99441e+07 3514.5 4.99406e+07 430 11.0214 3.52137 2.68514e+08 3860.86 3860.86 503894 0 9.11871e+07
735 1.77218 1.15 -0.45 6.5767e+07 3514.5 6.57635e+07 427.854 7.6343 0.134303 2.89797e+08 4130.22 4130.22 468756 0 1.06558e+08
736 1.77218 1.15 -0.35 7.71844e+07 3514.5 7.71809e+07 410.896 8.26835 0.768355 2.96191e+08 4130.22 4130.22 468756 0 1.16324e+08
737 1.77218 1.15 -0.25 8.52443e+07 3514.5 8.52408e+07 399.229 8.65187 1.15187 3.01595e+08 4130.22 4130.22 468756 0 1.23244e+08
738 1.77218 1.15 -0.15 9.04404e+07 3514.5 9.04369e+07 391.75 8.868 1.368 3.0554e+08 4130.22 4130.22 468756 0 1.27708e+08
739 1.77218 1.15 -0.05 9.29769e+07 3514.5 9.29734e+07 388.104 8.9617 1.4617 3.07629e+08 4130.22 4130.22 468756 0 1.29886e+08
740 1.77218 1.15 0.05 9.29189e+07 3514.5 9.29154e+07 388.188 8.95382 1.45382 3.07629e+08 4130.22 4130.22 468756 0 1.29836e+08
741 1.77218 1.15 0.15 9.02368e+07 3514.5 9.02332e+07 392 8.84537 1.34537 3.0554e+08 4130.22 4130.22 468756 0 1.27527e+08
742 1.77218 1.225 -0.45 1.09221e+08 3514.5 1.09217e+08 363.979 9.63857 2.13857 3.23421e+08 4399.58 4399.58 436069 0 1.43765e+08
743 1.77218 1.225 -0.35 1.16077e+08 3514.5 1.16073e+08 353.688 9.77852 2.27852 3.3196e+08 4399.58 4399.58 436069 0 1.49602e+08
744 1.77218 1.225 -0.25 1.2121e+08 3514.5 1.21206e+08 345.812 9.85073 2.35073 3.39222e+08 4399.58 4399.58 436069 0 1.53952e+08
745 1.77218 1.225 -0.15 1.24637e+08 3514.5 1.24634e+08 340.438 9.8791 2.3791 3.44552e+08 4399.58 4399.58 436069 0 1.56844e+08
746 1.77218 1.225 -0.05 1.26365e+08 3514.5 1.26362e+08 337.708 9.88175 2.38175 3.47382e+08 4399.58 4399.58 436069 0 1.58299e+08
747 1.77218 1.225 0.05 1.26394e+08 3514.5 1.26391e+08 337.729 9.86918 2.36918 3.47382e+08 4399.58 4399.58 436069 0 1.58329e+08
748 1.77218 1.225 0.15 1.24718e+08 3514.5 1.24714e+08 340.5 9.84177 2.34177 3.44552e+08 4399.58 4399.58 436069 0 1.56928e+08
749 1.77218 1.3 -0.45 1.32771e+08 3514.5 1.32767e+08 60.0208 11.7958 4.2958 3.59353e+08 4668.94 4668.94 405661 0 1.83064e+08
750 1.77218 1.3 -0.35 1.32533e+08 3514.5 1.32529e+08 60.0208 11.7279 4.22794 3.70434e+08 4668.94 4668.94 405661 0 1.82821e+08
751 1.77218 1.3 -0.25 1.32305e+08 3514.5 1.32301e+08 60.0208 11.6736 4.17359 3.79923e+08 4668.94 4668.94 405661 0 1.82589e+08
752 1.77218 1.3 -0.15 1.32094e+08 3514.5 1.32091e+08 60.0208 11.6349 4.13488 3.86851e+08 4668.94 4668.94 405661 0 1.82376e+08
753 1.77218 1.3 -0.05 1.31909e+08 3514.5 1.31905e+08 60.0208 11.6134 4.11337 3.90459e+08 4668.94 4668.94 405661 0 1.82189e+08
754 1.77218 1.3 0.05 1.31755e+08 3514.5 1.31751e+08 60.0208 11.61 4.10996 3.90459e+08 4668.94 4668.94 405661 0 1.82035e+08
755 1.77218 1.3 0.15 1.31638e+08 3514.5 1.31634e+08 60.0208 11.6248 4.12477 3.86851e+08 4668.94 4668.94 405661 0 1.81919e+08
756 1.93329 0.7 -0.45 3.2376e+08 3514.5 3.23757e+08 60.0208 90.478 82.978 1.94225e+09 2514.05 2514.05 723266 0 3.79561e+08
757 1.93329 0.7 -0.35 3.2376e+08 3514.5 3.23757e+08 60.0208 90.478 82.978 1.94225e+09 2514.05 2514.05 723266 0 3.79561e+08
758 1.93329 0.7 -0.25 3.2376e+08 3514.5 3.23757e+08 60.0208 90.478 82.978 1.94225e+09 2514.05 2514.05 723266 0 3.79561e+08
759 1.93329 0.7 -0.15 3.2376e+08 3514.5 3.23757e+08 60.0208 90.478 82.978 1.94225e+09 2514.05 2514.05 723266 0 3.79561e+08
760 1.93329 0.7 -0.05 3.2376e+08 3514.5 3.23757e+08 60.0208 90.478 82.978 1.94225e+09 2514.05 2514.05 723266 0 3.79561e+08
761 1.93329 0.7 0.05 3.2376e+08 3514.5 3.23757e+08 60.0208 90.478 82.978 1.94225e+09 2514.05 2514.05 723266 0 3.79561e+08
762 1.93329 0.7 0.15 3.2376e+08 3514.5 3.23757e+08 60.0208 90.478 82.978 1.94225e+09 2514.05 2514.05 723266 0 3.79561e+08
763 1.93329 0.775 -0.45 3.2376e+08 3514.5 3.23757e+08 60.0208 90.478 82.978 1.94225e+09 2783.41 2783.41 672831 0 3.79561e+08
764 1.93329 0.775 -0.35 3.2376e+08 3514.5 3.23757e+08 60.0208 90.478 82.978 1.94225e+09 2783.41 2783.41 672831 0 3.79561e+08
765 1.93329 0.775 -0.25 3.2376e+08 3514.5 3.23757e+08 60.0208 90.478 82.978 1.94225e+09 2783.41 2783.41 672831 0 3.79561e+08
766 1.93329 0.775 -0.15 3.2376e+08 3514.5 3.23757e+08 60.0208 90.478 82.978 1.94225e+09 2783.41 2783.41 672831 0 3.79561e+08
767 1.93329 0.775 -0.05 3.2376e+08 3514.5 3.23757e+08 60.0208 90.478 82.978 1.94225e+09 2783.41 2783.41 672831 0 3.79561e+08
768 1.93329 0.775 0.05 3.2376e+08 3514.5 3.23757e+08 60.0208 90.478 82.978 1.94225e+09 2783.41 2783.41 672831 0 3.79561e+08
769 1.93329 0.775 0.15 3.2376e+08 3514.5 3.23757e+08 60.0208 90.478 82.978 1.94225e+09 2783.41 2783.41 672831 0 3.79561e+08
770 1.93329 0.85 -0.45 3.2376e+08 3514.5 3.23757e+08 60.0208 90.478 82.978 1.94225e+09 3052.77 3052.77 625914 0 3.79561e+08
771 1.93329 0.85 -0.35 3.2376e+08 3514.5 3.23757e+08 60.0208 90.478 82.978 1.94225e+09 3052.77 3052.77 625914 0 3.79561e+08
772 1.93329 0.85 -0.25 3.2376e+08 3514.5 3.23757e+08 60.0208 90.478 82.978 1.94225e+09 3052.77 3052.77 625914 0 3.79561e+08
773 1.93329 0.85 -0.15 3.2376e+08 3514.5 3.23757e+08 60.0208 90.478 82.978 1.94225e+09 3052.77 3052.77 625914 0 3.79561e+08
774 1.93329 0.85 -0.05 3.2376e+08 3514.5 3.23757e+08 60.0208 90.478 82.978 1.94225e+09 3052.77 3052.77 625914 0 3.79561e+08
775 1.93329 0.85 0.05 3.2376e+08 3514.5 3.23757e+08 60.0208 90.478 82.978 1.94225e+09 3052.77 3052.77 625914 0 3.79561e+08
776 1.93329 0.85 0.15 3.2376e+08 3514.5 3.23757e+08 60.0208 90.478 82.978 1.94225e+09 3052.77 3052.77 625914 0 3.79561e+08
777 1.93329 0.925 -0.45 1.18229e+08 3514.5 1.18225e+08 60.0208 11.4192 3.91922 1.84978e+08 3322.13 3322.13 582268 0 1.68496e+08
778 1.93329 0.925 -0.35 1.18093e+08 3514.5 1.18089e+08 60.0208 11.3866 3.88657 1.86097e+08 3322.13 3322.13 582268 0 1.68357e+08
779 1.93329 0.925 -0.25 1.17972e+08 3514.5 1.17968e+08 60.0208 11.3599 3.85989 1.87025e+08 3322.13 3322.13 582268 0 1.68234e+08
780 1.93329 0.925 -0.15 1.17872e+08 3514.5 1.17869e+08 60.0208 11.3409 3.84092 1.87692e+08 3322.13 3322.13 582268 0 1.68134e+08
781 1.93329 0.925 -0.05 1.178e+08 3514.5 1.17796e+08 60.0208 11.331 3.83103 1.88041e+08 3322.13 3322.13 582268 0 1.6806e+08
782 1.93329 0.925 0.05 1.17759e+08 3514.5 1.17755e+08 60.0208 11.331 3.831 1.88041e+08 3322.13 3322.13 582268 0 1.68019e+08
783 1.93329 0.925 0.15 1.17749e+08 3514.5 1.17746e+08 60.0208 11.3408 3.84083 1.87692e+08 3322.13 3322.13 582268 0 1.6801e+08
784 1.93329 1 -0.45 1.15386e+08 3514.5 1.15382e+08 60.0208 10.5198 3.01979 2.24438e+08 3591.49 3591.49 541665 0 1.6559e+08
785 1.93329 1 -0.35 1.15127e+08 3514.5 1.15123e+08 60.0208 10.4745 2.97448 2.27299e+08 3591.49 3591.49 541665 0 1.65327e+08
786 1.93329 1 -0.25 1.14895e+08 3514.5 1.14891e+08 60.0208 10.438 2.93799 2.29687e+08 3591.49 3591.49 541665 0 1.65093e+08
787 1.93329 1 -0.15 1.14702e+08 3514.5 1.14698e+08 60.0208 10.4123 2.91233 2.31413e+08 3591.49 3591.49 541665 0 1.64898e+08
788 1.93329 1 -0.05 1.14559e+08 3514.5 1.14555e+08 60.0208 10.399 2.89903 2.32321e+08 3591.49 3591.49 541665 0 1.64754e+08
789 1.93329 1 0.05 1.14473e+08 3514.5 1.14469e+08 60.0208 10.399 2.89895 2.32321e+08 3591.49 3591.49 541665 0 1.64668e+08
790 1.93329 1 0.15 1.14447e+08 3514.5 1.14443e+08 60.0208 10.4121 2.91209 2.31413e+08 3591.49 3591.49 541665 0 1.64643e+08
791 1.93329 1.075 -0.45 4.04669e+07 3514.5 4.04634e+07 430 10.8855 3.38554 2.57393e+08 3860.86 3860.86 503894 0 8.17004e+07
792 1.93329 1.075 -0.35 3.03942e+07 3514.5 3.03907e+07 430 9.22266 1.72266 2.61932e+08 3860.86 3860.86 503894 0 7.15113e+07
793 1.93329 1.075 -0.25 2.82239e+07 3514.5 2.82204e+07 430 8.05671 0.556713 2.65744e+08 3860.86 3860.86 503894 0 6.92594e+07
794 1.93329 1.075 -0.15 3.08044e+07 3514.5 3.08008e+07 430 7.36273 0.137274 2.68514e+08 3860.86 3860.86 503894 0 7.18104e+07
795 1.93329 1.075 -0.05 3.31284e+07 3514.5 3.31249e+07 430 7.0552 0.444797 2.69976e+08 3860.86 3860.86 503894 0 7.4156e+07
796 1.93329 1.075 0.05 3.2737e+07 3514.5 3.27334e+07 430 7.05778 0.442217 2.69976e+08 3860.86 3860.86 503894 0 7.37644e+07
797 1.93329 1.075 0.15 2.95226e+07 3514.5 2.95191e+07 430 7.36981 0.130188 2.68514e+08 3860.86 3860.86 503894 0 7.05282e+07
798 1.93329 1.15 -0.45 7.46201e+07 3514.5 7.46165e+07 380.125 8.17217 0.672165 2.89797e+08 4130.22 4130.22 468756 0 1.10676e+08
799 1.93329 1.15 -0.35 8.24086e+07 3514.5 8.24051e+07 367.062 8.50687 1.00687 2.96191e+08 4130.22 4130.22 468756 0 1.17182e+08
800 1.93329 1.15 -0.25 8.80662e+07 3514.5 8.80627e+07 357.438 8.70636 1.20636 3.01595e+08 4130.22 4130.22 468756 0 1.21891e+08
801 1.93329 1.15 -0.15 9.17683e+07 3514.5 9.17647e+07 351.062 8.81348 1.31348 3.0554e+08 4130.22 4130.22 468756 0 1.24963e+08
802 1.93329 1.15 -0.05 9.36007e+07 3514.5 9.35971e+07 347.917 8.85544 1.35544 3.07629e+08 4130.22 4130.22 468756 0 1.26484e+08
803 1.93329 1.15 0.05 9.35928e+07 3514.5 9.35893e+07 347.979 8.84499 1.34499 3.07629e+08 4130.22 4130.22 468756 0 1.26481e+08
804 1.93329 1.15 0.15 9.17252e+07 3514.5 9.17217e+07 351.292 8.78367 1.28367 3.0554e+08 4130.22 4130.22 468756 0 1.24941e+08
805 1.93329 1.225 -0.45 1.05096e+08 3514.5 1.05092e+08 326.604 9.27708 1.77708 3.23421e+08 4399.58 4399.58 436069 0 1.35877e+08
806 1.93329 1.225 -0.35 1.10051e+08 3514.5 1.10048e+08 317.062 9.31247 1.81247 3.3196e+08 4399.58 4399.58 436069 0 1.40175e+08
807 1.93329 1.225 -0.25 1.11457e+08 3514.5 1.11453e+08 60.0208 9.89632 2.39632 3.39222e+08 4399.58 4399.58 436069 0 1.61617e+08
808 1.93329 1.225 -0.15 1.11116e+08 3514.5 1.11112e+08 60.0208 9.88365 2.38365 3.44552e+08 4399.58 4399.58 436069 0 1.61275e+08
809 1.93329 1.225 -0.05 1.10856e+08 3514.5 1.10853e+08 60.0208 9.87738 2.37738 3.47382e+08 4399.58 4399.58 436069 0 1.61015e+08
810 1.93329 1.225 0.05 1.10691e+08 3514.5 1.10688e+08 60.0208 9.87721 2.37721 3.47382e+08 4399.58 4399.58 436069 0 1.6085e+08
811 1.93329 1.225 0.15 1.10625e+08 3514.5 1.10622e+08 60.0208 9.88316 2.38316 3.44552e+08 4399.58 4399.58 436069 0 1.60784e+08
812 1.93329 1.3 -0.45 1.11786e+08 3514.5 1.11783e+08 60.0208 9.96526 2.46526 3.59353e+08 4668.94 4668.94 405661 0 1.61951e+08
813 1.93329 1.3 -0.35 1.11295e+08 3514.5 1.11291e+08 60.0208 9.95043 2.45043 3.70434e+08 4668.94 4668.94 405661 0 1.61459e+08
814 1.93329 1.3 -0.25 1.1085e+08 3514.5 1.10847e+08 60.0208 9.94091 2.44091 3.79923e+08 4668.94 4668.94 405661 0 1.61013e+08
815 1.93329 1.3 -0.15 1.10474e+08 3514.5 1.1047e+08 60.0208 9.93552 2.43552 3.86851e+08 4668.94 4668.94 405661 0 1.60636e+08
816 1.93329 1.3 -0.05 1.10185e+08 3514.5 1.10182e+08 60.0208 9.93311 2.43311 3.90459e+08 4668.94 4668.94 405661 0 1.60348e+08
817 1.93329 1.3 0.05 1.09999e+08 3514.5 1.09995e+08 60.0208 9.93292 2.43292 3.90459e+08 4668.94 4668.94 405661 0 1.60162e+08
818 1.93329 1.3 0.15 1.09921e+08 3514.5 1.09918e+08 60.0208 9.93496 2.43496 3.86851e+08 4668.94 4668.94 405661 0 1.60084e+08
819 2.0944 0.7 -0.45 3.32178e+08 3514.5 3.32175e+08 60.0208 90.6984 83.1984 1.98093e+09 2514.05 2514.05 723266 0 3.87994e+08
820 2.0944 0.7 -0.35 3.32178e+08 3514.5 3.32175e+08 60.0208 90.6984 83.1984 1.98093e+09 2514.05 2514.05 723266 0 3.87994e+08
821 2.0944 0.7 -0.25 3.32178e+08 3514.5 3.32175e+08 60.0208 90.6984 83.1984 1.98093e+09 2514.05 2514.05 723266 0 3.87994e+08
822 2.0944 0.7 -0.15 3.32178e+08 3514.5 3.32175e+08 60.0208 90.6984 83.1984 1.98093e+09 2514.05 2514.05 723266 0 3.87994e+08
823 2.0944 0.7 -0.05 3.32178e+08 3514.5 3.32175e+08 60.0208 90.6984 83.1984 1.98093e+09 2514.05 2514.05 723266 0 3.87994e+08
824 2.0944 0.7 0.05 3.32178e+08 3514.5 3.32175e+08 60.0208 90.6984 83.1984 1.98093e+09 2514.05 2514.05 723266 0 3.87994e+08
825 2.0944 0.7 0.15 3.32178e+08 3514.5 3.32175e+08 60.0208 90.6984 83.1984 1.98093e+09 2514.05 2514.05 723266 0 3.87994e+08
826 2.0944 0.775 -0.45 3.32178e+08 3514.5 3.32175e+08 60.0208 90.6984 83.1984 1.98093e+09 2783.41 2783.41 672831 0 3.87994e+08
827 2.0944 0.775 -0.35 3.32178e+08 3514.5 3.32175e+08 60.0208 90.6984 83.1984 1.98093e+09 2783.41 2783.41 672831 0 3.87994e+08
828 2.0944 0.775 -0.25 3.32178e+08 3514.5 3.32175e+08 60.0208 90.6984 83.1984 1.98093e+09 2783.41 2783.41 672831 0 3.87994e+08
829 2.0944 0.775 -0.15 3.32178e+08 3514.5 3.32175e+08 60.0208 90.6984 83.1984 1.98093e+09 2783.41 2783.41 672831 0 3.87994e+08
830 2.0944 0.775 -0.05 3.32178e+08 3514.5 3.32175e+08 60.0208 90.6984 83.1984 1.98093e+09 2783.41 2783.41 672831 0 3.87994e+08
831 2.0944 0.775 0.05 3.32178e+08 3514.5 3.32175e+08 60.0208 90.6984 83.1984 1.98093e+09 2783.41 2783.41 672831 0 3.87994e+08
832 2.0944 0.775 0.15 3.32178e+08 3514.5 3.32175e+08 60.0208 90.6984 83.1984 1.98093e+09 2783.41 2783.41 672831 0 3.87994e+08
833 2.0944 0.85 -0.45 3.32178e+08 3514.5 3.32175e+08 60.0208 90.6984 83.1984 1.98093e+09 3052.77 3052.77 625914 0 3.87994e+08
834 2.0944 0.85 -0.35 3.32178e+08 3514.5 3.32175e+08 60.0208 90.6984 83.1984 1.98093e+09 3052.77 3052.77 625914 0 3.87994e+08
835 2.0944 0.85 -0.25 3.32178e+08 3514.5 3.32175e+08 60.0208 90.6984 83.1984 1.98093e+09 3052.77 3052.77 625914 0 3.87994e+08
836 2.0944 0.85 -0.15 3.32178e+08 3514.5 3.32175e+08 60.0208 90.6984 83.1984 1.98093e+09 3052.77 3052.77 625914 0 3.87994e+08
837 2.0944 0.85 -0.05 3.32178e+08 3514.5 3.32175e+08 60.0208 90.6984 83.1984 1.98093e+09 3052.77 3052.77 625914 0 3.87994e+08
838 2.0944 0.85 0.05 3.32178e+08 3514.5 3.32175e+08 60.0208 90.6984 83.1984 1.98093e+09 3052.77 3052.77 625914 0 3.87994e+08
839 2.0944 0.85 0.15 3.32178e+08 3514.5 3.32175e+08 60.0208 90.6984 83.1984 1.98093e+09 3052.77 3052.77 625914 0 3.87994e+08
840 2.0944 0.925 -0.45 1.04972e+08 3514.5 1.04968e+08 60.0208 9.23276 1.73276 1.84978e+08 3322.13 3322.13 582268 0 1.55085e+08
841 2.0944 0.925 -0.35 1.04775e+08 3514.5 1.04772e+08 60.0208 9.21338 1.71338 1.86097e+08 3322.13 3322.13 582268 0 1.54887e+08
842 2.0944 0.925 -0.25 1.04603e+08 3514.5 1.046e+08 60.0208 9.19788 1.69788 1.87025e+08 3322.13 3322.13 582268 0 1.54714e+08
843 2.0944 0.925 -0.15 1.04465e+08 3514.5 1.04462e+08 60.0208 9.18719 1.68719 1.87692e+08 3322.13 3322.13 582268 0 1.54576e+08
844 2.0944 0.925 -0.05 1.04371e+08 3514.5 1.04367e+08 60.0208 9.18202 1.68202 1.88041e+08 3322.13 3322.13 582268 0 1.54481e+08
845 2.0944 0.925 0.05 1.04324e+08 3514.5 1.04321e+08 60.0208 9.18275 1.68275 1.88041e+08 3322.13 3322.13 582268 0 1.54434e+08
846 2.0944 0.925 0.15 1.04328e+08 3514.5 1.04324e+08 60.0208 9.18936 1.68936 1.87692e+08 3322.13 3322.13 582268 0 1.54438e+08
847 2.0944 1 -0.45 1.00576e+08 3514.5 1.00573e+08 60.0208 8.81038 1.31038 2.24438e+08 3591.49 3591.49 541665 0 1.5066e+08
848 2.0944 1 -0.35 1.00187e+08 3514.5 1.00183e+08 60.0208 8.79829 1.29829 2.27299e+08 3591.49 3591.49 541665 0 1.5027e+08
849 2.0944 1 -0.25 9.98446e+07 3514.5 9.98411e+07 60.0208 8.78976 1.28976 2.29687e+08 3591.49 3591.49 541665 0 1.49927e+08
850 2.0944 1 -0.15 9.95686e+07 3514.5 9.9565e+07 60.0208 8.7848 1.2848 2.31413e+08 3591.49 3591.49 541665 0 1.49651e+08
851 2.0944 1 -0.05 9.8725e+07 3514.5 9.87215e+07 407.583 18.1153 10.6153 2.32321e+08 3591.49 3591.49 541665 0 1.38223e+08
852 2.0944 1 0.05 9.86189e+07 3514.5 9.86154e+07 407.562 18.1141 10.6141 2.32321e+08 3591.49 3591.49 541665 0 1.38115e+08
853 2.0944 1 0.15 9.92771e+07 3514.5 9.92736e+07 60.0208 8.79005 1.29005 2.31413e+08 3591.49 3591.49 541665 0 1.4936e+08
854 2.0944 1.075 -0.45 1.96811e+07 3514.5 1.96776e+07 430 6.72734 0.772657 2.57393e+08 3860.86 3860.86 503894 0 6.07317e+07
855 2.0944 1.075 -0.35 3.17957e+07 3514.5 3.17922e+07 423.708 5.73659 1.76341 2.61932e+08 3860.86 3860.86 503894 0 7.22864e+07
856 2.0944 1.075 -0.25 4.17859e+07 3514.5 4.17824e+07 403.458 6.23276 1.26724 2.65744e+08 3860.86 3860.86 503894 0 8.0217e+07
857 2.0944 1.075 -0.15 4.76902e+07 3514.5 4.76867e+07 391.75 6.59474 0.905263 2.68514e+08 3860.86 3860.86 503894 0 8.49251e+07
858 2.0944 1.075 -0.05 5.03899e+07 3514.5 5.03864e+07 386.396 6.75897 0.741028 2.69976e+08 3860.86 3860.86 503894 0 8.70778e+07
859 2.0944 1.075 0.05 5.01971e+07 3514.5 5.01936e+07 386.542 6.75266 0.747337 2.69976e+08 3860.86 3860.86 503894 0 8.69001e+07
860 2.0944 1.075 0.15 4.70374e+07 3514.5 4.70339e+07 392.188 6.57728 0.922716 2.68514e+08 3860.86 3860.86 503894 0 8.43172e+07
861 2.0944 1.15 -0.45 7.6293e+07 3514.5 7.62895e+07 334.833 8.17837 0.678367 2.89797e+08 4130.22 4130.22 468756 0 1.0782e+08
862 2.0944 1.15 -0.35 8.14471e+07 3514.5 8.14435e+07 323.688 8.32026 0.820259 2.96191e+08 4130.22 4130.22 468756 0 1.1187e+08
863 2.0944 1.15 -0.25 8.52057e+07 3514.5 8.52022e+07 315.188 8.39001 0.890009 3.01595e+08 4130.22 4130.22 468756 0 1.15265e+08
864 2.0944 1.15 -0.15 8.76666e+07 3514.5 8.7663e+07 309.417 8.41519 0.915192 3.0554e+08 4130.22 4130.22 468756 0 1.17727e+08
865 2.0944 1.15 -0.05 8.8896e+07 3514.5 8.88925e+07 306.5 8.41532 0.915317 3.07629e+08 4130.22 4130.22 468756 0 1.18957e+08
866 2.0944 1.15 0.05 8.89262e+07 3514.5 8.89227e+07 306.542 8.40173 0.901725 3.07629e+08 4130.22 4130.22 468756 0 1.18986e+08
867 2.0944 1.15 0.15 8.77467e+07 3514.5 8.77432e+07 309.542 8.37497 0.874973 3.0554e+08 4130.22 4130.22 468756 0 1.17804e+08
868 2.0944 1.225 -0.45 9.47714e+07 3514.5 9.47679e+07 60.0208 9.17648 1.67648 3.23421e+08 4399.58 4399.58 436069 0 1.44881e+08
869 2.0944 1.225 -0.35 9.40573e+07 3514.5 9.40538e+07 60.0208 9.21637 1.71637 3.3196e+08 4399.58 4399.58 436069 0 1.4417e+08
870 2.0944 1.225 -0.25 9.34246e+07 3514.5 9.34211e+07 60.0208 9.25218 1.75218 3.39222e+08 4399.58 4399.58 436069 0 1.4354e+08
871 2.0944 1.225 -0.15 9.29091e+07 3514.5 9.29056e+07 60.0208 9.28006 1.78006 3.44551e+08 4399.58 4399.58 436069 0 1.43026e+08
872 2.0944 1.225 -0.05 9.25424e+07 3514.5 9.25389e+07 60.0208 9.29667 1.79667 3.47382e+08 4399.58 4399.58 436069 0 1.4266e+08
873 2.0944 1.225 0.05 9.2346e+07 3514.5 9.23425e+07 60.0208 9.30003 1.80003 3.47382e+08 4399.58 4399.58 436069 0 1.42464e+08
874 2.0944 1.225 0.15 9.2327e+07 3514.5 9.23235e+07 60.0208 9.29005 1.79005 3.44551e+08 4399.58 4399.58 436069 0 1.42445e+08
875 2.0944 1.3 -0.45 9.35481e+07 3514.5 9.35446e+07 60.0208 9.44316 1.94316 3.59353e+08 4668.94 4668.94 405661 0 1.43676e+08
876 2.0944 1.3 -0.35 9.27521e+07 3514.5 9.27485e+07 60.0208 9.50048 2.00048 3.70434e+08 4668.94 4668.94 405661 0 1.42884e+08
877 2.0944 1.3 -0.25 9.20453e+07 3514.5 9.20418e+07 60.0208 9.55084 2.05084 3.79923e+08 4668.94 4668.94 405661 0 1.42181e+08
878 2.0944 1.3 -0.15 9.14679e+07 3514.5 9.14644e+07 60.0208 9.58927 2.08927 3.86851e+08 4668.94 4668.94 405661 0 1.41606e+08
879 2.0944 1.3 -0.05 9.10553e+07 3514.5 9.10518e+07 60.0208 9.61158 2.11158 3.90459e+08 4668.94 4668.94 405661 0 1.41195e+08
880 2.0944 1.3 0.05 9.08319e+07 3514.5 9.08284e+07 60.0208 9.61527 2.11527 3.90459e+08 4668.94 4668.94 405661 0 1.40972e+08
881 2.0944 1.3 0.15 9.08057e+07 3514.5 9.08022e+07 60.0208 9.60025 2.10025 3.86851e+08 4668.94 4668.94 405661 0 1.40945e+08
882 2.2555 0.7 -0.45 3.41225e+08 3514.5 3.41222e+08 60.0208 90.6948 83.1948 2.01045e+09 2514.05 2514.05 723266 0 3.97041e+08
883 2.2555 0.7 -0.35 3.41225e+08 3514.5 3.41222e+08 60.0208 90.6948 83.1948 2.01045e+09 2514.05 2514.05 723266 0 3.97041e+08
884 2.2555 0.7 -0.25 3.41225e+08 3514.5 3.41222e+08 60.0208 90.6948 83.1948 2.01045e+09 2514.05 2514.05 723266 0 3.97041e+08
885 2.2555 0.7 -0.15 3.41225e+08 3514.5 3.41222e+08 60.0208 90.6948 83.1948 2.01045e+09 2514.05 2514.05 723266 0 3.97041e+08
886 2.2555 0.7 -0.05 3.41225e+08 3514.5 3.41222e+08 60.0208 90.6948 83.1948 2.01045e+09 2514.05 2514.05 723266 0 3.97041e+08
887 2.2555 0.7 0.05 3.41225e+08 3514.5 3.41222e+08 60.0208 90.6948 83.1948 2.01045e+09 2514.05 2514.05 723266 0 3.97041e+08
888 2.2555 0.7 0.15 3.41225e+08 3514.5 3.41222e+08 60.0208 90.6948 83.1948 2.01045e+09 2514.05 2514.05 723266 0 3.97041e+08
889 2.2555 0.775 -0.45 3.41225e+08 3514.5 3.41222e+08 60.0208 90.6948 83.1948 2.01045e+09 2783.41 2783.41 672831 0 3.97041e+08
890 2.2555 0.775 -0.35 3.41225e+08 3514.5 3.41222e+08 60.0208 90.6948 83.1948 2.01045e+09 2783.41 2783.41 672831 0 3.97041e+08
891 2.2555 0.775 -0.25 3.41225e+08 3514.5 3.41222e+08 60.0208 90.6948 83.1948 2.01045e+09 2783.41 2783.41 672831 0 3.97041e+08
892 2.2555 0.775 -0.15 3.41225e+08 3514.5 3.41222e+08 60.0208 90.6948 83.1948 2.01045e+09 2783.41 2783.41 672831 0 3.97041e+08
893 2.2555 0.775 -0.05 3.41225e+08 3514.5 3.41222e+08 60.0208 90.6948 83.1948 2.01045e+09 2783.41 2783.41 672831 0 3.97041e+08
894 2.2555 0.775 0.05 3.41225e+08 3514.5 3.41222e+08 60.0208 90.6948 83.1948 2.01045e+09 2783.41 2783.41 672831 0 3.97041e+08
895 2.2555 0.775 0.15 3.41225e+08 3514.5 3.41222e+08 60.0208 90.6948 83.1948 2.01045e+09 2783.41 2783.41 672831 0 3.97041e+08
896 2.2555 0.85 -0.45 3.41225e+08 3514.5 3.41222e+08 60.0208 90.6948 83.1948 2.01045e+09 3052.77 3052.77 625914 0 3.97041e+08
897 2.2555 0.85 -0.35 3.41225e+08 3514.5 3.41222e+08 60.0208 90.6948 83.1948 2.01045e+09 3052.77 3052.77 625914 0 3.97041e+08
898 2.2555 0.85 -0.25 3.41225e+08 3514.5 3.41222e+08 60.0208 90.6948 83.1948 2.01045e+09 3052.77 3052.77 625914 0 3.97041e+08
899 2.2555 0.85 -0.15 3.41225e+08 3514.5 3.41222e+08 60.0208 90.6948 83.1948 2.01045e+09 3052.77 3052.77 625914 0 3.97041e+08
900 2.2555 0.85 -0.05 3.41225e+08 3514.5 3.41222e+08 60.0208 90.6948 83.1948 2.01045e+09 3052.77 3052.77 625914 0 3.97041e+08
901 2.2555 0.85 0.05 3.41225e+08 3514.5 3.41222e+08 60.0208 90.6948 83.1948 2.01045e+09 3052.77 3052.77 625914 0 3.97041e+08
902 2.2555 0.85 0.15 3.41225e+08 3514.5 3.41222e+08 60.0208 90.6948 83.1948 2.01045e+09 3052.77 3052.77 625914 0 3.97041e+08
903 2.2555 0.925 -0.45 9.65651e+07 3514.5 9.65615e+07 60.0208 8.26695 0.766951 1.84978e+08 3322.13 3322.13 582268 0 1.46611e+08
904 2.2555 0.925 -0.35 9.63156e+07 3514.5 9.63121e+07 60.0208 8.26936 0.769363 1.86097e+08 3322.13 3322.13 582268 0 1.46362e+08
905 2.2555 0.925 -0.25 9.60992e+07 3514.5 9.60956e+07 60.0208 8.27205 0.772047 1.87025e+08 3322.13 3322.13 582268 0 1.46146e+08
906 2.2555 0.925 -0.15 9.59288e+07 3514.5 9.59253e+07 60.0208 8.27467 0.774669 1.87692e+08 3322.13 3322.13 582268 0 1.45975e+08
907 2.2555 0.925 -0.05 9.58155e+07 3514.5 9.5812e+07 60.0208 8.27691 0.776914 1.88041e+08 3322.13 3322.13 582268 0 1.45862e+08
908 2.2555 0.925 0.05 9.57665e+07 3514.5 9.5763e+07 60.0208 8.27856 0.778563 1.88041e+08 3322.13 3322.13 582268 0 1.45813e+08
909 2.2555 0.925 0.15 9.57832e+07 3514.5 9.57797e+07 60.0208 8.27956 0.779564 1.87692e+08 3322.13 3322.13 582268 0 1.4583e+08
910 2.2555 1 -0.45 9.07935e+07 3514.5 9.079e+07 60.0208 8.55261 1.05261 2.24438e+08 3591.49 3591.49 541665 0 1.40859e+08
911 2.2555 1 -0.35 8.22325e+07 3514.5 8.22289e+07 390.771 15.5202 8.0202 2.27299e+08 3591.49 3591.49 541665 0 1.19867e+08
912 2.2555 1 -0.25 7.22743e+07 3514.5 7.22707e+07 395.812 14.5014 7.00136 2.29687e+08 3591.49 3591.49 541665 0 1.10342e+08
913 2.2555 1 -0.15 6.49236e+07 3514.5 6.492e+07 399.312 13.7486 6.24864 2.31413e+08 3591.49 3591.49 541665 0 1.03289e+08
914 2.2555 1 -0.05 6.09362e+07 3514.5 6.09327e+07 401.104 13.3481 5.84807 2.32321e+08 3591.49 3591.49 541665 0 9.94525e+07
915 2.2555 1 0.05 6.07694e+07 3514.5 6.07659e+07 401.083 13.3475 5.8475 2.32321e+08 3591.49 3591.49 541665 0 9.92835e+07
916 2.2555 1 0.15 6.44555e+07 3514.5 6.4452e+07 399.271 13.7477 6.24768 2.31413e+08 3591.49 3591.49 541665 0 1.02816e+08
917 2.2555 1.075 -0.45 3.95934e+07 3514.5 3.95899e+07 372 6.13075 1.36925 2.57393e+08 3860.86 3860.86 503894 0 7.48857e+07
918 2.2555 1.075 -0.35 4.70571e+07 3514.5 4.70536e+07 354.146 6.58825 0.911745 2.61932e+08 3860.86 3860.86 503894 0 8.0532e+07
919 2.2555 1.075 -0.25 5.21333e+07 3514.5 5.21298e+07 341.854 6.86602 0.633982 2.65744e+08 3860.86 3860.86 503894 0 8.43596e+07
920 2.2555 1.075 -0.15 5.53078e+07 3514.5 5.53043e+07 334 7.01703 0.482968 2.68514e+08 3860.86 3860.86 503894 0 8.67381e+07
921 2.2555 1.075 -0.05 5.68213e+07 3514.5 5.68178e+07 330.188 7.0785 0.421496 2.69976e+08 3860.86 3860.86 503894 0 8.78661e+07
922 2.2555 1.075 0.05 5.67632e+07 3514.5 5.67597e+07 330.333 7.06886 0.43114 2.69976e+08 3860.86 3860.86 503894 0 8.78232e+07
923 2.2555 1.075 0.15 5.50945e+07 3514.5 5.50909e+07 334.458 6.98902 0.510982 2.68514e+08 3860.86 3860.86 503894 0 8.65726e+07
924 2.2555 1.15 -0.45 7.1146e+07 3514.5 7.11425e+07 288.271 7.73183 0.231829 2.89797e+08 4130.22 4130.22 468756 0 1.01159e+08
925 2.2555 1.15 -0.35 7.40598e+07 3514.5 7.40563e+07 278 7.72821 0.228214 2.96191e+08 4130.22 4130.22 468756 0 1.04072e+08
926 2.2555 1.15 -0.25 7.61081e+07 3514.5 7.61046e+07 269.917 7.69099 0.190993 3.01595e+08 4130.22 4130.22 468756 0 1.06118e+08
927 2.2555 1.15 -0.15 7.74044e+07 3514.5 7.74009e+07 264.312 7.64453 0.144527 3.0554e+08 4130.22 4130.22 468756 0 1.07411e+08
928 2.2555 1.15 -0.05 7.80472e+07 3514.5 7.80437e+07 261.396 7.60481 0.104809 3.07628e+08 4130.22 4130.22 468756 0 1.08051e+08
929 2.2555 1.15 0.05 7.80957e+07 3514.5 7.80922e+07 261.354 7.58437 0.0843745 3.07628e+08 4130.22 4130.22 468756 0 1.08098e+08
930 2.2555 1.15 0.15 7.75508e+07 3514.5 7.75473e+07 264.208 7.58482 0.0848181 3.0554e+08 4130.22 4130.22 468756 0 1.07553e+08
931 2.2555 1.225 -0.45 8.1821e+07 3514.5 8.18175e+07 67.0208 9.02067 1.52067 3.23421e+08 4399.58 4399.58 436069 0 1.3052e+08
932 2.2555 1.225 -0.35 8.07177e+07 3514.5 8.07142e+07 67.875 9.0104 1.5104 3.31959e+08 4399.58 4399.58 436069 0 1.29245e+08
933 2.2555 1.225 -0.25 7.97398e+07 3514.5 7.97363e+07 68.625 8.99997 1.49997 3.39222e+08 4399.58 4399.58 436069 0 1.28116e+08
934 2.2555 1.225 -0.15 7.89538e+07 3514.5 7.89503e+07 69.1875 8.99305 1.49305 3.44551e+08 4399.58 4399.58 436069 0 1.27217e+08
935 2.2555 1.225 -0.05 7.84194e+07 3514.5 7.84159e+07 69.5208 8.98871 1.48871 3.47381e+08 4399.58 4399.58 436069 0 1.26616e+08
936 2.2555 1.225 0.05 7.81768e+07 3514.5 7.81732e+07 69.625 8.98312 1.48312 3.47381e+08 4399.58 4399.58 436069 0 1.26352e+08
937 2.2555 1.225 0.15 7.82371e+07 3514.5 7.82336e+07 69.4583 8.9812 1.4812 3.44551e+08 4399.58 4399.58 436069 0 1.26446e+08
938 2.2555 1.3 -0.45 7.95958e+07 3514.5 7.95922e+07 69.0625 9.2139 1.7139 3.59353e+08 4668.94 4668.94 405661 0 1.279e+08
939 2.2555 1.3 -0.35 7.83178e+07 3514.5 7.83143e+07 70.0625 9.20988 1.70988 3.70433e+08 4668.94 4668.94 405661 0 1.26421e+08
940 2.2555 1.3 -0.25 7.71817e+07 3514.5 7.71782e+07 70.9167 9.20869 1.70869 3.79923e+08 4668.94 4668.94 405661 0 1.25114e+08
941 2.2555 1.3 -0.15 7.62656e+07 3514.5 7.62621e+07 71.5833 9.20613 1.70613 3.86851e+08 4668.94 4668.94 405661 0 1.24065e+08
942 2.2555 1.3 -0.05 7.56403e+07 3514.5 7.56368e+07 72 9.20153 1.70153 3.90458e+08 4668.94 4668.94 405661 0 1.23356e+08
943 2.2555 1.3 0.05 7.53538e+07 3514.5 7.53503e+07 72.1042 9.19729 1.69729 3.90458e+08 4668.94 4668.94 405661 0 1.23048e+08
944 2.2555 1.3 0.15 7.54203e+07 3514.5 7.54167e+07 71.9167 9.19029 1.69029 3.86851e+08 4668.94 4668.94 405661 0 1.23152e+08
945 2.41661 0.7 -0.45 3.50978e+08 3514.5 3.50974e+08 60.0208 90.3307 82.8307 2.02949e+09 2514.05 2514.05 723266 0 4.06768e+08
946 2.41661 0.7 -0.35 3.50978e+08 3514.5 3.50974e+08 60.0208 90.3307 82.8307 2.02949e+09 2514.05 2514.05 723266 0 4.06768e+08
947 2.41661 0.7 -0.25 3.50978e+08 3514.5 3.50974e+08 60.0208 90.3307 82.8307 2.02949e+09 2514.05 2514.05 723266 0 4.06768e+08
948 2.41661 0.7 -0.15 3.50978e+08 3514.5 3.50974e+08 60.0208 90.3307 82.8307 2.02949e+09 2514.05 2514.05 723266 0 4.06768e+08
949 2.41661 0.7 -0.05 3.50978e+08 3514.5 3.50974e+08 60.0208 90.3307 82.8307 2.02949e+09 2514.05 2514.05 723266 0 4.06768e+08
950 2.41661 0.7 0.05 3.50978e+08 3514.5 3.50974e+08 60.0208 90.3307 82.8307 2.02949e+09 2514.05 2514.05 723266 0 4.06768e+08
951 2.41661 0.7 0.15 3.50978e+08 3514.5 3.50974e+08 60.0208 90.3307 82.8307 2.02949e+09 2514.05 2514.05 723266 0 4.06768e+08
952 2.41661 0.775 -0.45 3.50978e+08 3514.5 3.50974e+08 60.0208 90.3307 82.8307 2.02949e+09 2783.41 2783.41 672831 0 4.06768e+08
953 2.41661 0.775 -0.35 3.50978e+08 3514.5 3.50974e+08 60.0208 90.3307 82.8307 2.02949e+09 2783.41 2783.41 672831 0 4.06768e+08
954 2.41661 0.775 -0.25 3.50978e+08 3514.5 3.50974e+08 60.0208 90.3307 82.8307 2.02949e+09 2783.41 2783.41 672831 0 4.06768e+08
955 2.41661 0.775 -0.15 3.50978e+08 3514.5 3.50974e+08 60.0208 90.3307 82.8307 2.02949e+09 2783.41 2783.41 672831 0 4.06768e+08
956 2.41661 0.775 -0.05 3.50978e+08 3514.5 3.50974e+08 60.0208 90.3307 82.8307 2.02949e+09 2783.41 2783.41 672831 0 4.06768e+08
957 2.41661 0.775 0.05 3.50978e+08 3514.5 3.50974e+08 60.0208 90.3307 82.8307 2.02949e+09 2783.41 2783.41 672831 0 4.06768e+08
958 2.41661 0.775 0.15 3.50978e+08 3514.5 3.50974e+08 60.0208 90.3307 82.8307 2.02949e+09 2783.41 2783.41 672831 0 4.06768e+08
959 2.41661 0.85 -0.45 3.50978e+08 3514.5 3.50974e+08 60.0208 90.3307 82.8307 2.02949e+09 3052.77 3052.77 625914 0 4.06768e+08
960 2.41661 0.85 -0.35 3.50978e+08 3514.5 3.50974e+08 60.0208 90.3307 82.8307 2.02949e+09 3052.77 3052.77 625914 0 4.06768e+08
961 2.41661 0.85 -0.25 3.50978e+08 3514.5 3.50974e+08 60.0208 90.3307 82.8307 2.02949e+09 3052.77 3052.77 625914 0 4.06768e+08
962 2.41661 0.85 -0.15 3.50978e+08 3514.5 3.50974e+08 60.0208 90.3307 82.8307 2.02949e+09 3052.77 3052.77 625914 0 4.06768e+08
963 2.41661 0.85 -0.05 3.50978e+08 3514.5 3.50974e+08 60.0208 90.3307 82.8307 2.02949e+09 3052.77 3052.77 625914 0 4.06768e+08
964 2.41661 0.85 0.05 3.50978e+08 3514.5 3.50974e+08 60.0208 90.3307 82.8307 2.02949e+09 3052.77 3052.77 625914 0 4.06768e+08
965 2.41661 0.85 0.15 3.50978e+08 3514.5 3.50974e+08 60.0208 90.3307 82.8307 2.02949e+09 3052.77 3052.77 625914 0 4.06768e+08
966 2.41661 0.925 -0.45 9.2066e+07 3514.5 9.20625e+07 73 7.70304 0.203041 1.84978e+08 3322.13 3322.13 582268 0 1.39477e+08
967 2.41661 0.925 -0.35 9.17082e+07 3514.5 9.17047e+07 73.25 7.68617 0.186166 1.86098e+08 3322.13 3322.13 582268 0 1.39068e+08
968 2.41661 0.925 -0.25 9.14007e+07 3514.5 9.13971e+07 73.4583 7.67248 0.172484 1.87025e+08 3322.13 3322.13 582268 0 1.38718e+08
969 2.41661 0.925 -0.15 9.11636e+07 3514.5 9.11601e+07 73.6042 7.66356 0.163555 1.87692e+08 3322.13 3322.13 582268 0 1.38451e+08
970 2.41661 0.925 -0.05 9.10142e+07 3514.5 9.10106e+07 73.6667 7.66094 0.160938 1.88042e+08 3322.13 3322.13 582268 0 1.38289e+08
971 2.41661 0.925 0.05 9.09629e+07 3514.5 9.09593e+07 73.6667 7.66295 0.162951 1.88042e+08 3322.13 3322.13 582268 0 1.38237e+08
972 2.41661 0.925 0.15 9.10114e+07 3514.5 9.10079e+07 73.6042 7.66953 0.169531 1.87692e+08 3322.13 3322.13 582268 0 1.38299e+08
973 2.41661 1 -0.45 5.65033e+07 3514.5 5.64998e+07 377.521 11.917 4.41697 2.24438e+08 3591.49 3591.49 541665 0 9.25611e+07
974 2.41661 1 -0.35 4.47402e+07 3514.5 4.47367e+07 383.292 10.7142 3.21415 2.27299e+08 3591.49 3591.49 541665 0 8.12908e+07
975 2.41661 1 -0.25 3.4769e+07 3514.5 3.47655e+07 387.604 9.68411 2.18411 2.29687e+08 3591.49 3591.49 541665 0 7.16788e+07
976 2.41661 1 -0.15 2.74019e+07 3514.5 2.73984e+07 390.375 8.92963 1.42963 2.31413e+08 3591.49 3591.49 541665 0 6.4536e+07
977 2.41661 1 -0.05 2.32861e+07 3514.5 2.32826e+07 391.667 8.531 1.031 2.32321e+08 3591.49 3591.49 541665 0 6.05215e+07
978 2.41661 1 0.05 2.28656e+07 3514.5 2.28621e+07 391.625 8.53143 1.03143 2.32321e+08 3591.49 3591.49 541665 0 6.00968e+07
979 2.41661 1 0.15 2.6324e+07 3514.5 2.63204e+07 390.292 8.93128 1.43128 2.31413e+08 3591.49 3591.49 541665 0 6.34498e+07
980 2.41661 1.075 -0.45 4.4756e+07 3514.5 4.47525e+07 306.688 6.44745 1.05255 2.57393e+08 3860.86 3860.86 503894 0 7.48262e+07
981 2.41661 1.075 -0.35 4.81799e+07 3514.5 4.81764e+07 293.667 6.58336 0.916638 2.61932e+08 3860.86 3860.86 503894 0 7.82406e+07
982 2.41661 1.075 -0.25 5.05117e+07 3514.5 5.05082e+07 283.833 6.64346 0.856544 2.65744e+08 3860.86 3860.86 503894 0 8.05682e+07
983 2.41661 1.075 -0.15 5.19557e+07 3514.5 5.19522e+07 277.188 6.6594 0.840602 2.68514e+08 3860.86 3860.86 503894 0 8.2011e+07
984 2.41661 1.075 -0.05 5.26587e+07 3514.5 5.26552e+07 273.854 6.6537 0.8463 2.69975e+08 3860.86 3860.86 503894 0 8.27145e+07
985 2.41661 1.075 0.05 5.26952e+07 3514.5 5.26917e+07 273.917 6.6379 0.862097 2.69975e+08 3860.86 3860.86 503894 0 8.27521e+07
986 2.41661 1.075 0.15 5.20477e+07 3514.5 5.20442e+07 277.479 6.61646 0.883536 2.68514e+08 3860.86 3860.86 503894 0 8.21061e+07
987 2.41661 1.15 -0.45 5.78927e+07 3514.5 5.78892e+07 235.938 6.84227 0.657732 2.89796e+08 4130.22 4130.22 468756 0 8.79352e+07
988 2.41661 1.15 -0.35 5.85278e+07 3514.5 5.85243e+07 225.229 6.71933 0.780668 2.9619e+08 4130.22 4130.22 468756 0 8.8579e+07
989 2.41661 1.15 -0.25 5.87319e+07 3514.5 5.87283e+07 216.417 6.59069 0.909313 3.01594e+08 4130.22 4130.22 468756 0 8.8792e+07
990 2.41661 1.15 -0.15 5.87043e+07 3514.5 5.87008e+07 209.958 6.47551 1.02449 3.05539e+08 4130.22 4130.22 468756 0 8.87725e+07
991 2.41661 1.15 -0.05 5.86323e+07 3514.5 5.86288e+07 206.354 6.39146 1.10854 3.07628e+08 4130.22 4130.22 468756 0 8.87064e+07
992 2.41661 1.15 0.05 5.86416e+07 3514.5 5.86381e+07 206 6.35212 1.14788 3.07628e+08 4130.22 4130.22 468756 0 8.87184e+07
993 2.41661 1.15 0.15 5.87549e+07 3514.5 5.87514e+07 209 6.36271 1.13729 3.05539e+08 4130.22 4130.22 468756 0 8.8831e+07
994 2.41661 1.225 -0.45 5.91831e+07 3514.5 5.91795e+07 187.708 6.49826 1.00174 3.2342e+08 4399.58 4399.58 436069 0 8.92497e+07
995 2.41661 1.225 -0.35 5.80976e+07 3514.5 5.80941e+07 174.708 6.2902 1.2098 3.31959e+08 4399.58 4399.58 436069 0 8.81788e+07
996 2.41661 1.225 -0.25 5.68238e+07 3514.5 5.68203e+07 162.396 6.12919 1.37081 3.39221e+08 4399.58 4399.58 436069 0 8.69163e+07
997 2.41661 1.225 -0.15 5.56535e+07 3514.5 5.565e+07 151.792 6.05794 1.44206 3.4455e+08 4399.58 4399.58 436069 0 8.73926e+07
998 2.41661 1.225 -0.05 5.48658e+07 3514.5 5.48623e+07 144.958 6.06296 1.43704 3.4738e+08 4399.58 4399.58 436069 0 8.79712e+07
999 2.41661 1.225 0.05 5.4643e+07 3514.5 5.46395e+07 142.354 6.03509 1.46491 3.4738e+08 4399.58 4399.58 436069 0 8.82712e+07
1000 2.41661 1.225 0.15 5.50468e+07 3514.5 5.50433e+07 143.812 5.9131 1.5869 3.4455e+08 4399.58 4399.58 436069 0 8.83919e+07
1001 2.41661 1.3 -0.45 5.63062e+07 3514.5 5.63027e+07 141.917 6.57384 0.926159 3.59352e+08 4668.94 4668.94 405661 0 8.99842e+07
1002 2.41661 1.3 -0.35 5.40585e+07 3514.5 5.4055e+07 132.812 6.96617 0.533827 3.70432e+08 4668.94 4668.94 405661 0 8.95299e+07
1003 2.41661 1.3 -0.25 5.20593e+07 3514.5 5.20558e+07 128.312 7.33087 0.169131 3.79922e+08 4668.94 4668.94 405661 0 8.84051e+07
1004 2.41661 1.3 -0.15 5.04856e+07 3514.5 5.04821e+07 125.771 7.59244 0.0924401 3.8685e+08 4668.94 4668.94 405661 0 8.73344e+07
1005 2.41661 1.3 -0.05 4.94717e+07 3514.5 4.94682e+07 124.354 7.73375 0.233751 3.90457e+08 4668.94 4668.94 405661 0 8.66138e+07
1006 2.41661 1.3 0.05 4.91109e+07 3514.5 4.91073e+07 123.812 7.74763 0.247631 3.90457e+08 4668.94 4668.94 405661 0 8.63622e+07
1007 2.41661 1.3 0.15 4.94373e+07 3514.5 4.94337e+07 123.958 7.63518 0.135185 3.86849e+08 4668.94 4668.94 405661 0 8.66515e+07
1008 2.57772 0.7 -0.45 3.60667e+08 3514.5 3.60664e+08 60.0208 89.5747 82.0747 2.04106e+09 2514.05 2514.05 723266 0 4.16405e+08
1009 2.57772 0.7 -0.35 3.60667e+08 3514.5 3.60664e+08 60.0208 89.5747 82.0747 2.04106e+09 2514.05 2514.05 723266 0 4.16405e+08
1010 2.57772 0.7 -0.25 3.60667e+08 3514.5 3.60664e+08 60.0208 89.5747 82.0747 2.04106e+09 2514.05 2514.05 723266 0 4.16405e+08
1011 2.57772 0.7 -0.15 3.60667e+08 3514.5 3.60664e+08 60.0208 89.5747 82.0747 2.04106e+09 2514.05 2514.05 723266 0 4.16405e+08
1012 2.57772 0.7 -0.05 3.60667e+08 3514.5 3.60664e+08 60.0208 89.5747 82.0747 2.04106e+09 2514.05 2514.05 723266 0 4.16405e+08
1013 2.57772 0.7 0.05 3.60667e+08 3514.5 3.60664e+08 60.0208 89.5747 82.0747 2.04106e+09 2514.05 2514.05 723266 0 4.16405e+08
1014 2.57772 0.7 0.15 3.60667e+08 3514.5 3.60664e+08 60.0208 89.5747 82.0747 2.04106e+09 2514.05 2514.05 723266 0 4.16405e+08
1015 2.57772 0.775 -0.45 3.60667e+08 3514.5 3.60664e+08 60.0208 89.5747 82.0747 2.04106e+09 2783.41 2783.41 672831 0 4.16405e+08
1016 2.57772 0.775 -0.35 3.60667e+08 3514.5 3.60664e+08 60.0208 89.5747 82.0747 2.04106e+09 2783.41 2783.41 672831 0 4.16405e+08
1017 2.57772 0.775 -0.25 3.60667e+08 3514.5 3.60664e+08 60.0208 89.5747 82.0747 2.04106e+09 2783.41 2783.41 672831 0 4.16405e+08
1018 2.57772 0.775 -0.15 3.60667e+08 3514.5 3.60664e+08 60.0208 89.5747 82.0747 2.04106e+09 2783.41 2783.41 672831 0 4.16405e+08
1019 2.57772 0.775 -0.05 3.60667e+08 3514.5 3.60664e+08 60.0208 89.5747 82.0747 2.04106e+09 2783.41 2783.41 672831 0 4.16405e+08
1020 2.57772 0.775 0.05 3.60667e+08 3514.5 3.60664e+08 60.0208 89.5747 82.0747 2.04106e+09 2783.41 2783.41 672831 0 4.16405e+08
1021 2.57772 0.775 0.15 3.60667e+08 3514.5 3.60664e+08 60.0208 89.5747 82.0747 2.04106e+09 2783.41 2783.41 672831 0 4.16405e+08
1022 2.57772 0.85 -0.45 3.60667e+08 3514.5 3.60664e+08 60.0208 89.5747 82.0747 2.04106e+09 3052.77 3052.77 625914 0 4.16405e+08
1023 2.57772 0.85 -0.35 3.60667e+08 3514.5 3.60664e+08 60.0208 89.5747 82.0747 2.04106e+09 3052.77 3052.77 625914 0 4.16405e+08
1024 2.57772 0.85 -0.25 3.60667e+08 3514.5 3.60664e+08 60.0208 89.5747 82.0747 2.04106e+09 3052.77 3052.77 625914 0 4.16405e+08
1025 2.57772 0.85 -0.15 3.60667e+08 3514.5 3.60664e+08 60.0208 89.5747 82.0747 2.04106e+09 3052.77 3052.77 625914 0 4.16405e+08
1026 2.57772 0.85 -0.05 3.60667e+08 3514.5 3.60664e+08 60.0208 89.5747 82.0747 2.04106e+09 3052.77 3052.77 625914 0 4.16405e+08
1027 2.57772 0.85 0.05 3.60667e+08 3514.5 3.60664e+08 60.0208 89.5747 82.0747 2.04106e+09 3052.77 3052.77 625914 0 4.16405e+08
1028 2.57772 0.85 0.15 3.60667e+08 3514.5 3.60664e+08 60.0208 89.5747 82.0747 2.04106e+09 3052.77 3052.77 625914 0 4.16405e+08
1029 2.57772 0.925 -0.45 8.50829e+07 3514.5 8.50794e+07 93.3542 6.5921 0.907904 1.84978e+08 3322.13 3322.13 582268 0 1.28472e+08
1030 2.57772 0.925 -0.35 8.45467e+07 3514.5 8.45432e+07 93.7917 6.54577 0.954232 1.86098e+08 3322.13 3322.13 582268 0 1.27852e+08
1031 2.57772 0.925 -0.25 8.40914e+07 3514.5 8.40878e+07 94.1667 6.50648 0.993523 1.87025e+08 3322.13 3322.13 582268 0 1.27324e+08
1032 2.57772 0.925 -0.15 8.37491e+07 3514.5 8.37456e+07 94.4167 6.48018 1.01982 1.87692e+08 3322.13 3322.13 582268 0 1.26934e+08
1033 2.57772 0.925 -0.05 8.35469e+07 3514.5 8.35434e+07 94.5625 6.46515 1.03485 1.88042e+08 3322.13 3322.13 582268 0 1.26703e+08
1034 2.57772 0.925 0.05 8.35011e+07 3514.5 8.34976e+07 94.5417 6.46725 1.03275 1.88042e+08 3322.13 3322.13 582268 0 1.26662e+08
1035 2.57772 0.925 0.15 8.3613e+07 3514.5 8.36095e+07 94.375 6.48454 1.01546 1.87692e+08 3322.13 3322.13 582268 0 1.26806e+08
1036 2.57772 1 -0.45 2.10943e+07 3514.5 2.10908e+07 365.646 7.07372 0.426282 2.24438e+08 3591.49 3591.49 541665 0 5.56852e+07
1037 2.57772 1 -0.35 1.25294e+07 3514.5 1.25259e+07 367.042 5.92366 1.57634 2.27299e+08 3591.49 3591.49 541665 0 4.73404e+07
1038 2.57772 1 -0.25 1.05393e+07 3514.5 1.05358e+07 363.542 5.09019 2.40981 2.29687e+08 3591.49 3591.49 541665 0 4.50586e+07
1039 2.57772 1 -0.15 1.28804e+07 3514.5 1.28768e+07 356.188 4.72975 2.77025 2.31414e+08 3591.49 3591.49 541665 0 4.66895e+07
1040 2.57772 1 -0.05 1.44115e+07 3514.5 1.4408e+07 350.896 4.66057 2.83943 2.32321e+08 3591.49 3591.49 541665 0 4.76963e+07
1041 2.57772 1 0.05 1.38167e+07 3514.5 1.38132e+07 351.208 4.65651 2.84349 2.32321e+08 3591.49 3591.49 541665 0 4.7133e+07
1042 2.57772 1 0.15 1.06737e+07 3514.5 1.06702e+07 356.958 4.72627 2.77373 2.31414e+08 3591.49 3591.49 541665 0 4.45602e+07
1043 2.57772 1.075 -0.45 3.57936e+07 3514.5 3.57901e+07 239.792 5.89779 1.60221 2.57392e+08 3860.86 3860.86 503894 0 6.59023e+07
1044 2.57772 1.075 -0.35 3.60869e+07 3514.5 3.60834e+07 227.625 5.87871 1.62129 2.61931e+08 3860.86 3860.86 503894 0 6.61969e+07
1045 2.57772 1.075 -0.25 3.59822e+07 3514.5 3.59787e+07 217.875 5.84962 1.65038 2.65743e+08 3860.86 3860.86 503894 0 6.60942e+07
1046 2.57772 1.075 -0.15 3.57339e+07 3514.5 3.57304e+07 210.958 5.82133 1.67867 2.68513e+08 3860.86 3860.86 503894 0 6.58479e+07
1047 2.57772 1.075 -0.05 3.55689e+07 3514.5 3.55654e+07 207.229 5.79245 1.70755 2.69974e+08 3860.86 3860.86 503894 0 6.56849e+07
1048 2.57772 1.075 0.05 3.56304e+07 3514.5 3.56269e+07 206.958 5.76009 1.73991 2.69974e+08 3860.86 3860.86 503894 0 6.57487e+07
1049 2.57772 1.075 0.15 3.59346e+07 3514.5 3.59311e+07 210.25 5.72743 1.77257 2.68513e+08 3860.86 3860.86 503894 0 6.60552e+07
1050 2.57772 1.15 -0.45 3.323e+07 3514.5 3.32265e+07 176.396 6.64549 0.854511 2.89795e+08 4130.22 4130.22 468756 0 6.32863e+07
1051 2.57772 1.15 -0.35 3.14464e+07 3514.5 3.14428e+07 168.021 6.90016 0.599843 2.96188e+08 4130.22 4130.22 468756 0 6.14848e+07
1052 2.57772 1.15 -0.25 2.97433e+07 3514.5 2.97398e+07 162.104 7.15392 0.346084 3.01592e+08 4130.22 4130.22 468756 0 5.97641e+07
1053 2.57772 1.15 -0.15 2.83594e+07 3514.5 2.83559e+07 158.229 7.34931 0.150688 3.05537e+08 4130.22 4130.22 468756 0 5.87206e+07
1054 2.57772 1.15 -0.05 2.75013e+07 3514.5 2.74978e+07 156.146 7.45049 0.0495147 3.07625e+08 4130.22 4130.22 468756 0 5.82721e+07
1055 2.57772 1.15 0.05 2.73163e+07 3514.5 2.73128e+07 155.646 7.43762 0.0623798 3.07625e+08 4130.22 4130.22 468756 0 5.8188e+07
1056 2.57772 1.15 0.15 2.78555e+07 3514.5 2.7852e+07 156.729 7.30702 0.192977 3.05537e+08 4130.22 4130.22 468756 0 5.85196e+07
1057 2.57772 1.225 -0.45 2.86453e+07 3514.5 2.86418e+07 149.771 8.37113 0.871132 3.23419e+08 4399.58 4399.58 436069 0 6.07486e+07
1058 2.57772 1.225 -0.35 2.61904e+07 3514.5 2.61869e+07 145.188 8.77617 1.27617 3.31956e+08 4399.58 4399.58 436069 0 5.92388e+07
1059 2.57772 1.225 -0.25 2.38746e+07 3514.5 2.38711e+07 141.833 9.11019 1.61019 3.39218e+08 4399.58 4399.58 436069 0 5.76171e+07
1060 2.57772 1.225 -0.15 2.19189e+07 3514.5 2.19154e+07 139.562 9.34779 1.84779 3.44546e+08 4399.58 4399.58 436069 0 5.61322e+07
1061 2.57772 1.225 -0.05 2.05823e+07 3514.5 2.05788e+07 138.312 9.47141 1.97141 3.47375e+08 4399.58 4399.58 436069 0 5.50543e+07
1062 2.57772 1.225 0.05 2.00988e+07 3514.5 2.00953e+07 138 9.47103 1.97103 3.47375e+08 4399.58 4399.58 436069 0 5.46332e+07
1063 2.57772 1.225 0.15 2.0573e+07 3514.5 2.05695e+07 138.625 9.34525 1.84525 3.44545e+08 4399.58 4399.58 436069 0 5.49737e+07
1064 2.57772 1.3 -0.45 2.59982e+07 3514.5 2.59947e+07 136.292 9.97755 2.47755 3.5935e+08 4668.94 4668.94 405661 0 6.09098e+07
1065 2.57772 1.3 -0.35 2.30922e+07 3514.5 2.30887e+07 133 10.4002 2.90015 3.7043e+08 4668.94 4668.94 405661 0 5.86917e+07
1066 2.57772 1.3 -0.25 2.02308e+07 3514.5 2.02273e+07 130.5 10.742 3.24195 3.79918e+08 4668.94 4668.94 405661 0 5.63542e+07
1067 2.57772 1.3 -0.15 1.76534e+07 3514.5 1.76499e+07 128.792 10.9838 3.4838 3.86844e+08 4668.94 4668.94 405661 0 5.41354e+07
1068 2.57772 1.3 -0.05 1.57158e+07 3514.5 1.57123e+07 127.854 11.111 3.611 3.90449e+08 4668.94 4668.94 405661 0 5.23943e+07
1069 2.57772 1.3 0.05 1.48308e+07 3514.5 1.48273e+07 127.625 11.1152 3.61519 3.90447e+08 4668.94 4668.94 405661 0 5.15554e+07
1070 2.57772 1.3 0.15 1.5243e+07 3514.5 1.52395e+07 128.146 10.9956 3.4956 3.8684e+08 4668.94 4668.94 405661 0 5.1855e+07
1071 2.73882 0.7 -0.45 3.6954e+08 3514.5 3.69537e+08 60.0208 88.4325 80.9325 2.04799e+09 2514.05 2514.05 723266 0 4.25198e+08
1072 2.73882 0.7 -0.35 3.6954e+08 3514.5 3.69537e+08 60.0208 88.4325 80.9325 2.04799e+09 2514.05 2514.05 723266 0 4.25198e+08
1073 2.73882 0.7 -0.25 3.6954e+08 3514.5 3.69537e+08 60.0208 88.4325 80.9325 2.04799e+09 2514.05 2514.05 723266 0 4.25198e+08
1074 2.73882 0.7 -0.15 3.6954e+08 3514.5 3.69537e+08 60.0208 88.4325 80.9325 2.04799e+09 2514.05 2514.05 723266 0 4.25198e+08
1075 2.73882 0.7 -0.05 3.6954e+08 3514.5 3.69537e+08 60.0208 88.4325 80.9325 2.04799e+09 2514.05 2514.05 723266 0 4.25198e+08
1076 2.73882 0.7 0.05 3.6954e+08 3514.5 3.69537e+08 60.0208 88.4325 80.9325 2.04799e+09 2514.05 2514.05 723266 0 4.25198e+08
1077 2.73882 0.7 0.15 3.6954e+08 3514.5 3.69537e+08 60.0208 88.4325 80.9325 2.04799e+09 2514.05 2514.05 723266 0 4.25198e+08
1078 2.73882 0.775 -0.45 3.6954e+08 3514.5 3.69537e+08 60.0208 88.4325 80.9325 2.04799e+09 2783.41 2783.41 672831 0 4.25198e+08
1079 2.73882 0.775 -0.35 3.6954e+08 3514.5 3.69537e+08 60.0208 88.4325 80.9325 2.04799e+09 2783.41 2783.41 672831 0 4.25198e+08
1080 2.73882 0.775 -0.25 3.6954e+08 3514.5 3.69537e+08 60.0208 88.4325 80.9325 2.04799e+09 2783.41 2783.41 672831 0 4.25198e+08
1081 2.73882 0.775 -0.15 3.6954e+08 3514.5 3.69537e+08 60.0208 88.4325 80.9325 2.04799e+09 2783.41 2783.41 672831 0 4.25198e+08
1082 2.73882 0.775 -0.05 3.6954e+08 3514.5 3.69537e+08 60.0208 88.4325 80.9325 2.04799e+09 2783.41 2783.41 672831 0 4.25198e+08
1083 2.73882 0.775 0.05 3.6954e+08 3514.5 3.69537e+08 60.0208 88.4325 80.9325 2.04799e+09 2783.41 2783.41 672831 0 4.25198e+08
1084 2.73882 0.775 0.15 3.6954e+08 3514.5 3.69537e+08 60.0208 88.4325 80.9325 2.04799e+09 2783.41 2783.41 672831 0 4.25198e+08
1085 2.73882 0.85 -0.45 3.6954e+08 3514.5 3.69537e+08 60.0208 88.4325 80.9325 2.04799e+09 3052.77 3052.77 625914 0 4.25198e+08
1086 2.73882 0.85 -0.35 3.6954e+08 3514.5 3.69537e+08 60.0208 88.4325 80.9325 2.04799e+09 3052.77 3052.77 625914 0 4.25198e+08
1087 2.73882 0.85 -0.25 3.6954e+08 3514.5 3.69537e+08 60.0208 88.4325 80.9325 2.04799e+09 3052.77 3052.77 625914 0 4.25198e+08
1088 2.73882 0.85 -0.15 3.6954e+08 3514.5 3.69537e+08 60.0208 88.4325 80.9325 2.04799e+09 3052.77 3052.77 625914 0 4.25198e+08
1089 2.73882 0.85 -0.05 3.6954e+08 3514.5 3.69537e+08 60.0208 88.4325 80.9325 2.04799e+09 3052.77 3052.77 625914 0 4.25198e+08
1090 2.73882 0.85 0.05 3.6954e+08 3514.5 3.69537e+08 60.0208 88.4325 80.9325 2.04799e+09 3052.77 3052.77 625914 0 4.25198e+08
1091 2.73882 0.85 0.15 3.6954e+08 3514.5 3.69537e+08 60.0208 88.4325 80.9325 2.04799e+09 3052.77 3052.77 625914 0 4.25198e+08
1092 2.73882 0.925 -0.45 7.47756e+07 3514.5 7.47721e+07 117.75 5.11307 2.38693 1.84978e+08 3322.13 3322.13 582268 0 1.13389e+08
1093 2.73882 0.925 -0.35 7.39764e+07 3514.5 7.39729e+07 118.604 5.02027 2.47973 1.86098e+08 3322.13 3322.13 582268 0 1.12426e+08
1094 2.73882 0.925 -0.25 7.33032e+07 3514.5 7.32997e+07 119.333 4.94071 2.55929 1.87026e+08 3322.13 3322.13 582268 0 1.11612e+08
1095 2.73882 0.925 -0.15 7.28078e+07 3514.5 7.28043e+07 119.854 4.88236 2.61764 1.87692e+08 3322.13 3322.13 582268 0 1.11017e+08
1096 2.73882 0.925 -0.05 7.25337e+07 3514.5 7.25301e+07 120.104 4.85128 2.64872 1.88042e+08 3322.13 3322.13 582268 0 1.10695e+08
1097 2.73882 0.925 0.05 7.25058e+07 3514.5 7.25023e+07 120.062 4.84958 2.65042 1.88042e+08 3322.13 3322.13 582268 0 1.10675e+08
1098 2.73882 0.925 0.15 7.2725e+07 3514.5 7.27215e+07 119.729 4.8776 2.6224 1.87692e+08 3322.13 3322.13 582268 0 1.10959e+08
1099 2.73882 1 -0.45 1.47403e+07 3514.5 1.47368e+07 294.25 4.25491 3.24509 2.24439e+08 3591.49 3591.49 541665 0 4.4964e+07
1100 2.73882 1 -0.35 1.63522e+07 3514.5 1.63487e+07 275.188 4.42325 3.07675 2.273e+08 3591.49 3591.49 541665 0 4.65641e+07
1101 2.73882 1 -0.25 1.71906e+07 3514.5 1.71871e+07 261.292 4.53591 2.96409 2.29687e+08 3591.49 3591.49 541665 0 4.73946e+07
1102 2.73882 1 -0.15 1.754e+07 3514.5 1.75365e+07 252.208 4.59904 2.90096 2.31413e+08 3591.49 3591.49 541665 0 4.77395e+07
1103 2.73882 1 -0.05 1.76718e+07 3514.5 1.76683e+07 247.792 4.62149 2.87851 2.32321e+08 3591.49 3591.49 541665 0 4.78698e+07
1104 2.73882 1 0.05 1.77165e+07 3514.5 1.7713e+07 248.146 4.60728 2.89272 2.32321e+08 3591.49 3591.49 541665 0 4.79154e+07
1105 2.73882 1 0.15 1.76049e+07 3514.5 1.76014e+07 253.354 4.55873 2.94127 2.31413e+08 3591.49 3591.49 541665 0 4.78073e+07
1106 2.73882 1.075 -0.45 1.09651e+07 3514.5 1.09616e+07 180.542 6.97206 0.527936 2.57387e+08 3860.86 3860.86 503894 0 4.09985e+07
1107 2.73882 1.075 -0.35 9.04867e+06 3514.5 9.04516e+06 174.521 7.39034 0.109656 2.61925e+08 3860.86 3860.86 503894 0 3.90528e+07
1108 2.73882 1.075 -0.25 7.12843e+06 3514.5 7.12491e+06 170.125 7.73493 0.234927 2.65734e+08 3860.86 3860.86 503894 0 3.71414e+07
1109 2.73882 1.075 -0.15 5.35057e+06 3514.5 5.34706e+06 167.167 7.97786 0.477862 2.68498e+08 3860.86 3860.86 503894 0 3.53805e+07
1110 2.73882 1.075 -0.05 4.08379e+06 3514.5 4.08028e+06 165.583 8.09989 0.599891 2.69949e+08 3860.86 3860.86 503894 0 3.41223e+07
1111 2.73882 1.075 0.05 4.02495e+06 3514.5 4.02143e+06 165.312 8.08985 0.589846 2.69949e+08 3860.86 3860.86 503894 0 3.40627e+07
1112 2.73882 1.075 0.15 5.31365e+06 3514.5 5.31014e+06 166.354 7.94588 0.44588 2.68499e+08 3860.86 3860.86 503894 0 3.53413e+07
1113 2.73882 1.15 -0.45 1.19099e+07 3514.5 1.19064e+07 154.208 9.77756 2.27756 2.89802e+08 4130.22 4130.22 468756 0 4.32241e+07
1114 2.73882 1.15 -0.35 1.08276e+07 3514.5 1.08241e+07 150.5 10.2132 2.71324 2.96199e+08 4130.22 4130.22 468756 0 4.2914e+07
1115 2.73882 1.15 -0.25 9.6962e+06 3514.5 9.69268e+06 147.667 10.5628 3.06284 3.01607e+08 4130.22 4130.22 468756 0 4.23737e+07
1116 2.73882 1.15 -0.15 8.59692e+06 3514.5 8.5934e+06 145.688 10.8077 3.30769 3.05558e+08 4130.22 4130.22 468756 0 4.16874e+07
1117 2.73882 1.15 -0.05 7.67361e+06 3514.5 7.6701e+06 144.604 10.9334 3.43338 3.07652e+08 4130.22 4130.22 468756 0 4.09896e+07
1118 2.73882 1.15 0.05 7.12427e+06 3514.5 7.12075e+06 144.417 10.9317 3.43167 3.07655e+08 4130.22 4130.22 468756 0 4.04776e+07
1119 2.73882 1.15 0.15 7.12533e+06 3514.5 7.12181e+06 145.083 10.8017 3.30165 3.05565e+08 4130.22 4130.22 468756 0 4.03363e+07
1120 2.73882 1.225 -0.45 1.82268e+07 3514.5 1.82233e+07 140.167 11.8405 4.34053 3.23429e+08 4399.58 4399.58 436069 0 5.24938e+07
1121 2.73882 1.225 -0.35 1.74296e+07 3514.5 1.74261e+07 137.208 12.2684 4.76838 3.31969e+08 4399.58 4399.58 436069 0 5.23182e+07
1122 2.73882 1.225 -0.25 1.65591e+07 3514.5 1.65556e+07 134.917 12.6117 5.11167 3.39234e+08 4399.58 4399.58 436069 0 5.19301e+07
1123 2.73882 1.225 -0.15 1.5702e+07 3514.5 1.56985e+07 133.312 12.853 5.35296 3.44565e+08 4399.58 4399.58 436069 0 5.14107e+07
1124 2.73882 1.225 -0.05 1.49674e+07 3514.5 1.49639e+07 132.438 12.9785 5.47855 3.47397e+08 4399.58 4399.58 436069 0 5.08599e+07
1125 2.73882 1.225 0.05 1.44637e+07 3514.5 1.44602e+07 132.271 12.9807 5.48069 3.47398e+08 4399.58 4399.58 436069 0 5.03896e+07
1126 2.73882 1.225 0.15 1.42642e+07 3514.5 1.42607e+07 132.833 12.8587 5.35865 3.44568e+08 4399.58 4399.58 436069 0 5.00692e+07
1127 2.73882 1.3 -0.45 2.37751e+07 3514.5 2.37715e+07 130.521 13.4656 5.96559 3.59361e+08 4668.94 4668.94 405661 0 6.0085e+07
1128 2.73882 1.3 -0.35 2.28834e+07 3514.5 2.28799e+07 127.979 13.8875 6.38745 3.70443e+08 4668.94 4668.94 405661 0 5.97311e+07
1129 2.73882 1.3 -0.25 2.19284e+07 3514.5 2.19249e+07 126.021 14.2265 6.72648 3.79934e+08 4668.94 4668.94 405661 0 5.91915e+07
1130 2.73882 1.3 -0.15 2.1009e+07 3514.5 2.10055e+07 124.646 14.4656 6.96558 3.86864e+08 4668.94 4668.94 405661 0 5.85639e+07
1131 2.73882 1.3 -0.05 2.02388e+07 3514.5 2.02352e+07 123.875 14.5913 7.09127 3.90472e+08 4668.94 4668.94 405661 0 5.79566e+07
1132 2.73882 1.3 0.05 1.97193e+07 3514.5 1.97157e+07 123.75 14.5958 7.09582 3.90472e+08 4668.94 4668.94 405661 0 5.74624e+07
1133 2.73882 1.3 0.15 1.95091e+07 3514.5 1.95055e+07 124.229 14.4788 6.97877 3.86865e+08 4668.94 4668.94 405661 0 5.71482e+07
1134 2.89993 0.7 -0.45 3.77071e+08 3514.5 3.77068e+08 60.0208 86.9164 79.4164 2.05217e+09 2514.05 2514.05 723266 0 4.32623e+08
1135 2.89993 0.7 -0.35 3.77071e+08 3514.5 3.77068e+08 60.0208 86.9164 79.4164 2.05217e+09 2514.05 2514.05 723266 0 4.32623e+08
1136 2.89993 0.7 -0.25 3.77071e+08 3514.5 3.77068e+08 60.0208 86.9164 79.4164 2.05217e+09 2514.05 2514.05 723266 0 4.32623e+08
1137 2.89993 0.7 -0.15 3.77071e+08 3514.5 3.77068e+08 60.0208 86.9164 79.4164 2.05217e+09 2514.05 2514.05 723266 0 4.32623e+08
1138 2.89993 0.7 -0.05 3.77071e+08 3514.5 3.77068e+08 60.0208 86.9164 79.4164 2.05217e+09 2514.05 2514.05 723266 0 4.32623e+08
1139 2.89993 0.7 0.05 3.77071e+08 3514.5 3.77068e+08 60.0208 86.9164 79.4164 2.05217e+09 2514.05 2514.05 723266 0 4.32623e+08
1140 2.89993 0.7 0.15 3.77071e+08 3514.5 3.77068e+08 60.0208 86.9164 79.4164 2.05217e+09 2514.05 2514.05 723266 0 4.32623e+08
1141 2.89993 0.775 -0.45 3.77071e+08 3514.5 3.77068e+08 60.0208 86.9164 79.4164 2.05217e+09 2783.41 2783.41 672831 0 4.32623e+08
1142 2.89993 0.775 -0.35 3.77071e+08 3514.5 3.77068e+08 60.0208 86.9164 79.4164 2.05217e+09 2783.41 2783.41 672831 0 4.32623e+08
1143 2.89993 0.775 -0.25 3.77071e+08 3514.5 3.77068e+08 60.0208 86.9164 79.4164 2.05217e+09 2783.41 2783.41 672831 0 4.32623e+08
1144 2.89993 0.775 -0.15 3.77071e+08 3514.5 3.77068e+08 60.0208 86.9164 79.4164 2.05217e+09 2783.41 2783.41 672831 0 4.32623e+08
1145 2.89993 0.775 -0.05 3.77071e+08 3514.5 3.77068e+08 60.0208 86.9164 79.4164 2.05217e+09 2783.41 2783.41 672831 0 4.32623e+08
1146 2.89993 0.775 0.05 3.77071e+08 3514.5 3.77068e+08 60.0208 86.9164 79.4164 2.05217e+09 2783.41 2783.41 672831 0 4.32623e+08
1147 2.89993 0.775 0.15 3.77071e+08 3514.5 3.77068e+08 60.0208 86.9164 79.4164 2.05217e+09 2783.41 2783.41 672831 0 4.32623e+08
1148 2.89993 0.85 -0.45 3.77071e+08 3514.5 3.77068e+08 60.0208 86.9164 79.4164 2.05217e+09 3052.77 3052.77 625914 0 4.32623e+08
1149 2.89993 0.85 -0.35 3.77071e+08 3514.5 3.77068e+08 60.0208 86.9164 79.4164 2.05217e+09 3052.77 3052.77 625914 0 4.32623e+08
1150 2.89993 0.85 -0.25 3.77071e+08 3514.5 3.77068e+08 60.0208 86.9164 79.4164 2.05217e+09 3052.77 3052.77 625914 0 4.32623e+08
1151 2.89993 0.85 -0.15 3.77071e+08 3514.5 3.77068e+08 60.0208 86.9164 79.4164 2.05217e+09 3052.77 3052.77 625914 0 4.32623e+08
1152 2.89993 0.85 -0.05 3.77071e+08 3514.5 3.77068e+08 60.0208 86.9164 79.4164 2.05217e+09 3052.77 3052.77 625914 0 4.32623e+08
1153 2.89993 0.85 0.05 3.77071e+08 3514.5 3.77068e+08 60.0208 86.9164 79.4164 2.05217e+09 3052.77 3052.77 625914 0 4.32623e+08
1154 2.89993 0.85 0.15 3.77071e+08 3514.5 3.77068e+08 60.0208 86.9164 79.4164 2.05217e+09 3052.77 3052.77 625914 0 4.32623e+08
1155 2.89993 0.925 -0.45 6.04291e+07 3514.5 6.04256e+07 149.729 3.20577 4.29423 1.84978e+08 3322.13 3322.13 582268 0 9.27804e+07
1156 2.89993 0.925 -0.35 5.91923e+07 3514.5 5.91887e+07 151.688 3.0257 4.4743 1.86098e+08 3322.13 3322.13 582268 0 9.11644e+07
1157 2.89993 0.925 -0.25 5.81486e+07 3514.5 5.81451e+07 153.375 2.86788 4.63212 1.87026e+08 3322.13 3322.13 582268 0 8.97943e+07
1158 2.89993 0.925 -0.15 5.7388e+07 3514.5 5.73845e+07 154.646 2.74279 4.75721 1.87693e+08 3322.13 3322.13 582268 0 8.87883e+07
1159 2.89993 0.925 -0.05 5.69871e+07 3514.5 5.69836e+07 155.292 2.66746 4.83254 1.88042e+08 3322.13 3322.13 582268 0 8.82635e+07
1160 2.89993 0.925 0.05 5.69902e+07 3514.5 5.69867e+07 155.25 2.64758 4.85242 1.88042e+08 3322.13 3322.13 582268 0 8.82763e+07
1161 2.89993 0.925 0.15 5.73959e+07 3514.5 5.73924e+07 154.479 2.68955 4.81045 1.87693e+08 3322.13 3322.13 582268 0 8.88333e+07
1162 2.89993 1 -0.45 4.68145e+06 3514.5 4.67793e+06 204.396 5.76536 1.73464 2.24454e+08 3591.49 3591.49 541665 0 3.47994e+07
1163 2.89993 1 -0.35 6.81767e+06 3514.5 6.81416e+06 197.833 6.28487 1.21513 2.27311e+08 3591.49 3591.49 541665 0 3.68992e+07
1164 2.89993 1 -0.25 8.60017e+06 3514.5 8.59666e+06 193.062 6.69816 0.80184 2.29697e+08 3591.49 3591.49 541665 0 3.86528e+07
1165 2.89993 1 -0.15 9.90079e+06 3514.5 9.89728e+06 189.896 6.98298 0.517021 2.31423e+08 3591.49 3591.49 541665 0 3.99335e+07
1166 2.89993 1 -0.05 1.06705e+07 3514.5 1.0667e+07 188.292 7.12307 0.376925 2.3233e+08 3591.49 3591.49 541665 0 4.06934e+07
1167 2.89993 1 0.05 1.09042e+07 3514.5 1.09006e+07 188.208 7.10966 0.390339 2.3233e+08 3591.49 3591.49 541665 0 4.0928e+07
1168 2.89993 1 0.15 1.06372e+07 3514.5 1.06337e+07 189.667 6.94132 0.558682 2.31422e+08 3591.49 3591.49 541665 0 4.06728e+07
1169 2.89993 1.075 -0.45 2.61613e+07 3514.5 2.61578e+07 162.729 10.6046 3.10459 2.57397e+08 3860.86 3860.86 503894 0 5.63751e+07
1170 2.89993 1.075 -0.35 2.78537e+07 3514.5 2.78502e+07 159.188 11.0653 3.56534 2.61936e+08 3860.86 3860.86 503894 0 5.82623e+07
1171 2.89993 1.075 -0.25 2.91484e+07 3514.5 2.91449e+07 156.438 11.4311 3.93108 2.65749e+08 3860.86 3860.86 503894 0 6.01325e+07
1172 2.89993 1.075 -0.15 3.00239e+07 3514.5 3.00204e+07 154.521 11.6852 4.18516 2.68519e+08 3860.86 3860.86 503894 0 6.14092e+07
1173 2.89993 1.075 -0.05 3.04696e+07 3514.5 3.04661e+07 153.5 11.8142 4.31416 2.6998e+08 3860.86 3860.86 503894 0 6.20681e+07
1174 2.89993 1.075 0.05 3.04865e+07 3514.5 3.04829e+07 153.354 11.8111 4.31106 2.6998e+08 3860.86 3860.86 503894 0 6.21139e+07
1175 2.89993 1.075 0.15 3.00862e+07 3514.5 3.00827e+07 154.104 11.6749 4.1749 2.68519e+08 3860.86 3860.86 503894 0 6.15541e+07
1176 2.89993 1.15 -0.45 3.86447e+07 3514.5 3.86412e+07 144.625 13.4277 5.92774 2.89801e+08 4130.22 4130.22 468756 0 7.21311e+07
1177 2.89993 1.15 -0.35 3.98528e+07 3514.5 3.98493e+07 141.771 13.8613 6.36126 2.96195e+08 4130.22 4130.22 468756 0 7.39404e+07
1178 2.89993 1.15 -0.25 4.07456e+07 3514.5 4.07421e+07 139.542 14.2072 6.70722 3.01599e+08 4130.22 4130.22 468756 0 7.53033e+07
1179 2.89993 1.15 -0.15 4.13185e+07 3514.5 4.1315e+07 137.979 14.4493 6.94926 3.05545e+08 4130.22 4130.22 468756 0 7.62056e+07
1180 2.89993 1.15 -0.05 4.15739e+07 3514.5 4.15704e+07 137.125 14.5744 7.07438 3.07633e+08 4130.22 4130.22 468756 0 7.66406e+07
1181 2.89993 1.15 0.05 4.15193e+07 3514.5 4.15158e+07 137.021 14.5749 7.07493 3.07633e+08 4130.22 4130.22 468756 0 7.66069e+07
1182 2.89993 1.15 0.15 4.11649e+07 3514.5 4.11614e+07 137.604 14.4511 6.95108 3.05545e+08 4130.22 4130.22 468756 0 7.61271e+07
1183 2.89993 1.225 -0.45 4.69345e+07 3514.5 4.6931e+07 133.104 15.4422 7.94219 3.23426e+08 4399.58 4399.58 436069 0 8.28661e+07
1184 2.89993 1.225 -0.35 4.77713e+07 3514.5 4.77677e+07 130.625 15.8626 8.36261 3.31964e+08 4399.58 4399.58 436069 0 8.42281e+07
1185 2.89993 1.225 -0.25 4.83569e+07 3514.5 4.83534e+07 128.688 16.1994 8.69938 3.39227e+08 4399.58 4399.58 436069 0 8.52248e+07
1186 2.89993 1.225 -0.15 4.87002e+07 3514.5 4.86967e+07 127.333 16.4361 8.93607 3.44556e+08 4399.58 4399.58 436069 0 8.58555e+07
1187 2.89993 1.225 -0.05 4.88146e+07 3514.5 4.88111e+07 126.583 16.5598 9.05985 3.47387e+08 4399.58 4399.58 436069 0 8.61286e+07
1188 2.89993 1.225 0.05 4.87136e+07 3514.5 4.87101e+07 126.479 16.5631 9.06306 3.47387e+08 4399.58 4399.58 436069 0 8.60487e+07
1189 2.89993 1.225 0.15 4.84075e+07 3514.5 4.8404e+07 127 16.4454 8.94544 3.44556e+08 4399.58 4399.58 436069 0 8.56302e+07
1190 2.89993 1.3 -0.45 5.29645e+07 3514.5 5.2961e+07 124.75 17.026 9.52598 3.59358e+08 4668.94 4668.94 405661 0 9.06778e+07
1191 2.89993 1.3 -0.35 5.34972e+07 3514.5 5.34937e+07 122.542 17.4394 9.93944 3.70439e+08 4668.94 4668.94 405661 0 9.16811e+07
1192 2.89993 1.3 -0.25 5.3831e+07 3514.5 5.38275e+07 120.792 17.7718 10.2718 3.79928e+08 4668.94 4668.94 405661 0 9.23882e+07
1193 2.89993 1.3 -0.15 5.39864e+07 3514.5 5.39829e+07 119.583 18.0061 10.5061 3.86857e+08 4668.94 4668.94 405661 0 9.28017e+07
1194 2.89993 1.3 -0.05 5.39863e+07 3514.5 5.39828e+07 118.917 18.1296 10.6296 3.90464e+08 4668.94 4668.94 405661 0 9.29435e+07
1195 2.89993 1.3 0.05 5.38498e+07 3514.5 5.38463e+07 118.812 18.1347 10.6347 3.90464e+08 4668.94 4668.94 405661 0 9.28282e+07
1196 2.89993 1.3 0.15 5.35874e+07 3514.5 5.35839e+07 119.292 18.0209 10.5209 3.86857e+08 4668.94 4668.94 405661 0 9.24621e+07
1197 3.06104 0.7 -0.45 3.82923e+08 3514.5 3.8292e+08 60.0208 85.0366 77.5366 2.05471e+09 2514.05 2514.05 723266 0 4.38343e+08
1198 3.06104 0.7 -0.35 3.82923e+08 3514.5 3.8292e+08 60.0208 85.0366 77.5366 2.05471e+09 2514.05 2514.05 723266 0 4.38343e+08
1199 3.06104 0.7 -0.25 3.82923e+08 3514.5 3.8292e+08 60.0208 85.0366 77.5366 2.05471e+09 2514.05 2514.05 723266 0 4.38343e+08
1200 3.06104 0.7 -0.15 3.82923e+08 3514.5 3.8292e+08 60.0208 85.0366 77.5366 2.05471e+09 2514.05 2514.05 723266 0 4.38343e+08
1201 3.06104 0.7 -0.05 3.82923e+08 3514.5 3.8292e+08 60.0208 85.0366 77.5366 2.05471e+09 2514.05 2514.05 723266 0 4.38343e+08
1202 3.06104 0.7 0.05 3.82923e+08 3514.5 3.8292e+08 60.0208 85.0366 77.5366 2.05471e+09 2514.05 2514.05 723266 0 4.38343e+08
1203 3.06104 0.7 0.15 3.82923e+08 3514.5 3.8292e+08 60.0208 85.0366 77.5366 2.05471e+09 2514.05 2514.05 723266 0 4.38343e+08
1204 3.06104 0.775 -0.45 3.82923e+08 3514.5 3.8292e+08 60.0208 85.0366 77.5366 2.05471e+09 2783.41 2783.41 672831 0 4.38343e+08
1205 3.06104 0.775 -0.35 3.82923e+08 3514.5 3.8292e+08 60.0208 85.0366 77.5366 2.05471e+09 2783.41 2783.41 672831 0 4.38343e+08
1206 3.06104 0.775 -0.25 3.82923e+08 3514.5 3.8292e+08 60.0208 85.0366 77.5366 2.05471e+09 2783.41 2783.41 672831 0 4.38343e+08
1207 3.06104 0.775 -0.15 3.82923e+08 3514.5 3.8292e+08 60.0208 85.0366 77.5366 2.05471e+09 2783.41 2783.41 672831 0 4.38343e+08
1208 3.06104 0.775 -0.05 3.82923e+08 3514.5 3.8292e+08 60.0208 85.0366 77.5366 2.05471e+09 2783.41 2783.41 672831 0 4.38343e+08
1209 3.06104 0.775 0.05 3.82923e+08 3514.5 3.8292e+08 60.0208 85.0366 77.5366 2.05471e+09 2783.41 2783.41 672831 0 4.38343e+08
1210 3.06104 0.775 0.15 3.82923e+08 3514.5 3.8292e+08 60.0208 85.0366 77.5366 2.05471e+09 2783.41 2783.41 672831 0 4.38343e+08
1211 3.06104 0.85 -0.45 3.82923e+08 3514.5 3.8292e+08 60.0208 85.0366 77.5366 2.05471e+09 3052.77 3052.77 625914 0 4.38343e+08
1212 3.06104 0.85 -0.35 3.82923e+08 3514.5 3.8292e+08 60.0208 85.0366 77.5366 2.05471e+09 3052.77 3052.77 625914 0 4.38343e+08
1213 3.06104 0.85 -0.25 3.82923e+08 3514.5 3.8292e+08 60.0208 85.0366 77.5366 2.05471e+09 3052.77 3052.77 625914 0 4.38343e+08
1214 3.06104 0.85 -0.15 3.82923e+08 3514.5 3.8292e+08 60.0208 85.0366 77.5366 2.05471e+09 3052.77 3052.77 625914 0 4.38343e+08
1215 3.06104 0.85 -0.05 3.82923e+08 3514.5 3.8292e+08 60.0208 85.0366 77.5366 2.05471e+09 3052.77 3052.77 625914 0 4.38343e+08
1216 3.06104 0.85 0.05 3.82923e+08 3514.5 3.8292e+08 60.0208 85.0366 77.5366 2.05471e+09 3052.77 3052.77 625914 0 4.38343e+08
1217 3.06104 0.85 0.15 3.82923e+08 3514.5 3.8292e+08 60.0208 85.0366 77.5366 2.05471e+09 3052.77 3052.77 625914 0 4.38343e+08
1218 3.06104 0.925 -0.45 4.14752e+07 3514.5 4.14717e+07 196.479 1.18815 6.31185 1.84979e+08 3322.13 3322.13 582268 0 7.19135e+07
1219 3.06104 0.925 -0.35 3.94632e+07 3514.5 3.94597e+07 201.5 0.989857 6.51014 1.86098e+08 3322.13 3322.13 582268 0 6.99154e+07
1220 3.06104 0.925 -0.25 3.77276e+07 3514.5 3.77241e+07 206.188 0.852998 6.647 1.87026e+08 3322.13 3322.13 582268 0 6.81894e+07
1221 3.06104 0.925 -0.15 3.64356e+07 3514.5 3.64321e+07 209.979 0.777499 6.7225 1.87693e+08 3322.13 3322.13 582268 0 6.69026e+07
1222 3.06104 0.925 -0.05 3.57401e+07 3514.5 3.57366e+07 212.25 0.726492 6.77351 1.88043e+08 3322.13 3322.13 582268 0 6.62108e+07
1223 3.06104 0.925 0.05 3.57374e+07 3514.5 3.57339e+07 212.542 0.649628 6.85037 1.88043e+08 3322.13 3322.13 582268 0 6.62135e+07
1224 3.06104 0.925 0.15 3.64339e+07 3514.5 3.64304e+07 210.792 0.518231 6.98177 1.87693e+08 3322.13 3322.13 582268 0 6.69191e+07
1225 3.06104 1 -0.45 3.86733e+07 3514.5 3.86698e+07 183.5 9.86306 2.36306 2.2444e+08 3591.49 3591.49 541665 0 6.88352e+07
1226 3.06104 1 -0.35 4.10945e+07 3514.5 4.1091e+07 179.479 10.3836 2.88363 2.27301e+08 3591.49 3591.49 541665 0 7.12928e+07
1227 3.06104 1 -0.25 4.30018e+07 3514.5 4.29983e+07 176.375 10.7914 3.29143 2.29689e+08 3591.49 3591.49 541665 0 7.32287e+07
1228 3.06104 1 -0.15 4.4333e+07 3514.5 4.43295e+07 174.229 11.0718 3.57184 2.31415e+08 3591.49 3591.49 541665 0 7.45795e+07
1229 3.06104 1 -0.05 4.50441e+07 3514.5 4.50406e+07 173.125 11.212 3.712 2.32323e+08 3591.49 3591.49 541665 0 7.53004e+07
1230 3.06104 1 0.05 4.51136e+07 3514.5 4.51101e+07 173.062 11.2057 3.70575 2.32323e+08 3591.49 3591.49 541665 0 7.53695e+07
1231 3.06104 1 0.15 4.45443e+07 3514.5 4.45408e+07 174.062 11.0521 3.55211 2.31415e+08 3591.49 3591.49 541665 0 7.47895e+07
1232 3.06104 1.075 -0.45 6.00695e+07 3514.5 6.00659e+07 152.812 14.4826 6.98259 2.57395e+08 3860.86 3860.86 503894 0 9.19922e+07
1233 3.06104 1.075 -0.35 6.19138e+07 3514.5 6.19103e+07 149.875 14.9266 7.42662 2.61934e+08 3860.86 3860.86 503894 0 9.44552e+07
1234 3.06104 1.075 -0.25 6.33441e+07 3514.5 6.33406e+07 147.562 15.2792 7.77923 2.65746e+08 3860.86 3860.86 503894 0 9.63726e+07
1235 3.06104 1.075 -0.15 6.43256e+07 3514.5 6.4322e+07 145.938 15.5248 8.02483 2.68516e+08 3860.86 3860.86 503894 0 9.76963e+07
1236 3.06104 1.075 -0.05 6.48352e+07 3514.5 6.48316e+07 145.083 15.6503 8.15034 2.69978e+08 3860.86 3860.86 503894 0 9.83855e+07
1237 3.06104 1.075 0.05 6.48631e+07 3514.5 6.48595e+07 144.979 15.6498 8.14979 2.69978e+08 3860.86 3860.86 503894 0 9.84342e+07
1238 3.06104 1.075 0.15 6.44136e+07 3514.5 6.44101e+07 145.667 15.5218 8.02184 2.68516e+08 3860.86 3860.86 503894 0 9.78383e+07
1239 3.06104 1.15 -0.45 7.19404e+07 3514.5 7.19369e+07 137.021 17.1799 9.67989 2.89799e+08 4130.22 4130.22 468756 0 1.0721e+08
1240 3.06104 1.15 -0.35 7.33756e+07 3514.5 7.33721e+07 134.5 17.5991 10.0991 2.96193e+08 4130.22 4130.22 468756 0 1.09179e+08
1241 3.06104 1.15 -0.25 7.44721e+07 3514.5 7.44686e+07 132.542 17.9334 10.4334 3.01597e+08 4130.22 4130.22 468756 0 1.10691e+08
1242 3.06104 1.15 -0.15 7.52105e+07 3514.5 7.52069e+07 131.167 18.1677 10.6677 3.05543e+08 4130.22 4130.22 468756 0 1.1172e+08
1243 3.06104 1.15 -0.05 7.55791e+07 3514.5 7.55756e+07 130.417 18.2895 10.7895 3.07631e+08 4130.22 4130.22 468756 0 1.12248e+08
1244 3.06104 1.15 0.05 7.55751e+07 3514.5 7.55716e+07 130.333 18.2914 10.7914 3.07631e+08 4130.22 4130.22 468756 0 1.1226e+08
1245 3.06104 1.15 0.15 7.52032e+07 3514.5 7.51997e+07 130.896 18.1734 10.6734 3.05543e+08 4130.22 4130.22 468756 0 1.11768e+08
1246 3.06104 1.225 -0.45 7.97933e+07 3514.5 7.97897e+07 126.604 19.1161 11.6161 3.23424e+08 4399.58 4399.58 436069 0 1.17282e+08
1247 3.06104 1.225 -0.35 8.09152e+07 3514.5 8.09116e+07 124.375 19.5237 12.0237 3.31962e+08 4399.58 4399.58 436069 0 1.18878e+08
1248 3.06104 1.225 -0.25 8.17562e+07 3514.5 8.17527e+07 122.625 19.8504 12.3504 3.39225e+08 4399.58 4399.58 436069 0 1.20092e+08
1249 3.06104 1.225 -0.15 8.23081e+07 3514.5 8.23046e+07 121.396 20.0803 12.5803 3.44554e+08 4399.58 4399.58 436069 0 1.20906e+08
1250 3.06104 1.225 -0.05 8.25684e+07 3514.5 8.25649e+07 120.729 20.2009 12.7009 3.47385e+08 4399.58 4399.58 436069 0 1.21308e+08
1251 3.06104 1.225 0.05 8.25393e+07 3514.5 8.25357e+07 120.646 20.2049 12.7049 3.47385e+08 4399.58 4399.58 436069 0 1.21296e+08
1252 3.06104 1.225 0.15 8.22256e+07 3514.5 8.22221e+07 121.146 20.092 12.592 3.44554e+08 4399.58 4399.58 436069 0 1.20874e+08
1253 3.06104 1.3 -0.45 8.54941e+07 3514.5 8.54906e+07 118.938 20.6452 13.1452 3.59356e+08 4668.94 4668.94 405661 0 1.24623e+08
1254 3.06104 1.3 -0.35 8.63601e+07 3514.5 8.63566e+07 116.917 21.0472 13.5472 3.70437e+08 4668.94 4668.94 405661 0 1.25922e+08
1255 3.06104 1.3 -0.25 8.69922e+07 3514.5 8.69887e+07 115.333 21.3703 13.8703 3.79927e+08 4668.94 4668.94 405661 0 1.26893e+08
1256 3.06104 1.3 -0.15 8.73914e+07 3514.5 8.73879e+07 114.208 21.5988 14.0988 3.86855e+08 4668.94 4668.94 405661 0 1.27533e+08
1257 3.06104 1.3 -0.05 8.75627e+07 3514.5 8.75592e+07 113.604 21.7193 14.2193 3.90462e+08 4668.94 4668.94 405661 0 1.27834e+08
1258 3.06104 1.3 0.05 8.75126e+07 3514.5 8.75091e+07 113.521 21.725 14.225 3.90462e+08 4668.94 4668.94 405661 0 1.27801e+08
1259 3.06104 1.3 0.15 8.72463e+07 3514.5 8.72428e+07 113.979 21.615 14.115 3.86855e+08 4668.94 4668.94 405661 0 1.27435e+08
1260 3.22215 0.7 -0.45 3.86875e+08 3514.5 3.86871e+08 60.0208 82.8009 75.3009 2.05627e+09 2514.05 2514.05 723266 0 4.42138e+08
1261 3.22215 0.7 -0.35 3.86875e+08 3514.5 3.86871e+08 60.0208 82.8009 75.3009 2.05627e+09 2514.05 2514.05 723266 0 4.42138e+08
1262 3.22215 0.7 -0.25 3.86875e+08 3514.5 3.86871e+08 60.0208 82.8009 75.3009 2.05627e+09 2514.05 2514.05 723266 0 4.42138e+08
1263 3.22215 0.7 -0.15 3.86875e+08 3514.5 3.86871e+08 60.0208 82.8009 75.3009 2.05627e+09 2514.05 2514.05 723266 0 4.42138e+08
1264 3.22215 0.7 -0.05 3.86875e+08 3514.5 3.86871e+08 60.0208 82.8009 75.3009 2.05627e+09 2514.05 2514.05 723266 0 4.42138e+08
1265 3.22215 0.7 0.05 3.86875e+08 3514.5 3.86871e+08 60.0208 82.8009 75.3009 2.05627e+09 2514.05 2514.05 723266 0 4.42138e+08
1266 3.22215 0.7 0.15 3.86875e+08 3514.5 3.86871e+08 60.0208 82.8009 75.3009 2.05627e+09 2514.05 2514.05 723266 0 4.42138e+08
1267 3.22215 0.775 -0.45 3.86875e+08 3514.5 3.86871e+08 60.0208 82.8009 75.3009 2.05627e+09 2783.41 2783.41 672831 0 4.42138e+08
1268 3.22215 0.775 -0.35 3.86875e+08 3514.5 3.86871e+08 60.0208 82.8009 75.3009 2.05627e+09 2783.41 2783.41 672831 0 4.42138e+08
1269 3.22215 0.775 -0.25 3.86875e+08 3514.5 3.86871e+08 60.0208 82.8009 75.3009 2.05627e+09 2783.41 2783.41 672831 0 4.42138e+08
1270 3.22215 0.775 -0.15 3.86875e+08 3514.5 3.86871e+08 60.0208 82.8009 75.3009 2.05627e+09 2783.41 2783.41 672831 0 4.42138e+08
1271 3.22215 0.775 -0.05 3.86875e+08 3514.5 3.86871e+08 60.0208 82.8009 75.3009 2.05627e+09 2783.41 2783.41 672831 0 4.42138e+08
1272 3.22215 0.775 0.05 3.86875e+08 3514.5 3.86871e+08 60.0208 82.8009 75.3009 2.05627e+09 2783.41 2783.41 672831 0 4.42138e+08
1273 3.22215 0.775 0.15 3.86875e+08 3514.5 3.86871e+08 60.0208 82.8009 75.3009 2.05627e+09 2783.41 2783.41 672831 0 4.42138e+08
1274 3.22215 0.85 -0.45 3.86875e+08 3514.5 3.86871e+08 60.0208 82.8009 75.3009 2.05627e+09 3052.77 3052.77 625914 0 4.42138e+08
1275 3.22215 0.85 -0.35 3.86875e+08 3514.5 3.86871e+08 60.0208 82.8009 75.3009 2.05627e+09 3052.77 3052.77 625914 0 4.42138e+08
1276 3.22215 0.85 -0.25 3.86875e+08 3514.5 3.86871e+08 60.0208 82.8009 75.3009 2.05627e+09 3052.77 3052.77 625914 0 4.42138e+08
1277 3.22215 0.85 -0.15 3.86875e+08 3514.5 3.86871e+08 60.0208 82.8009 75.3009 2.05627e+09 3052.77 3052.77 625914 0 4.42138e+08
1278 3.22215 0.85 -0.05 3.86875e+08 3514.5 3.86871e+08 60.0208 82.8009 75.3009 2.05627e+09 3052.77 3052.77 625914 0 4.42138e+08
1279 3.22215 0.85 0.05 3.86875e+08 3514.5 3.86871e+08 60.0208 82.8009 75.3009 2.05627e+09 3052.77 3052.77 625914 0 4.42138e+08
1280 3.22215 0.85 0.15 3.86875e+08 3514.5 3.86871e+08 60.0208 82.8009 75.3009 2.05627e+09 3052.77 3052.77 625914 0 4.42138e+08
1281 3.22215 0.925 -0.45 2.67337e+07 3514.5 2.67302e+07 247.021 0.947588 6.55241 1.84979e+08 3322.13 3322.13 582268 0 5.71889e+07
1282 3.22215 0.925 -0.35 2.56607e+07 3514.5 2.56571e+07 251.979 0.978767 6.52123 1.86098e+08 3322.13 3322.13 582268 0 5.61136e+07
1283 3.22215 0.925 -0.25 2.50076e+07 3514.5 2.50041e+07 256.062 1.01545 6.48455 1.87026e+08 3322.13 3322.13 582268 0 5.5458e+07
1284 3.22215 0.925 -0.15 2.46708e+07 3514.5 2.46673e+07 259.042 1.04485 6.45515 1.87693e+08 3322.13 3322.13 582268 0 5.51191e+07
1285 3.22215 0.925 -0.05 2.44959e+07 3514.5 2.44924e+07 260.771 1.05414 6.44586 1.88042e+08 3322.13 3322.13 582268 0 5.49436e+07
1286 3.22215 0.925 0.05 2.43747e+07 3514.5 2.43712e+07 261.188 1.03493 6.46507 1.88042e+08 3322.13 3322.13 582268 0 5.48237e+07
1287 3.22215 0.925 0.15 2.43176e+07 3514.5 2.43141e+07 260.229 0.98944 6.51056 1.87693e+08 3322.13 3322.13 582268 0 5.47698e+07
1288 3.22215 1 -0.45 7.36555e+07 3514.5 7.3652e+07 172.042 14.1077 6.60772 2.24439e+08 3591.49 3591.49 541665 0 1.04115e+08
1289 3.22215 1 -0.35 7.6004e+07 3514.5 7.60005e+07 168.583 14.5953 7.09535 2.273e+08 3591.49 3591.49 541665 0 1.06497e+08
1290 3.22215 1 -0.25 7.78506e+07 3514.5 7.7847e+07 165.896 14.9781 7.47808 2.29688e+08 3591.49 3591.49 541665 0 1.08371e+08
1291 3.22215 1 -0.15 7.91353e+07 3514.5 7.91318e+07 164.042 15.2418 7.74184 2.31414e+08 3591.49 3591.49 541665 0 1.09674e+08
1292 3.22215 1 -0.05 7.98142e+07 3514.5 7.98107e+07 163.062 15.3757 7.87572 2.32322e+08 3591.49 3591.49 541665 0 1.10362e+08
1293 3.22215 1 0.05 7.98642e+07 3514.5 7.98607e+07 163.021 15.3722 7.87223 2.32322e+08 3591.49 3591.49 541665 0 1.10412e+08
1294 3.22215 1 0.15 7.92858e+07 3514.5 7.92823e+07 163.917 15.2311 7.73112 2.31414e+08 3591.49 3591.49 541665 0 1.09823e+08
1295 3.22215 1.075 -0.45 9.4061e+07 3514.5 9.40575e+07 144.583 18.4315 10.9315 2.57394e+08 3860.86 3860.86 503894 0 1.27906e+08
1296 3.22215 1.075 -0.35 9.58762e+07 3514.5 9.58727e+07 141.917 18.8541 11.3541 2.61933e+08 3860.86 3860.86 503894 0 1.30284e+08
1297 3.22215 1.075 -0.25 9.72922e+07 3514.5 9.72887e+07 139.812 19.1901 11.6901 2.65745e+08 3860.86 3860.86 503894 0 1.32144e+08
1298 3.22215 1.075 -0.15 9.82701e+07 3514.5 9.82666e+07 138.354 19.4241 11.9241 2.68515e+08 3860.86 3860.86 503894 0 1.3343e+08
1299 3.22215 1.075 -0.05 9.87822e+07 3514.5 9.87787e+07 137.583 19.5446 12.0446 2.69977e+08 3860.86 3860.86 503894 0 1.34105e+08
1300 3.22215 1.075 0.05 9.88151e+07 3514.5 9.88116e+07 137.521 19.5449 12.0449 2.69977e+08 3860.86 3860.86 503894 0 1.34151e+08
1301 3.22215 1.075 0.15 9.8371e+07 3514.5 9.83675e+07 138.167 19.4247 11.9247 2.68515e+08 3860.86 3860.86 503894 0 1.33569e+08
1302 3.22215 1.15 -0.45 1.05272e+08 3514.5 1.05268e+08 129.979 20.9902 13.4902 2.89798e+08 4130.22 4130.22 468756 0 1.42217e+08
1303 3.22215 1.15 -0.35 1.06734e+08 3514.5 1.0673e+08 127.688 21.3913 13.8913 2.96192e+08 4130.22 4130.22 468756 0 1.44165e+08
1304 3.22215 1.15 -0.25 1.07864e+08 3514.5 1.0786e+08 125.875 21.7122 14.2122 3.01596e+08 4130.22 4130.22 468756 0 1.4568e+08
1305 3.22215 1.15 -0.15 1.08637e+08 3514.5 1.08633e+08 124.604 21.9375 14.4375 3.05542e+08 4130.22 4130.22 468756 0 1.46723e+08
1306 3.22215 1.15 -0.05 1.09035e+08 3514.5 1.09031e+08 123.917 22.0551 14.5551 3.0763e+08 4130.22 4130.22 468756 0 1.47267e+08
1307 3.22215 1.15 0.05 1.0905e+08 3514.5 1.09047e+08 123.854 22.0577 14.5577 3.0763e+08 4130.22 4130.22 468756 0 1.47295e+08
1308 3.22215 1.15 0.15 1.08686e+08 3514.5 1.08683e+08 124.396 21.9456 14.4456 3.05542e+08 4130.22 4130.22 468756 0 1.46815e+08
1309 3.22215 1.225 -0.45 1.12674e+08 3514.5 1.1267e+08 120.271 22.8395 15.3395 3.23423e+08 4399.58 4399.58 436069 0 1.5169e+08
1310 3.22215 1.225 -0.35 1.13868e+08 3514.5 1.13864e+08 118.208 23.232 15.732 3.31962e+08 4399.58 4399.58 436069 0 1.53324e+08
1311 3.22215 1.225 -0.25 1.14781e+08 3514.5 1.14777e+08 116.583 23.547 16.047 3.39224e+08 4399.58 4399.58 436069 0 1.54584e+08
1312 3.22215 1.225 -0.15 1.15397e+08 3514.5 1.15394e+08 115.438 23.7693 16.2693 3.44554e+08 4399.58 4399.58 436069 0 1.55445e+08
1313 3.22215 1.225 -0.05 1.15707e+08 3514.5 1.15704e+08 114.833 23.8858 16.3858 3.47384e+08 4399.58 4399.58 436069 0 1.55884e+08
1314 3.22215 1.225 0.05 1.15708e+08 3514.5 1.15705e+08 114.75 23.8908 16.3908 3.47384e+08 4399.58 4399.58 436069 0 1.55902e+08
1315 3.22215 1.225 0.15 1.15402e+08 3514.5 1.15399e+08 115.229 23.7828 16.2828 3.44554e+08 4399.58 4399.58 436069 0 1.55493e+08
1316 3.22215 1.3 -0.45 1.18043e+08 3514.5 1.18039e+08 113.083 24.3076 16.8076 3.59355e+08 4668.94 4668.94 405661 0 1.58599e+08
1317 3.22215 1.3 -0.35 1.19019e+08 3514.5 1.19015e+08 111.208 24.6961 17.1961 3.70436e+08 4668.94 4668.94 405661 0 1.59977e+08
1318 3.22215 1.3 -0.25 1.19755e+08 3514.5 1.19752e+08 109.708 25.0094 17.5094 3.79926e+08 4668.94 4668.94 405661 0 1.61036e+08
1319 3.22215 1.3 -0.15 1.20244e+08 3514.5 1.20241e+08 108.667 25.2308 17.7308 3.86854e+08 4668.94 4668.94 405661 0 1.61749e+08
1320 3.22215 1.3 -0.05 1.20482e+08 3514.5 1.20479e+08 108.104 25.348 17.848 3.90461e+08 4668.94 4668.94 405661 0 1.62107e+08
1321 3.22215 1.3 0.05 1.2047e+08 3514.5 1.20467e+08 108.042 25.3539 17.8539 3.90461e+08 4668.94 4668.94 405661 0 1.62108e+08
1322 3.22215 1.3 0.15 1.20211e+08 3514.5 1.20207e+08 108.479 25.2481 17.7481 3.86854e+08 4668.94 4668.94 405661 0 1.61754e+08
1323 3.38325 0.7 -0.45 3.8877e+08 3514.5 3.88766e+08 60.0208 80.2156 72.7156 2.05722e+09 2514.05 2514.05 723266 0 4.43852e+08
1324 3.38325 0.7 -0.35 3.8877e+08 3514.5 3.88766e+08 60.0208 80.2156 72.7156 2.05722e+09 2514.05 2514.05 723266 0 4.43852e+08
1325 3.38325 0.7 -0.25 3.8877e+08 3514.5 3.88766e+08 60.0208 80.2156 72.7156 2.05722e+09 2514.05 2514.05 723266 0 4.43852e+08
1326 3.38325 0.7 -0.15 3.8877e+08 3514.5 3.88766e+08 60.0208 80.2156 72.7156 2.05722e+09 2514.05 2514.05 723266 0 4.43852e+08
1327 3.38325 0.7 -0.05 3.8877e+08 3514.5 3.88766e+08 60.0208 80.2156 72.7156 2.05722e+09 2514.05 2514.05 723266 0 4.43852e+08
1328 3.38325 0.7 0.05 3.8877e+08 3514.5 3.88766e+08 60.0208 80.2156 72.7156 2.05722e+09 2514.05 2514.05 723266 0 4.43852e+08
1329 3.38325 0.7 0.15 3.8877e+08 3514.5 3.88766e+08 60.0208 80.2156 72.7156 2.05722e+09 2514.05 2514.05 723266 0 4.43852e+08
1330 3.38325 0.775 -0.45 3.8877e+08 3514.5 3.88766e+08 60.0208 80.2156 72.7156 2.05722e+09 2783.41 2783.41 672831 0 4.43852e+08
1331 3.38325 0.775 -0.35 3.8877e+08 3514.5 3.88766e+08 60.0208 80.2156 72.7156 2.05722e+09 2783.41 2783.41 672831 0 4.43852e+08
1332 3.38325 0.775 -0.25 3.8877e+08 3514.5 3.88766e+08 60.0208 80.2156 72.7156 2.05722e+09 2783.41 2783.41 672831 0 4.43852e+08
1333 3.38325 0.775 -0.15 3.8877e+08 3514.5 3.88766e+08 60.0208 80.2156 72.7156 2.05722e+09 2783.41 2783.41 672831 0 4.43852e+08
1334 3.38325 0.775 -0.05 3.8877e+08 3514.5 3.88766e+08 60.0208 80.2156 72.7156 2.05722e+09 2783.41 2783.41 672831 0 4.43852e+08
1335 3.38325 0.775 0.05 3.8877e+08 3514.5 3.88766e+08 60.0208 80.2156 72.7156 2.05722e+09 2783.41 2783.41 672831 0 4.43852e+08
1336 3.38325 0.775 0.15 3.8877e+08 3514.5 3.88766e+08 60.0208 80.2156 72.7156 2.05722e+09 2783.41 2783.41 672831 0 4.43852e+08
1337 3.38325 0.85 -0.45 3.8877e+08 3514.5 3.88766e+08 60.0208 80.2156 72.7156 2.05722e+09 3052.77 3052.77 625914 0 4.43852e+08
1338 3.38325 0.85 -0.35 3.8877e+08 3514.5 3.88766e+08 60.0208 80.2156 72.7156 2.05722e+09 3052.77 3052.77 625914 0 4.43852e+08
1339 3.38325 0.85 -0.25 3.8877e+08 3514.5 3.88766e+08 60.0208 80.2156 72.7156 2.05722e+09 3052.77 3052.77 625914 0 4.43852e+08
1340 3.38325 0.85 -0.15 3.8877e+08 3514.5 3.88766e+08 60.0208 80.2156 72.7156 2.05722e+09 3052.77 3052.77 625914 0 4.43852e+08
1341 3.38325 0.85 -0.05 3.8877e+08 3514.5 3.88766e+08 60.0208 80.2156 72.7156 2.05722e+09 3052.77 3052.77 625914 0 4.43852e+08
1342 3.38325 0.85 0.05 3.8877e+08 3514.5 3.88766e+08 60.0208 80.2156 72.7156 2.05722e+09 3052.77 3052.77 625914 0 4.43852e+08
1343 3.38325 0.85 0.15 3.8877e+08 3514.5 3.88766e+08 60.0208 80.2156 72.7156 2.05722e+09 3052.77 3052.77 625914 0 4.43852e+08
1344 3.38325 0.925 -0.45 3.98324e+07 3514.5 3.98289e+07 303.771 0.714432 6.78557 1.84978e+08 3322.13 3322.13 582268 0 7.03038e+07
1345 3.38325 0.925 -0.35 4.14142e+07 3514.5 4.14106e+07 311.625 1.01499 6.48501 1.86098e+08 3322.13 3322.13 582268 0 7.18646e+07
1346 3.38325 0.925 -0.25 4.2821e+07 3514.5 4.28175e+07 318.229 1.28869 6.21131 1.87026e+08 3322.13 3322.13 582268 0 7.32522e+07
1347 3.38325 0.925 -0.15 4.38606e+07 3514.5 4.38571e+07 322.938 1.49065 6.00935 1.87692e+08 3322.13 3322.13 582268 0 7.45715e+07
1348 3.38325 0.925 -0.05 4.43833e+07 3514.5 4.43798e+07 325.354 1.59478 5.90522 1.88042e+08 3322.13 3322.13 582268 0 7.53286e+07
1349 3.38325 0.925 0.05 4.43045e+07 3514.5 4.4301e+07 325.25 1.58669 5.91331 1.88042e+08 3322.13 3322.13 582268 0 7.52399e+07
1350 3.38325 0.925 0.15 4.36178e+07 3514.5 4.36143e+07 322.646 1.47286 6.02714 1.87692e+08 3322.13 3322.13 582268 0 7.43008e+07
1351 3.38325 1 -0.45 1.08322e+08 3514.5 1.08319e+08 162.521 18.3796 10.8796 2.24439e+08 3591.49 3591.49 541665 0 1.3908e+08
1352 3.38325 1 -0.35 1.10542e+08 3514.5 1.10538e+08 159.354 18.8336 11.3336 2.273e+08 3591.49 3591.49 541665 0 1.41461e+08
1353 3.38325 1 -0.25 1.12288e+08 3514.5 1.12284e+08 156.875 19.1913 11.6913 2.29687e+08 3591.49 3591.49 541665 0 1.43728e+08
1354 3.38325 1 -0.15 1.13502e+08 3514.5 1.13499e+08 155.167 19.4383 11.9383 2.31414e+08 3591.49 3591.49 541665 0 1.45301e+08
1355 3.38325 1 -0.05 1.14143e+08 3514.5 1.14139e+08 154.292 19.5635 12.0635 2.32322e+08 3591.49 3591.49 541665 0 1.46125e+08
1356 3.38325 1 0.05 1.14186e+08 3514.5 1.14182e+08 154.25 19.562 12.062 2.32322e+08 3591.49 3591.49 541665 0 1.46177e+08
1357 3.38325 1 0.15 1.13632e+08 3514.5 1.13628e+08 155.083 19.4319 11.9319 2.31414e+08 3591.49 3591.49 541665 0 1.45447e+08
1358 3.38325 1.075 -0.45 1.27484e+08 3514.5 1.27481e+08 136.917 22.4158 14.9158 2.57394e+08 3860.86 3860.86 503894 0 1.63141e+08
1359 3.38325 1.075 -0.35 1.29219e+08 3514.5 1.29216e+08 134.438 22.8153 15.3153 2.61933e+08 3860.86 3860.86 503894 0 1.654e+08
1360 3.38325 1.075 -0.25 1.30578e+08 3514.5 1.30574e+08 132.479 23.1335 15.6335 2.65745e+08 3860.86 3860.86 503894 0 1.67173e+08
1361 3.38325 1.075 -0.15 1.3152e+08 3514.5 1.31516e+08 131.125 23.3555 15.8555 2.68515e+08 3860.86 3860.86 503894 0 1.68401e+08
1362 3.38325 1.075 -0.05 1.32016e+08 3514.5 1.32012e+08 130.396 23.4708 15.9708 2.69977e+08 3860.86 3860.86 503894 0 1.69051e+08
1363 3.38325 1.075 0.05 1.32052e+08 3514.5 1.32048e+08 130.354 23.4717 15.9717 2.69977e+08 3860.86 3860.86 503894 0 1.69095e+08
1364 3.38325 1.075 0.15 1.31628e+08 3514.5 1.31625e+08 130.958 23.3594 15.8594 2.68515e+08 3860.86 3860.86 503894 0 1.68543e+08
1365 3.38325 1.15 -0.45 1.37979e+08 3514.5 1.37976e+08 123.167 24.8322 17.3322 2.89798e+08 4130.22 4130.22 468756 0 1.76556e+08
1366 3.38325 1.15 -0.35 1.39403e+08 3514.5 1.394e+08 121 25.2153 17.7153 2.96192e+08 4130.22 4130.22 468756 0 1.7844e+08
1367 3.38325 1.15 -0.25 1.40512e+08 3514.5 1.40508e+08 119.312 25.5213 18.0213 3.01596e+08 4130.22 4130.22 468756 0 1.79907e+08
1368 3.38325 1.15 -0.15 1.41275e+08 3514.5 1.41272e+08 118.125 25.7367 18.2367 3.05542e+08 4130.22 4130.22 468756 0 1.80924e+08
1369 3.38325 1.15 -0.05 1.41675e+08 3514.5 1.41672e+08 117.479 25.8498 18.3498 3.0763e+08 4130.22 4130.22 468756 0 1.8146e+08
1370 3.38325 1.15 0.05 1.41701e+08 3514.5 1.41698e+08 117.438 25.8526 18.3526 3.0763e+08 4130.22 4130.22 468756 0 1.81495e+08
1371 3.38325 1.15 0.15 1.41355e+08 3514.5 1.41351e+08 117.958 25.7464 18.2464 3.05542e+08 4130.22 4130.22 468756 0 1.81037e+08
1372 3.38325 1.225 -0.45 1.44904e+08 3514.5 1.449e+08 113.979 26.5914 19.0914 3.23423e+08 4399.58 4399.58 436069 0 1.85441e+08
1373 3.38325 1.225 -0.35 1.46095e+08 3514.5 1.46091e+08 112.042 26.9677 19.4677 3.31961e+08 4399.58 4399.58 436069 0 1.87045e+08
1374 3.38325 1.225 -0.25 1.47015e+08 3514.5 1.47011e+08 110.5 27.2707 19.7707 3.39224e+08 4399.58 4399.58 436069 0 1.88295e+08
1375 3.38325 1.225 -0.15 1.47645e+08 3514.5 1.47641e+08 109.438 27.4839 19.9839 3.44553e+08 4399.58 4399.58 436069 0 1.89152e+08
1376 3.38325 1.225 -0.05 1.47971e+08 3514.5 1.47967e+08 108.854 27.5969 20.0969 3.47384e+08 4399.58 4399.58 436069 0 1.89603e+08
1377 3.38325 1.225 0.05 1.47988e+08 3514.5 1.47984e+08 108.792 27.6021 20.1021 3.47384e+08 4399.58 4399.58 436069 0 1.89633e+08
1378 3.38325 1.225 0.15 1.47697e+08 3514.5 1.47693e+08 109.25 27.4992 19.9992 3.44553e+08 4399.58 4399.58 436069 0 1.89243e+08
1379 3.38325 1.3 -0.45 1.49926e+08 3514.5 1.49922e+08 107.167 27.9952 20.4952 3.59355e+08 4668.94 4668.94 405661 0 1.91924e+08
1380 3.38325 1.3 -0.35 1.50928e+08 3514.5 1.50925e+08 105.396 28.3694 20.8694 3.70436e+08 4668.94 4668.94 405661 0 1.93306e+08
1381 3.38325 1.3 -0.25 1.51696e+08 3514.5 1.51693e+08 103.979 28.6717 21.1717 3.79926e+08 4668.94 4668.94 405661 0 1.94379e+08
1382 3.38325 1.3 -0.15 1.52217e+08 3514.5 1.52214e+08 103 28.8854 21.3854 3.86854e+08 4668.94 4668.94 405661 0 1.95111e+08
1383 3.38325 1.3 -0.05 1.52484e+08 3514.5 1.5248e+08 102.479 28.9986 21.4986 3.90461e+08 4668.94 4668.94 405661 0 1.95489e+08
1384 3.38325 1.3 0.05 1.52492e+08 3514.5 1.52488e+08 102.417 29.0052 21.5052 3.90461e+08 4668.94 4668.94 405661 0 1.9551e+08
1385 3.38325 1.3 0.15 1.52245e+08 3514.5 1.52241e+08 102.833 28.9039 21.4039 3.86854e+08 4668.94 4668.94 405661 0 1.95173e+08
1386 3.54436 0.7 -0.45 3.88487e+08 3514.5 3.88483e+08 60.0208 77.2888 69.7888 2.0578e+09 2514.05 2514.05 723266 0 4.43364e+08
1387 3.54436 0.7 -0.35 3.88487e+08 3514.5 3.88483e+08 60.0208 77.2888 69.7888 2.0578e+09 2514.05 2514.05 723266 0 4.43364e+08
1388 3.54436 0.7 -0.25 3.88487e+08 3514.5 3.88483e+08 60.0208 77.2888 69.7888 2.0578e+09 2514.05 2514.05 723266 0 4.43364e+08
1389 3.54436 0.7 -0.15 3.88487e+08 3514.5 3.88483e+08 60.0208 77.2888 69.7888 2.0578e+09 2514.05 2514.05 723266 0 4.43364e+08
1390 3.54436 0.7 -0.05 3.88487e+08 3514.5 3.88483e+08 60.0208 77.2888 69.7888 2.0578e+09 2514.05 2514.05 723266 0 4.43364e+08
1391 3.54436 0.7 0.05 3.88487e+08 3514.5 3.88483e+08 60.0208 77.2888 69.7888 2.0578e+09 2514.05 2514.05 723266 0 4.43364e+08
1392 3.54436 0.7 0.15 3.88487e+08 3514.5 3.88483e+08 60.0208 77.2888 69.7888 2.0578e+09 2514.05 2514.05 723266 0 4.43364e+08
1393 3.54436 0.775 -0.45 3.88487e+08 3514.5 3.88483e+08 60.0208 77.2888 69.7888 2.0578e+09 2783.41 2783.41 672831 0 4.43364e+08
1394 3.54436 0.775 -0.35 3.88487e+08 3514.5 3.88483e+08 60.0208 77.2888 69.7888 2.0578e+09 2783.41 2783.41 672831 0 4.43364e+08
1395 3.54436 0.775 -0.25 3.88487e+08 3514.5 3.88483e+08 60.0208 77.2888 69.7888 2.0578e+09 2783.41 2783.41 672831 0 4.43364e+08
1396 3.54436 0.775 -0.15 3.88487e+08 3514.5 3.88483e+08 60.0208 77.2888 69.7888 2.0578e+09 2783.41 2783.41 672831 0 4.43364e+08
1397 3.54436 0.775 -0.05 3.88487e+08 3514.5 3.88483e+08 60.0208 77.2888 69.7888 2.0578e+09 2783.41 2783.41 672831 0 4.43364e+08
1398 3.54436 0.775 0.05 3.88487e+08 3514.5 3.88483e+08 60.0208 77.2888 69.7888 2.0578e+09 2783.41 2783.41 672831 0 4.43364e+08
1399 3.54436 0.775 0.15 3.88487e+08 3514.5 3.88483e+08 60.0208 77.2888 69.7888 2.0578e+09 2783.41 2783.41 672831 0 4.43364e+08
1400 3.54436 0.85 -0.45 3.88487e+08 3514.5 3.88483e+08 60.0208 77.2888 69.7888 2.0578e+09 3052.77 3052.77 625914 0 4.43364e+08
1401 3.54436 0.85 -0.35 3.88487e+08 3514.5 3.88483e+08 60.0208 77.2888 69.7888 2.0578e+09 3052.77 3052.77 625914 0 4.43364e+08
1402 3.54436 0.85 -0.25 3.88487e+08 3514.5 3.88483e+08 60.0208 77.2888 69.7888 2.0578e+09 3052.77 3052.77 625914 0 4.43364e+08
1403 3.54436 0.85 -0.15 3.88487e+08 3514.5 3.88483e+08 60.0208 77.2888 69.7888 2.0578e+09 3052.77 3052.77 625914 0 4.43364e+08
1404 3.54436 0.85 -0.05 3.88487e+08 3514.5 3.88483e+08 60.0208 77.2888 69.7888 2.0578e+09 3052.77 3052.77 625914 0 4.43364e+08
1405 3.54436 0.85 0.05 3.88487e+08 3514.5 3.88483e+08 60.0208 77.2888 69.7888 2.0578e+09 3052.77 3052.77 625914 0 4.43364e+08
1406 3.54436 0.85 0.15 3.88487e+08 3514.5 3.88483e+08 60.0208 77.2888 69.7888 2.0578e+09 3052.77 3052.77 625914 0 4.43364e+08
1407 3.54436 0.925 -0.45 5.78604e+07 3514.5 5.78569e+07 352.104 3.94224 3.55776 1.84978e+08 3322.13 3322.13 582268 0 9.13164e+07
1408 3.54436 0.925 -0.35 5.9493e+07 3514.5 5.94895e+07 358.188 4.22909 3.27091 1.86098e+08 3322.13 3322.13 582268 0 9.35372e+07
1409 3.54436 0.925 -0.25 6.08534e+07 3514.5 6.08499e+07 363.146 4.46181 3.03819 1.87025e+08 3322.13 3322.13 582268 0 9.53772e+07
1410 3.54436 0.925 -0.15 6.18315e+07 3514.5 6.18279e+07 366.646 4.62151 2.87849 1.87692e+08 3322.13 3322.13 582268 0 9.6694e+07
1411 3.54436 0.925 -0.05 6.23401e+07 3514.5 6.23366e+07 368.458 4.69795 2.80205 1.88042e+08 3322.13 3322.13 582268 0 9.73786e+07
1412 3.54436 0.925 0.05 6.23297e+07 3514.5 6.23262e+07 368.417 4.68133 2.81867 1.88042e+08 3322.13 3322.13 582268 0 9.73652e+07
1413 3.54436 0.925 0.15 6.17962e+07 3514.5 6.17927e+07 366.521 4.57249 2.92751 1.87692e+08 3322.13 3322.13 582268 0 9.66497e+07
1414 3.54436 1 -0.45 1.42225e+08 3514.5 1.42222e+08 153.667 22.6485 15.1485 2.24438e+08 3591.49 3591.49 541665 0 1.74549e+08
1415 3.54436 1 -0.35 1.44291e+08 3514.5 1.44288e+08 150.708 23.0699 15.5699 2.27299e+08 3591.49 3591.49 541665 0 1.77236e+08
1416 3.54436 1 -0.25 1.45917e+08 3514.5 1.45914e+08 148.375 23.4033 15.9033 2.29687e+08 3591.49 3591.49 541665 0 1.79352e+08
1417 3.54436 1 -0.15 1.47049e+08 3514.5 1.47046e+08 146.771 23.6338 16.1338 2.31414e+08 3591.49 3591.49 541665 0 1.80821e+08
1418 3.54436 1 -0.05 1.47646e+08 3514.5 1.47643e+08 145.958 23.7508 16.2508 2.32321e+08 3591.49 3591.49 541665 0 1.81589e+08
1419 3.54436 1 0.05 1.47686e+08 3514.5 1.47682e+08 145.917 23.7506 16.2506 2.32321e+08 3591.49 3591.49 541665 0 1.81637e+08
1420 3.54436 1 0.15 1.47168e+08 3514.5 1.47165e+08 146.708 23.6304 16.1304 2.31414e+08 3591.49 3591.49 541665 0 1.80952e+08
1421 3.54436 1.075 -0.45 1.5999e+08 3514.5 1.59986e+08 129.458 26.4073 18.9073 2.57393e+08 3860.86 3860.86 503894 0 1.97418e+08
1422 3.54436 1.075 -0.35 1.61619e+08 3514.5 1.61615e+08 127.125 26.7834 19.2834 2.61932e+08 3860.86 3860.86 503894 0 1.9954e+08
1423 3.54436 1.075 -0.25 1.62897e+08 3514.5 1.62894e+08 125.271 27.0841 19.5841 2.65745e+08 3860.86 3860.86 503894 0 2.0121e+08
1424 3.54436 1.075 -0.15 1.63786e+08 3514.5 1.63782e+08 124 27.2937 19.7937 2.68515e+08 3860.86 3860.86 503894 0 2.02368e+08
1425 3.54436 1.075 -0.05 1.64257e+08 3514.5 1.64253e+08 123.312 27.4033 19.9033 2.69976e+08 3860.86 3860.86 503894 0 2.02984e+08
1426 3.54436 1.075 0.05 1.64294e+08 3514.5 1.64291e+08 123.271 27.4051 19.9051 2.69976e+08 3860.86 3860.86 503894 0 2.0303e+08
1427 3.54436 1.075 0.15 1.63899e+08 3514.5 1.63896e+08 123.875 27.2989 19.7989 2.68515e+08 3860.86 3860.86 503894 0 2.02506e+08
1428 3.54436 1.15 -0.45 1.69709e+08 3514.5 1.69705e+08 116.375 28.6826 21.1826 2.89798e+08 4130.22 4130.22 468756 0 2.09913e+08
1429 3.54436 1.15 -0.35 1.71062e+08 3514.5 1.71058e+08 114.354 29.0455 21.5455 2.96192e+08 4130.22 4130.22 468756 0 2.11696e+08
1430 3.54436 1.15 -0.25 1.7212e+08 3514.5 1.72116e+08 112.729 29.3378 21.8378 3.01596e+08 4130.22 4130.22 468756 0 2.13099e+08
1431 3.54436 1.15 -0.15 1.72853e+08 3514.5 1.72849e+08 111.625 29.5423 22.0423 3.05541e+08 4130.22 4130.22 468756 0 2.14067e+08
1432 3.54436 1.15 -0.05 1.73241e+08 3514.5 1.73237e+08 111.021 29.6504 22.1504 3.0763e+08 4130.22 4130.22 468756 0 2.14584e+08
1433 3.54436 1.15 0.05 1.73273e+08 3514.5 1.73269e+08 110.979 29.6539 22.1539 3.0763e+08 4130.22 4130.22 468756 0 2.14624e+08
1434 3.54436 1.15 0.15 1.7295e+08 3514.5 1.72946e+08 111.479 29.5535 22.0535 3.05541e+08 4130.22 4130.22 468756 0 2.14194e+08
1435 3.54436 1.225 -0.45 1.7612e+08 3514.5 1.76116e+08 107.646 30.3495 22.8495 3.23423e+08 4399.58 4399.58 436069 0 2.18187e+08
1436 3.54436 1.225 -0.35 1.77269e+08 3514.5 1.77265e+08 105.792 30.71 23.21 3.31961e+08 4399.58 4399.58 436069 0 2.19732e+08
1437 3.54436 1.225 -0.25 1.78162e+08 3514.5 1.78159e+08 104.354 30.999 23.499 3.39224e+08 4399.58 4399.58 436069 0 2.20933e+08
1438 3.54436 1.225 -0.15 1.78779e+08 3514.5 1.78776e+08 103.333 31.204 23.704 3.44553e+08 4399.58 4399.58 436069 0 2.21768e+08
1439 3.54436 1.225 -0.05 1.79105e+08 3514.5 1.79101e+08 102.792 31.3123 23.8123 3.47383e+08 4399.58 4399.58 436069 0 2.2221e+08
1440 3.54436 1.225 0.05 1.79131e+08 3514.5 1.79128e+08 102.729 31.3183 23.8183 3.47383e+08 4399.58 4399.58 436069 0 2.22249e+08
1441 3.54436 1.225 0.15 1.7886e+08 3514.5 1.78856e+08 103.188 31.2196 23.7196 3.44553e+08 4399.58 4399.58 436069 0 2.21879e+08
1442 3.54436 1.3 -0.45 1.8077e+08 3514.5 1.80767e+08 101.167 31.6867 24.1867 3.59355e+08 4668.94 4668.94 405661 0 2.24227e+08
1443 3.54436 1.3 -0.35 1.81755e+08 3514.5 1.81752e+08 99.4792 32.0463 24.5463 3.70436e+08 4668.94 4668.94 405661 0 2.25574e+08
1444 3.54436 1.3 -0.25 1.82517e+08 3514.5 1.82513e+08 98.125 32.3376 24.8376 3.79925e+08 4668.94 4668.94 405661 0 2.26627e+08
1445 3.54436 1.3 -0.15 1.8304e+08 3514.5 1.83037e+08 97.1875 32.5437 25.0437 3.86853e+08 4668.94 4668.94 405661 0 2.27352e+08
1446 3.54436 1.3 -0.05 1.83315e+08 3514.5 1.83311e+08 96.6875 32.6534 25.1534 3.90461e+08 4668.94 4668.94 405661 0 2.27735e+08
1447 3.54436 1.3 0.05 1.83336e+08 3514.5 1.83333e+08 96.6458 32.6596 25.1596 3.90461e+08 4668.94 4668.94 405661 0 2.27765e+08
1448 3.54436 1.3 0.15 1.83105e+08 3514.5 1.83102e+08 97.0417 32.5631 25.0631 3.86853e+08 4668.94 4668.94 405661 0 2.27448e+08
1449 3.70547 0.7 -0.45 3.85925e+08 3514.5 3.85922e+08 60.0208 74.0342 66.5342 2.05815e+09 2514.05 2514.05 723266 0 4.40575e+08
1450 3.70547 0.7 -0.35 3.85925e+08 3514.5 3.85922e+08 60.0208 74.0342 66.5342 2.05815e+09 2514.05 2514.05 723266 0 4.40575e+08
1451 3.70547 0.7 -0.25 3.85925e+08 3514.5 3.85922e+08 60.0208 74.0342 66.5342 2.05815e+09 2514.05 2514.05 723266 0 4.40575e+08
1452 3.70547 0.7 -0.15 3.85925e+08 3514.5 3.85922e+08 60.0208 74.0342 66.5342 2.05815e+09 2514.05 2514.05 723266 0 4.40575e+08
1453 3.70547 0.7 -0.05 3.85925e+08 3514.5 3.85922e+08 60.0208 74.0342 66.5342 2.05815e+09 2514.05 2514.05 723266 0 4.40575e+08
1454 3.70547 0.7 0.05 3.85925e+08 3514.5 3.85922e+08 60.0208 74.0342 66.5342 2.05815e+09 2514.05 2514.05 723266 0 4.40575e+08
1455 3.70547 0.7 0.15 3.85925e+08 3514.5 3.85922e+08 60.0208 74.0342 66.5342 2.05815e+09 2514.05 2514.05 723266 0 4.40575e+08
1456 3.70547 0.775 -0.45 3.85925e+08 3514.5 3.85922e+08 60.0208 74.0342 66.5342 2.05815e+09 2783.41 2783.41 672831 0 4.40575e+08
1457 3.70547 0.775 -0.35 3.85925e+08 3514.5 3.85922e+08 60.0208 74.0342 66.5342 2.05815e+09 2783.41 2783.41 672831 0 4.40575e+08
1458 3.70547 0.775 -0.25 3.85925e+08 3514.5 3.85922e+08 60.0208 74.0342 66.5342 2.05815e+09 2783.41 2783.41 672831 0 4.40575e+08
1459 3.70547 0.775 -0.15 3.85925e+08 3514.5 3.85922e+08 60.0208 74.0342 66.5342 2.05815e+09 2783.41 2783.41 672831 0 4.40575e+08
1460 3.70547 0.775 -0.05 3.85925e+08 3514.5 3.85922e+08 60.0208 74.0342 66.5342 2.05815e+09 2783.41 2783.41 672831 0 4.40575e+08
1461 3.70547 0.775 0.05 3.85925e+08 3514.5 3.85922e+08 60.0208 74.0342 66.5342 2.05815e+09 2783.41 2783.41 672831 0 4.40575e+08
1462 3.70547 0.775 0.15 3.85925e+08 3514.5 3.85922e+08 60.0208 74.0342 66.5342 2.05815e+09 2783.41 2783.41 672831 0 4.40575e+08
1463 3.70547 0.85 -0.45 3.85925e+08 3514.5 3.85922e+08 60.0208 74.0342 66.5342 2.05815e+09 3052.77 3052.77 625914 0 4.40575e+08
1464 3.70547 0.85 -0.35 3.85925e+08 3514.5 3.85922e+08 60.0208 74.0342 66.5342 2.05815e+09 3052.77 3052.77 625914 0 4.40575e+08
1465 3.70547 0.85 -0.25 3.85925e+08 3514.5 3.85922e+08 60.0208 74.0342 66.5342 2.05815e+09 3052.77 3052.77 625914 0 4.40575e+08
1466 3.70547 0.85 -0.15 3.85925e+08 3514.5 3.85922e+08 60.0208 74.0342 66.5342 2.05815e+09 3052.77 3052.77 625914 0 4.40575e+08
1467 3.70547 0.85 -0.05 3.85925e+08 3514.5 3.85922e+08 60.0208 74.0342 66.5342 2.05815e+09 3052.77 3052.77 625914 0 4.40575e+08
1468 3.70547 0.85 0.05 3.85925e+08 3514.5 3.85922e+08 60.0208 74.0342 66.5342 2.05815e+09 3052.77 3052.77 625914 0 4.40575e+08
1469 3.70547 0.85 0.15 3.85925e+08 3514.5 3.85922e+08 60.0208 74.0342 66.5342 2.05815e+09 3052.77 3052.77 625914 0 4.40575e+08
1470 3.70547 0.925 -0.45 7.17402e+07 3514.5 7.17367e+07 381.833 6.13275 1.36725 1.84978e+08 3322.13 3322.13 582268 0 1.08016e+08
1471 3.70547 0.925 -0.35 7.31176e+07 3514.5 7.31141e+07 386.958 6.35446 1.14554 1.86098e+08 3322.13 3322.13 582268 0 1.0989e+08
1472 3.70547 0.925 -0.25 7.42468e+07 3514.5 7.42432e+07 391.167 6.53229 0.967712 1.87025e+08 3322.13 3322.13 582268 0 1.11428e+08
1473 3.70547 0.925 -0.15 7.50525e+07 3514.5 7.5049e+07 394.167 6.65383 0.846174 1.87692e+08 3322.13 3322.13 582268 0 1.12525e+08
1474 3.70547 0.925 -0.05 7.54768e+07 3514.5 7.54733e+07 395.729 6.71029 0.789705 1.88042e+08 3322.13 3322.13 582268 0 1.13101e+08
1475 3.70547 0.925 0.05 7.54877e+07 3514.5 7.54842e+07 395.708 6.69527 0.804731 1.88042e+08 3322.13 3322.13 582268 0 1.13111e+08
1476 3.70547 0.925 0.15 7.5084e+07 3514.5 7.50805e+07 394.146 6.61331 0.886689 1.87692e+08 3322.13 3322.13 582268 0 1.12557e+08
1477 3.70547 1 -0.45 1.75012e+08 3514.5 1.75008e+08 145.062 26.8845 19.3845 2.24438e+08 3591.49 3591.49 541665 0 2.09353e+08
1478 3.70547 1 -0.35 1.76909e+08 3514.5 1.76905e+08 142.25 27.2759 19.7759 2.27299e+08 3591.49 3591.49 541665 0 2.1184e+08
1479 3.70547 1 -0.25 1.78403e+08 3514.5 1.78399e+08 140.062 27.5845 20.0845 2.29687e+08 3591.49 3591.49 541665 0 2.13793e+08
1480 3.70547 1 -0.15 1.79443e+08 3514.5 1.7944e+08 138.542 27.7992 20.2992 2.31413e+08 3591.49 3591.49 541665 0 2.15153e+08
1481 3.70547 1 -0.05 1.79993e+08 3514.5 1.7999e+08 137.75 27.9096 20.4096 2.32321e+08 3591.49 3591.49 541665 0 2.15868e+08
1482 3.70547 1 0.05 1.80031e+08 3514.5 1.80027e+08 137.729 27.9094 20.4094 2.32321e+08 3591.49 3591.49 541665 0 2.1591e+08
1483 3.70547 1 0.15 1.79556e+08 3514.5 1.79553e+08 138.479 27.7985 20.2985 2.31413e+08 3591.49 3591.49 541665 0 2.15278e+08
1484 3.70547 1.075 -0.45 1.91267e+08 3514.5 1.91264e+08 122.021 30.3779 22.8779 2.57393e+08 3860.86 3860.86 503894 0 2.30461e+08
1485 3.70547 1.075 -0.35 1.92772e+08 3514.5 1.92769e+08 119.812 30.7309 23.2309 2.61932e+08 3860.86 3860.86 503894 0 2.32432e+08
1486 3.70547 1.075 -0.25 1.93956e+08 3514.5 1.93952e+08 118.062 31.0134 23.5134 2.65745e+08 3860.86 3860.86 503894 0 2.33985e+08
1487 3.70547 1.075 -0.15 1.9478e+08 3514.5 1.94777e+08 116.854 31.211 23.711 2.68515e+08 3860.86 3860.86 503894 0 2.35066e+08
1488 3.70547 1.075 -0.05 1.95219e+08 3514.5 1.95216e+08 116.208 31.3145 23.8145 2.69976e+08 3860.86 3860.86 503894 0 2.35641e+08
1489 3.70547 1.075 0.05 1.95258e+08 3514.5 1.95254e+08 116.167 31.3171 23.8171 2.69976e+08 3860.86 3860.86 503894 0 2.35688e+08
1490 3.70547 1.075 0.15 1.94896e+08 3514.5 1.94892e+08 116.729 31.2186 23.7186 2.68515e+08 3860.86 3860.86 503894 0 2.35207e+08
1491 3.70547 1.15 -0.45 2.00154e+08 3514.5 2.0015e+08 109.562 32.5126 25.0126 2.89798e+08 4130.22 4130.22 468756 0 2.41988e+08
1492 3.70547 1.15 -0.35 2.01415e+08 3514.5 2.01412e+08 107.625 32.8571 25.3571 2.96192e+08 4130.22 4130.22 468756 0 2.43662e+08
1493 3.70547 1.15 -0.25 2.02404e+08 3514.5 2.02401e+08 106.083 33.1346 25.6346 3.01596e+08 4130.22 4130.22 468756 0 2.44978e+08
1494 3.70547 1.15 -0.15 2.03093e+08 3514.5 2.03089e+08 105.021 33.3295 25.8295 3.05541e+08 4130.22 4130.22 468756 0 2.45893e+08
1495 3.70547 1.15 -0.05 2.0346e+08 3514.5 2.03457e+08 104.458 33.4321 25.9321 3.0763e+08 4130.22 4130.22 468756 0 2.4638e+08
1496 3.70547 1.15 0.05 2.03496e+08 3514.5 2.03493e+08 104.417 33.4363 25.9363 3.0763e+08 4130.22 4130.22 468756 0 2.46425e+08
1497 3.70547 1.15 0.15 2.03201e+08 3514.5 2.03197e+08 104.896 33.3417 25.8417 3.05541e+08 4130.22 4130.22 468756 0 2.46027e+08
1498 3.70547 1.225 -0.45 2.06015e+08 3514.5 2.06012e+08 101.208 34.0891 26.5891 3.23423e+08 4399.58 4399.58 436069 0 2.49632e+08
1499 3.70547 1.225 -0.35 2.07098e+08 3514.5 2.07094e+08 99.4583 34.4321 26.9321 3.31961e+08 4399.58 4399.58 436069 0 2.51088e+08
1500 3.70547 1.225 -0.25 2.07944e+08 3514.5 2.0794e+08 98.0625 34.7095 27.2095 3.39224e+08 4399.58 4399.58 436069 0 2.52232e+08
1501 3.70547 1.225 -0.15 2.08531e+08 3514.5 2.08528e+08 97.1042 34.9049 27.4049 3.44553e+08 4399.58 4399.58 436069 0 2.53025e+08
1502 3.70547 1.225 -0.05 2.08845e+08 3514.5 2.08842e+08 96.5833 35.0092 27.5092 3.47383e+08 4399.58 4399.58 436069 0 2.53451e+08
1503 3.70547 1.225 0.05 2.08878e+08 3514.5 2.08875e+08 96.5417 35.0147 27.5147 3.47383e+08 4399.58 4399.58 436069 0 2.53492e+08
1504 3.70547 1.225 0.15 2.0863e+08 3514.5 2.08626e+08 96.9792 34.9211 27.4211 3.44553e+08 4399.58 4399.58 436069 0 2.5315e+08
1505 3.70547 1.3 -0.45 2.10268e+08 3514.5 2.10265e+08 95.0208 35.3597 27.8597 3.59355e+08 4668.94 4668.94 405661 0 2.55211e+08
1506 3.70547 1.3 -0.35 2.11208e+08 3514.5 2.11204e+08 93.4167 35.7041 28.2041 3.70436e+08 4668.94 4668.94 405661 0 2.56495e+08
1507 3.70547 1.3 -0.25 2.11939e+08 3514.5 2.11936e+08 92.125 35.9839 28.4839 3.79925e+08 4668.94 4668.94 405661 0 2.57505e+08
1508 3.70547 1.3 -0.15 2.12446e+08 3514.5 2.12443e+08 91.25 36.181 28.681 3.86853e+08 4668.94 4668.94 405661 0 2.582e+08
1509 3.70547 1.3 -0.05 2.12717e+08 3514.5 2.12714e+08 90.7708 36.2869 28.7869 3.90461e+08 4668.94 4668.94 405661 0 2.58575e+08
1510 3.70547 1.3 0.05 2.12747e+08 3514.5 2.12743e+08 90.7292 36.2936 28.7936 3.90461e+08 4668.94 4668.94 405661 0 2.58613e+08
1511 3.70547 1.3 0.15 2.12535e+08 3514.5 2.12532e+08 91.1042 36.2019 28.7019 3.86853e+08 4668.94 4668.94 405661 0 2.5832e+08
1512 3.86658 0.7 -0.45 3.80998e+08 3514.5 3.80994e+08 60.0208 70.4756 62.9756 2.05835e+09 2514.05 2514.05 723266 0 4.35398e+08
1513 3.86658 0.7 -0.35 3.80998e+08 3514.5 3.80994e+08 60.0208 70.4756 62.9756 2.05835e+09 2514.05 2514.05 723266 0 4.35398e+08
1514 3.86658 0.7 -0.25 3.80998e+08 3514.5 3.80994e+08 60.0208 70.4756 62.9756 2.05835e+09 2514.05 2514.05 723266 0 4.35398e+08
1515 3.86658 0.7 -0.15 3.80998e+08 3514.5 3.80994e+08 60.0208 70.4756 62.9756 2.05835e+09 2514.05 2514.05 723266 0 4.35398e+08
1516 3.86658 0.7 -0.05 3.80998e+08 3514.5 3.80994e+08 60.0208 70.4756 62.9756 2.05835e+09 2514.05 2514.05 723266 0 4.35398e+08
1517 3.86658 0.7 0.05 3.80998e+08 3514.5 3.80994e+08 60.0208 70.4756 62.9756 2.05835e+09 2514.05 2514.05 723266 0 4.35398e+08
1518 3.86658 0.7 0.15 3.80998e+08 3514.5 3.80994e+08 60.0208 70.4756 62.9756 2.05835e+09 2514.05 2514.05 723266 0 4.35398e+08
1519 3.86658 0.775 -0.45 3.80998e+08 3514.5 3.80994e+08 60.0208 70.4756 62.9756 2.05835e+09 2783.41 2783.41 672831 0 4.35398e+08
1520 3.86658 0.775 -0.35 3.80998e+08 3514.5 3.80994e+08 60.0208 70.4756 62.9756 2.05835e+09 2783.41 2783.41 672831 0 4.35398e+08
1521 3.86658 0.775 -0.25 3.80998e+08 3514.5 3.80994e+08 60.0208 70.4756 62.9756 2.05835e+09 2783.41 2783.41 672831 0 4.35398e+08
1522 3.86658 0.775 -0.15 3.80998e+08 3514.5 3.80994e+08 60.0208 70.4756 62.9756 2.05835e+09 2783.41 2783.41 672831 0 4.35398e+08
1523 3.86658 0.775 -0.05 3.80998e+08 3514.5 3.80994e+08 60.0208 70.4756 62.9756 2.05835e+09 2783.41 2783.41 672831 0 4.35398e+08
1524 3.86658 0.775 0.05 3.80998e+08 3514.5 3.80994e+08 60.0208 70.4756 62.9756 2.05835e+09 2783.41 2783.41 672831 0 4.35398e+08
1525 3.86658 0.775 0.15 3.80998e+08 3514.5 3.80994e+08 60.0208 70.4756 62.9756 2.05835e+09 2783.41 2783.41 672831 0 4.35398e+08
1526 3.86658 0.85 -0.45 3.80998e+08 3514.5 3.80994e+08 60.0208 70.4756 62.9756 2.05835e+09 3052.77 3052.77 625914 0 4.35398e+08
1527 3.86658 0.85 -0.35 3.80998e+08 3514.5 3.80994e+08 60.0208 70.4756 62.9756 2.05835e+09 3052.77 3052.77 625914 0 4.35398e+08
1528 3.86658 0.85 -0.25 3.80998e+08 3514.5 3.80994e+08 60.0208 70.4756 62.9756 2.05835e+09 3052.77 3052.77 625914 0 4.35398e+08
1529 3.86658 0.85 -0.15 3.80998e+08 3514.5 3.80994e+08 60.0208 70.4756 62.9756 2.05835e+09 3052.77 3052.77 625914 0 4.35398e+08
1530 3.86658 0.85 -0.05 3.80998e+08 3514.5 3.80994e+08 60.0208 70.4756 62.9756 2.05835e+09 3052.77 3052.77 625914 0 4.35398e+08
1531 3.86658 0.85 0.05 3.80998e+08 3514.5 3.80994e+08 60.0208 70.4756 62.9756 2.05835e+09 3052.77 3052.77 625914 0 4.35398e+08
1532 3.86658 0.85 0.15 3.80998e+08 3514.5 3.80994e+08 60.0208 70.4756 62.9756 2.05835e+09 3052.77 3052.77 625914 0 4.35398e+08
1533 3.86658 0.925 -0.45 8.219e+07 3514.5 8.21865e+07 404.292 7.59153 0.0915306 1.84978e+08 3322.13 3322.13 582268 0 1.20622e+08
1534 3.86658 0.925 -0.35 8.32642e+07 3514.5 8.32607e+07 408.938 7.75652 0.256517 1.86097e+08 3322.13 3322.13 582268 0 1.22172e+08
1535 3.86658 0.925 -0.25 8.41313e+07 3514.5 8.41278e+07 412.75 7.88552 0.385517 1.87025e+08 3322.13 3322.13 582268 0 1.2343e+08
1536 3.86658 0.925 -0.15 8.47425e+07 3514.5 8.47389e+07 415.5 7.97427 0.474267 1.87692e+08 3322.13 3322.13 582268 0 1.24322e+08
1537 3.86658 0.925 -0.05 8.50619e+07 3514.5 8.50584e+07 416.938 8.01476 0.514755 1.88041e+08 3322.13 3322.13 582268 0 1.24788e+08
1538 3.86658 0.925 0.05 8.50712e+07 3514.5 8.50677e+07 416.958 8.00561 0.505607 1.88041e+08 3322.13 3322.13 582268 0 1.24799e+08
1539 3.86658 0.925 0.15 8.4771e+07 3514.5 8.47674e+07 415.542 7.9452 0.445199 1.87692e+08 3322.13 3322.13 582268 0 1.24353e+08
1540 3.86658 1 -0.45 2.06346e+08 3514.5 2.06342e+08 136.458 31.0572 23.5572 2.24438e+08 3591.49 3591.49 541665 0 2.427e+08
1541 3.86658 1 -0.35 2.08062e+08 3514.5 2.08059e+08 133.792 31.4193 23.9193 2.27299e+08 3591.49 3591.49 541665 0 2.44975e+08
1542 3.86658 1 -0.25 2.09415e+08 3514.5 2.09411e+08 131.708 31.7057 24.2057 2.29687e+08 3591.49 3591.49 541665 0 2.46764e+08
1543 3.86658 1 -0.15 2.10358e+08 3514.5 2.10355e+08 130.271 31.9047 24.4047 2.31413e+08 3591.49 3591.49 541665 0 2.48009e+08
1544 3.86658 1 -0.05 2.10858e+08 3514.5 2.10854e+08 129.521 32.0075 24.5075 2.32321e+08 3591.49 3591.49 541665 0 2.48666e+08
1545 3.86658 1 0.05 2.10894e+08 3514.5 2.10891e+08 129.521 32.0068 24.5068 2.32321e+08 3591.49 3591.49 541665 0 2.48702e+08
1546 3.86658 1 0.15 2.10467e+08 3514.5 2.10463e+08 130.229 31.9049 24.4049 2.31413e+08 3591.49 3591.49 541665 0 2.48126e+08
1547 3.86658 1.075 -0.45 2.21005e+08 3514.5 2.21002e+08 114.5 34.2962 26.7962 2.57393e+08 3860.86 3860.86 503894 0 2.61978e+08
1548 3.86658 1.075 -0.35 2.22374e+08 3514.5 2.2237e+08 112.396 34.6272 27.1272 2.61932e+08 3860.86 3860.86 503894 0 2.6379e+08
1549 3.86658 1.075 -0.25 2.23451e+08 3514.5 2.23448e+08 110.729 34.8926 27.3926 2.65745e+08 3860.86 3860.86 503894 0 2.65219e+08
1550 3.86658 1.075 -0.15 2.24204e+08 3514.5 2.24201e+08 109.562 35.0794 27.5794 2.68515e+08 3860.86 3860.86 503894 0 2.66219e+08
1551 3.86658 1.075 -0.05 2.24607e+08 3514.5 2.24603e+08 108.958 35.1766 27.6766 2.69976e+08 3860.86 3860.86 503894 0 2.66749e+08
1552 3.86658 1.075 0.05 2.24645e+08 3514.5 2.24642e+08 108.938 35.1785 27.6785 2.69976e+08 3860.86 3860.86 503894 0 2.66792e+08
1553 3.86658 1.075 0.15 2.2432e+08 3514.5 2.24317e+08 109.479 35.0865 27.5865 2.68515e+08 3860.86 3860.86 503894 0 2.66352e+08
1554 3.86658 1.15 -0.45 2.29012e+08 3514.5 2.29008e+08 102.583 36.2962 28.7962 2.89798e+08 4130.22 4130.22 468756 0 2.72507e+08
1555 3.86658 1.15 -0.35 2.30166e+08 3514.5 2.30163e+08 100.75 36.6212 29.1212 2.96192e+08 4130.22 4130.22 468756 0 2.74051e+08
1556 3.86658 1.15 -0.25 2.31074e+08 3514.5 2.3107e+08 99.2917 36.8834 29.3834 3.01596e+08 4130.22 4130.22 468756 0 2.75269e+08
1557 3.86658 1.15 -0.15 2.31708e+08 3514.5 2.31705e+08 98.2708 37.0689 29.5689 3.05541e+08 4130.22 4130.22 468756 0 2.7612e+08
1558 3.86658 1.15 -0.05 2.32049e+08 3514.5 2.32046e+08 97.7292 37.1669 29.6669 3.0763e+08 4130.22 4130.22 468756 0 2.76577e+08
1559 3.86658 1.15 0.05 2.32087e+08 3514.5 2.32084e+08 97.6875 37.1717 29.6717 3.0763e+08 4130.22 4130.22 468756 0 2.76623e+08
1560 3.86658 1.15 0.15 2.31822e+08 3514.5 2.31818e+08 98.1458 37.0828 29.5828 3.05541e+08 4130.22 4130.22 468756 0 2.7626e+08
1561 3.86658 1.225 -0.45 2.34292e+08 3514.5 2.34288e+08 94.6042 37.7826 30.2826 3.23422e+08 4399.58 4399.58 436069 0 2.79487e+08
1562 3.86658 1.225 -0.35 2.3529e+08 3514.5 2.35286e+08 92.9375 38.109 30.609 3.31961e+08 4399.58 4399.58 436069 0 2.80841e+08
1563 3.86658 1.225 -0.25 2.36073e+08 3514.5 2.36069e+08 91.625 38.3723 30.8723 3.39224e+08 4399.58 4399.58 436069 0 2.81905e+08
1564 3.86658 1.225 -0.15 2.3662e+08 3514.5 2.36616e+08 90.6875 38.5605 31.0605 3.44553e+08 4399.58 4399.58 436069 0 2.82653e+08
1565 3.86658 1.225 -0.05 2.36916e+08 3514.5 2.36912e+08 90.2083 38.6593 31.1593 3.47383e+08 4399.58 4399.58 436069 0 2.83052e+08
1566 3.86658 1.225 0.05 2.36952e+08 3514.5 2.36948e+08 90.1667 38.6653 31.1653 3.47383e+08 4399.58 4399.58 436069 0 2.83097e+08
1567 3.86658 1.225 0.15 2.36729e+08 3514.5 2.36726e+08 90.5833 38.5767 31.0767 3.44553e+08 4399.58 4399.58 436069 0 2.82784e+08
1568 3.86658 1.3 -0.45 2.38122e+08 3514.5 2.38118e+08 88.7083 38.9863 31.4863 3.59355e+08 4668.94 4668.94 405661 0 2.84581e+08
1569 3.86658 1.3 -0.35 2.38996e+08 3514.5 2.38993e+08 87.1667 39.3165 31.8165 3.70436e+08 4668.94 4668.94 405661 0 2.85787e+08
1570 3.86658 1.3 -0.25 2.39681e+08 3514.5 2.39677e+08 85.9583 39.5831 32.0831 3.79925e+08 4668.94 4668.94 405661 0 2.86731e+08
1571 3.86658 1.3 -0.15 2.40159e+08 3514.5 2.40155e+08 85.1042 39.7735 32.2735 3.86853e+08 4668.94 4668.94 405661 0 2.87394e+08
1572 3.86658 1.3 -0.05 2.40418e+08 3514.5 2.40415e+08 84.6458 39.8755 32.3755 3.9046e+08 4668.94 4668.94 405661 0 2.87752e+08
1573 3.86658 1.3 0.05 2.40453e+08 3514.5 2.40449e+08 84.6042 39.8826 32.3826 3.9046e+08 4668.94 4668.94 405661 0 2.87795e+08
1574 3.86658 1.3 0.15 2.40263e+08 3514.5 2.40259e+08 84.9792 39.7944 32.2944 3.86853e+08 4668.94 4668.94 405661 0 2.87524e+08
1575 4.02768 0.7 -0.45 3.73631e+08 3514.5 3.73628e+08 60.0208 66.6539 59.1539 2.05846e+09 2514.05 2514.05 723266 0 4.27764e+08
1576 4.02768 0.7 -0.35 3.73631e+08 3514.5 3.73628e+08 60.0208 66.6539 59.1539 2.05846e+09 2514.05 2514.05 723266 0 4.27764e+08
1577 4.02768 0.7 -0.25 3.73631e+08 3514.5 3.73628e+08 60.0208 66.6539 59.1539 2.05846e+09 2514.05 2514.05 723266 0 4.27764e+08
1578 4.02768 0.7 -0.15 3.73631e+08 3514.5 3.73628e+08 60.0208 66.6539 59.1539 2.05846e+09 2514.05 2514.05 723266 0 4.27764e+08
1579 4.02768 0.7 -0.05 3.73631e+08 3514.5 3.73628e+08 60.0208 66.6539 59.1539 2.05846e+09 2514.05 2514.05 723266 0 4.27764e+08
1580 4.02768 0.7 0.05 3.73631e+08 3514.5 3.73628e+08 60.0208 66.6539 59.1539 2.05846e+09 2514.05 2514.05 723266 0 4.27764e+08
1581 4.02768 0.7 0.15 3.73631e+08 3514.5 3.73628e+08 60.0208 66.6539 59.1539 2.05846e+09 2514.05 2514.05 723266 0 4.27764e+08
1582 4.02768 0.775 -0.45 3.73631e+08 3514.5 3.73628e+08 60.0208 66.6539 59.1539 2.05846e+09 2783.41 2783.41 672831 0 4.27764e+08
1583 4.02768 0.775 -0.35 3.73631e+08 3514.5 3.73628e+08 60.0208 66.6539 59.1539 2.05846e+09 2783.41 2783.41 672831 0 4.27764e+08
1584 4.02768 0.775 -0.25 3.73631e+08 3514.5 3.73628e+08 60.0208 66.6539 59.1539 2.05846e+09 2783.41 2783.41 672831 0 4.27764e+08
1585 4.02768 0.775 -0.15 3.73631e+08 3514.5 3.73628e+08 60.0208 66.6539 59.1539 2.05846e+09 2783.41 2783.41 672831 0 4.27764e+08
1586 4.02768 0.775 -0.05 3.73631e+08 3514.5 3.73628e+08 60.0208 66.6539 59.1539 2.05846e+09 2783.41 2783.41 672831 0 4.27764e+08
1587 4.02768 0.775 0.05 3.73631e+08 3514.5 3.73628e+08 60.0208 66.6539 59.1539 2.05846e+09 2783.41 2783.41 672831 0 4.27764e+08
1588 4.02768 0.775 0.15 3.73631e+08 3514.5 3.73628e+08 60.0208 66.6539 59.1539 2.05846e+09 2783.41 2783.41 672831 0 4.27764e+08
1589 4.02768 0.85 -0.45 3.73631e+08 3514.5 3.73628e+08 60.0208 66.6539 59.1539 2.05846e+09 3052.77 3052.77 625914 0 4.27764e+08
1590 4.02768 0.85 -0.35 3.73631e+08 3514.5 3.73628e+08 60.0208 66.6539 59.1539 2.05846e+09 3052.77 3052.77 625914 0 4.27764e+08
1591 4.02768 0.85 -0.25 3.73631e+08 3514.5 3.73628e+08 60.0208 66.6539 59.1539 2.05846e+09 3052.77 3052.77 625914 0 4.27764e+08
1592 4.02768 0.85 -0.15 3.73631e+08 3514.5 3.73628e+08 60.0208 66.6539 59.1539 2.05846e+09 3052.77 3052.77 625914 0 4.27764e+08
1593 4.02768 0.85 -0.05 3.73631e+08 3514.5 3.73628e+08 60.0208 66.6539 59.1539 2.05846e+09 3052.77 3052.77 625914 0 4.27764e+08
1594 4.02768 0.85 0.05 3.73631e+08 3514.5 3.73628e+08 60.0208 66.6539 59.1539 2.05846e+09 3052.77 3052.77 625914 0 4.27764e+08
1595 4.02768 0.85 0.15 3.73631e+08 3514.5 3.73628e+08 60.0208 66.6539 59.1539 2.05846e+09 3052.77 3052.77 625914 0 4.27764e+08
1596 4.02768 0.925 -0.45 8.97598e+07 3514.5 8.97563e+07 423.271 8.50298 1.00298 1.84978e+08 3322.13 3322.13 582268 0 1.30154e+08
1597 4.02768 0.925 -0.35 9.05118e+07 3514.5 9.05083e+07 427.667 8.61623 1.11623 1.86097e+08 3322.13 3322.13 582268 0 1.31353e+08
1598 4.02768 0.925 -0.25 9.11307e+07 3514.5 9.11272e+07 430 8.64364 1.14364 1.87025e+08 3322.13 3322.13 582268 0 1.32207e+08
1599 4.02768 0.925 -0.15 9.17613e+07 3514.5 9.17578e+07 430 8.60947 1.10947 1.87692e+08 3322.13 3322.13 582268 0 1.32835e+08
1600 4.02768 0.925 -0.05 9.21755e+07 3514.5 9.2172e+07 430 8.602 1.102 1.88041e+08 3322.13 3322.13 582268 0 1.33249e+08
1601 4.02768 0.925 0.05 9.21771e+07 3514.5 9.21736e+07 430 8.59386 1.09386 1.88041e+08 3322.13 3322.13 582268 0 1.3325e+08
1602 4.02768 0.925 0.15 9.17647e+07 3514.5 9.17612e+07 430 8.58527 1.08527 1.87692e+08 3322.13 3322.13 582268 0 1.32837e+08
1603 4.02768 1 -0.45 2.35888e+08 3514.5 2.35885e+08 127.688 35.1341 27.6341 2.24438e+08 3591.49 3591.49 541665 0 2.74281e+08
1604 4.02768 1 -0.35 2.37416e+08 3514.5 2.37412e+08 125.167 35.4679 27.9679 2.27299e+08 3591.49 3591.49 541665 0 2.76337e+08
1605 4.02768 1 -0.25 2.38621e+08 3514.5 2.38618e+08 123.188 35.7328 28.2328 2.29687e+08 3591.49 3591.49 541665 0 2.77956e+08
1606 4.02768 1 -0.15 2.39463e+08 3514.5 2.39459e+08 121.812 35.9179 28.4179 2.31413e+08 3591.49 3591.49 541665 0 2.79086e+08
1607 4.02768 1 -0.05 2.3991e+08 3514.5 2.39906e+08 121.125 36.0118 28.5118 2.32321e+08 3591.49 3591.49 541665 0 2.79677e+08
1608 4.02768 1 0.05 2.39945e+08 3514.5 2.39941e+08 121.104 36.0129 28.5129 2.32321e+08 3591.49 3591.49 541665 0 2.79716e+08
1609 4.02768 1 0.15 2.39567e+08 3514.5 2.39564e+08 121.771 35.9196 28.4196 2.31413e+08 3591.49 3591.49 541665 0 2.79199e+08
1610 4.02768 1.075 -0.45 2.48886e+08 3514.5 2.48882e+08 106.771 38.1308 30.6308 2.57393e+08 3860.86 3860.86 503894 0 2.91672e+08
1611 4.02768 1.075 -0.35 2.50108e+08 3514.5 2.50104e+08 104.771 38.4401 30.9401 2.61932e+08 3860.86 3860.86 503894 0 2.93316e+08
1612 4.02768 1.075 -0.25 2.51072e+08 3514.5 2.51068e+08 103.188 38.6886 31.1886 2.65745e+08 3860.86 3860.86 503894 0 2.94614e+08
1613 4.02768 1.075 -0.15 2.51747e+08 3514.5 2.51743e+08 102.083 38.8636 31.3636 2.68515e+08 3860.86 3860.86 503894 0 2.95522e+08
1614 4.02768 1.075 -0.05 2.52109e+08 3514.5 2.52106e+08 101.5 38.9557 31.4557 2.69976e+08 3860.86 3860.86 503894 0 2.96008e+08
1615 4.02768 1.075 0.05 2.52148e+08 3514.5 2.52144e+08 101.458 38.9596 31.4596 2.69976e+08 3860.86 3860.86 503894 0 2.96055e+08
1616 4.02768 1.075 0.15 2.51862e+08 3514.5 2.51858e+08 101.979 38.8737 31.3737 2.68515e+08 3860.86 3860.86 503894 0 2.95658e+08
1617 4.02768 1.15 -0.45 2.55974e+08 3514.5 2.5597e+08 95.3958 39.9997 32.4997 2.89797e+08 4130.22 4130.22 468756 0 3.01166e+08
1618 4.02768 1.15 -0.35 2.57009e+08 3514.5 2.57006e+08 93.6458 40.3066 32.8066 2.96191e+08 4130.22 4130.22 468756 0 3.02573e+08
1619 4.02768 1.15 -0.25 2.57826e+08 3514.5 2.57822e+08 92.25 40.555 33.055 3.01596e+08 4130.22 4130.22 468756 0 3.03686e+08
1620 4.02768 1.15 -0.15 2.58398e+08 3514.5 2.58395e+08 91.2708 40.7313 33.2313 3.05541e+08 4130.22 4130.22 468756 0 3.04467e+08
1621 4.02768 1.15 -0.05 2.58708e+08 3514.5 2.58705e+08 90.7708 40.8233 33.3233 3.0763e+08 4130.22 4130.22 468756 0 3.04883e+08
1622 4.02768 1.15 0.05 2.58747e+08 3514.5 2.58744e+08 90.7292 40.8286 33.3286 3.0763e+08 4130.22 4130.22 468756 0 3.04931e+08
1623 4.02768 1.15 0.15 2.58514e+08 3514.5 2.58511e+08 91.1667 40.7452 33.2452 3.05541e+08 4130.22 4130.22 468756 0 3.04605e+08
1624 4.02768 1.225 -0.45 2.60643e+08 3514.5 2.6064e+08 87.7708 41.3993 33.8993 3.23422e+08 4399.58 4399.58 436069 0 3.07459e+08
1625 4.02768 1.225 -0.35 2.61544e+08 3514.5 2.61541e+08 86.1875 41.7091 34.2091 3.31961e+08 4399.58 4399.58 436069 0 3.08698e+08
1626 4.02768 1.225 -0.25 2.62253e+08 3514.5 2.6225e+08 84.9167 41.9612 34.4612 3.39224e+08 4399.58 4399.58 436069 0 3.09679e+08
1627 4.02768 1.225 -0.15 2.62751e+08 3514.5 2.62748e+08 84.0417 42.1393 34.6393 3.44553e+08 4399.58 4399.58 436069 0 3.10364e+08
1628 4.02768 1.225 -0.05 2.63023e+08 3514.5 2.6302e+08 83.5833 42.2339 34.7339 3.47383e+08 4399.58 4399.58 436069 0 3.10734e+08
1629 4.02768 1.225 0.05 2.63061e+08 3514.5 2.63058e+08 83.5417 42.2403 34.7403 3.47383e+08 4399.58 4399.58 436069 0 3.10781e+08
1630 4.02768 1.225 0.15 2.62866e+08 3514.5 2.62863e+08 83.9375 42.1567 34.6567 3.44553e+08 4399.58 4399.58 436069 0 3.10501e+08
1631 4.02768 1.3 -0.45 2.64029e+08 3514.5 2.64026e+08 82.1458 42.5382 35.0382 3.59354e+08 4668.94 4668.94 405661 0 3.12049e+08
1632 4.02768 1.3 -0.35 2.64824e+08 3514.5 2.64821e+08 80.6667 42.8545 35.3545 3.70435e+08 4668.94 4668.94 405661 0 3.13162e+08
1633 4.02768 1.3 -0.25 2.65449e+08 3514.5 2.65446e+08 79.5208 43.109 35.609 3.79925e+08 4668.94 4668.94 405661 0 3.14034e+08
1634 4.02768 1.3 -0.15 2.65888e+08 3514.5 2.65885e+08 78.7083 43.2914 35.7914 3.86853e+08 4668.94 4668.94 405661 0 3.14648e+08
1635 4.02768 1.3 -0.05 2.66129e+08 3514.5 2.66126e+08 78.2708 43.3896 35.8896 3.9046e+08 4668.94 4668.94 405661 0 3.14984e+08
1636 4.02768 1.3 0.05 2.66167e+08 3514.5 2.66164e+08 78.2292 43.397 35.897 3.9046e+08 4668.94 4668.94 405661 0 3.15031e+08
1637 4.02768 1.3 0.15 2.66001e+08 3514.5 2.65998e+08 78.5833 43.3135 35.8135 3.86853e+08 4668.94 4668.94 405661 0 3.14788e+08
1638 4.18879 0.7 -0.45 3.63768e+08 3514.5 3.63764e+08 60.0208 62.6354 55.1354 2.05852e+09 2514.05 2514.05 723266 0 4.17619e+08
1639 4.18879 0.7 -0.35 3.63768e+08 3514.5 3.63764e+08 60.0208 62.6354 55.1354 2.05852e+09 2514.05 2514.05 723266 0 4.17619e+08
1640 4.18879 0.7 -0.25 3.63768e+08 3514.5 3.63764e+08 60.0208 62.6354 55.1354 2.05852e+09 2514.05 2514.05 723266 0 4.17619e+08
1641 4.18879 0.7 -0.15 3.63768e+08 3514.5 3.63764e+08 60.0208 62.6354 55.1354 2.05852e+09 2514.05 2514.05 723266 0 4.17619e+08
1642 4.18879 0.7 -0.05 3.63768e+08 3514.5 3.63764e+08 60.0208 62.6354 55.1354 2.05852e+09 2514.05 2514.05 723266 0 4.17619e+08
1643 4.18879 0.7 0.05 3.63768e+08 3514.5 3.63764e+08 60.0208 62.6354 55.1354 2.05852e+09 2514.05 2514.05 723266 0 4.17619e+08
1644 4.18879 0.7 0.15 3.63768e+08 3514.5 3.63764e+08 60.0208 62.6354 55.1354 2.05852e+09 2514.05 2514.05 723266 0 4.17619e+08
1645 4.18879 0.775 -0.45 3.63768e+08 3514.5 3.63764e+08 60.0208 62.6354 55.1354 2.05852e+09 2783.41 2783.41 672831 0 4.17619e+08
1646 4.18879 0.775 -0.35 3.63768e+08 3514.5 3.63764e+08 60.0208 62.6354 55.1354 2.05852e+09 2783.41 2783.41 672831 0 4.17619e+08
1647 4.18879 0.775 -0.25 3.63768e+08 3514.5 3.63764e+08 60.0208 62.6354 55.1354 2.05852e+09 2783.41 2783.41 672831 0 4.17619e+08
1648 4.18879 0.775 -0.15 3.63768e+08 3514.5 3.63764e+08 60.0208 62.6354 55.1354 2.05852e+09 2783.41 2783.41 672831 0 4.17619e+08
1649 4.18879 0.775 -0.05 3.63768e+08 3514.5 3.63764e+08 60.0208 62.6354 55.1354 2.05852e+09 2783.41 2783.41 672831 0 4.17619e+08
1650 4.18879 0.775 0.05 3.63768e+08 3514.5 3.63764e+08 60.0208 62.6354 55.1354 2.05852e+09 2783.41 2783.41 672831 0 4.17619e+08
1651 4.18879 0.775 0.15 3.63768e+08 3514.5 3.63764e+08 60.0208 62.6354 55.1354 2.05852e+09 2783.41 2783.41 672831 0 4.17619e+08
1652 4.18879 0.85 -0.45 3.63768e+08 3514.5 3.63764e+08 60.0208 62.6354 55.1354 2.05852e+09 3052.77 3052.77 625914 0 4.17619e+08
1653 4.18879 0.85 -0.35 3.63768e+08 3514.5 3.63764e+08 60.0208 62.6354 55.1354 2.05852e+09 3052.77 3052.77 625914 0 4.17619e+08
1654 4.18879 0.85 -0.25 3.63768e+08 3514.5 3.63764e+08 60.0208 62.6354 55.1354 2.05852e+09 3052.77 3052.77 625914 0 4.17619e+08
1655 4.18879 0.85 -0.15 3.63768e+08 3514.5 3.63764e+08 60.0208 62.6354 55.1354 2.05852e+09 3052.77 3052.77 625914 0 4.17619e+08
1656 4.18879 0.85 -0.05 3.63768e+08 3514.5 3.63764e+08 60.0208 62.6354 55.1354 2.05852e+09 3052.77 3052.77 625914 0 4.17619e+08
1657 4.18879 0.85 0.05 3.63768e+08 3514.5 3.63764e+08 60.0208 62.6354 55.1354 2.05852e+09 3052.77 3052.77 625914 0 4.17619e+08
1658 4.18879 0.85 0.15 3.63768e+08 3514.5 3.63764e+08 60.0208 62.6354 55.1354 2.05852e+09 3052.77 3052.77 625914 0 4.17619e+08
1659 4.18879 0.925 -0.45 9.65905e+07 3514.5 9.6587e+07 430 8.94432 1.44432 1.84978e+08 3322.13 3322.13 582268 0 1.37688e+08
1660 4.18879 0.925 -0.35 9.87715e+07 3514.5 9.8768e+07 430 9.1746 1.6746 1.86097e+08 3322.13 3322.13 582268 0 1.39885e+08
1661 4.18879 0.925 -0.25 1.00957e+08 3514.5 1.00953e+08 430 9.43008 1.93008 1.87025e+08 3322.13 3322.13 582268 0 1.42088e+08
1662 4.18879 0.925 -0.15 1.02727e+08 3514.5 1.02724e+08 430 9.64572 2.14572 1.87692e+08 3322.13 3322.13 582268 0 1.43874e+08
1663 4.18879 0.925 -0.05 1.0372e+08 3514.5 1.03716e+08 430 9.76638 2.26638 1.88041e+08 3322.13 3322.13 582268 0 1.44875e+08
1664 4.18879 0.925 0.05 1.03721e+08 3514.5 1.03718e+08 430 9.76051 2.26051 1.88041e+08 3322.13 3322.13 582268 0 1.44876e+08
1665 4.18879 0.925 0.15 1.02731e+08 3514.5 1.02727e+08 430 9.62806 2.12806 1.87692e+08 3322.13 3322.13 582268 0 1.43876e+08
1666 4.18879 1 -0.45 2.63293e+08 3514.5 2.6329e+08 118.604 39.0813 31.5813 2.24438e+08 3591.49 3591.49 541665 0 3.0378e+08
1667 4.18879 1 -0.35 2.64627e+08 3514.5 2.64623e+08 116.208 39.3893 31.8893 2.27299e+08 3591.49 3591.49 541665 0 3.05614e+08
1668 4.18879 1 -0.25 2.65679e+08 3514.5 2.65676e+08 114.333 39.6338 32.1338 2.29687e+08 3591.49 3591.49 541665 0 3.07058e+08
1669 4.18879 1 -0.15 2.66415e+08 3514.5 2.66412e+08 113.021 39.8055 32.3055 2.31413e+08 3591.49 3591.49 541665 0 3.08069e+08
1670 4.18879 1 -0.05 2.66807e+08 3514.5 2.66804e+08 112.354 39.8936 32.3936 2.32321e+08 3591.49 3591.49 541665 0 3.08601e+08
1671 4.18879 1 0.05 2.66841e+08 3514.5 2.66838e+08 112.333 39.8951 32.3951 2.32321e+08 3591.49 3591.49 541665 0 3.08639e+08
1672 4.18879 1 0.15 2.66515e+08 3514.5 2.66512e+08 112.979 39.8085 32.3085 2.31413e+08 3591.49 3591.49 541665 0 3.08178e+08
1673 4.18879 1.075 -0.45 2.74579e+08 3514.5 2.74576e+08 98.7083 41.8482 34.3482 2.57393e+08 3860.86 3860.86 503894 0 3.19239e+08
1674 4.18879 1.075 -0.35 2.75647e+08 3514.5 2.75644e+08 96.7917 42.1382 34.6382 2.61932e+08 3860.86 3860.86 503894 0 3.2071e+08
1675 4.18879 1.075 -0.25 2.76491e+08 3514.5 2.76488e+08 95.2708 42.3719 34.8719 2.65745e+08 3860.86 3860.86 503894 0 3.21874e+08
1676 4.18879 1.075 -0.15 2.77083e+08 3514.5 2.7708e+08 94.2292 42.5353 35.0353 2.68515e+08 3860.86 3860.86 503894 0 3.22686e+08
1677 4.18879 1.075 -0.05 2.77404e+08 3514.5 2.774e+08 93.6667 42.6226 35.1226 2.69976e+08 3860.86 3860.86 503894 0 3.23125e+08
1678 4.18879 1.075 0.05 2.77441e+08 3514.5 2.77438e+08 93.6458 42.6254 35.1254 2.69976e+08 3860.86 3860.86 503894 0 3.23167e+08
1679 4.18879 1.075 0.15 2.77196e+08 3514.5 2.77192e+08 94.1458 42.5451 35.0451 2.68515e+08 3860.86 3860.86 503894 0 3.22816e+08
1680 4.18879 1.15 -0.45 2.80717e+08 3514.5 2.80714e+08 87.875 43.591 36.091 2.89797e+08 4130.22 4130.22 468756 0 3.27665e+08
1681 4.18879 1.15 -0.35 2.81626e+08 3514.5 2.81622e+08 86.1875 43.8822 36.3822 2.96191e+08 4130.22 4130.22 468756 0 3.28931e+08
1682 4.18879 1.15 -0.25 2.82343e+08 3514.5 2.82339e+08 84.8542 44.1173 36.6173 3.01596e+08 4130.22 4130.22 468756 0 3.29932e+08
1683 4.18879 1.15 -0.15 2.82848e+08 3514.5 2.82844e+08 83.9375 44.2829 36.7829 3.05541e+08 4130.22 4130.22 468756 0 3.30631e+08
1684 4.18879 1.15 -0.05 2.83124e+08 3514.5 2.8312e+08 83.4375 44.3722 36.8722 3.0763e+08 4130.22 4130.22 468756 0 3.31014e+08
1685 4.18879 1.15 0.05 2.83162e+08 3514.5 2.83159e+08 83.4167 44.3762 36.8762 3.0763e+08 4130.22 4130.22 468756 0 3.31057e+08
1686 4.18879 1.15 0.15 2.82964e+08 3514.5 2.8296e+08 83.8333 44.298 36.798 3.05541e+08 4130.22 4130.22 468756 0 3.30769e+08
1687 4.18879 1.225 -0.45 2.84754e+08 3514.5 2.84751e+08 80.6042 44.9068 37.4068 3.23422e+08 4399.58 4399.58 436069 0 3.33248e+08
1688 4.18879 1.225 -0.35 2.85548e+08 3514.5 2.85544e+08 79.0833 45.2021 37.7021 3.31961e+08 4399.58 4399.58 436069 0 3.34367e+08
1689 4.18879 1.225 -0.25 2.86174e+08 3514.5 2.86171e+08 77.8958 45.4401 37.9401 3.39224e+08 4399.58 4399.58 436069 0 3.35247e+08
1690 4.18879 1.225 -0.15 2.86616e+08 3514.5 2.86612e+08 77.0417 45.6116 38.1116 3.44553e+08 4399.58 4399.58 436069 0 3.35872e+08
1691 4.18879 1.225 -0.05 2.8686e+08 3514.5 2.86856e+08 76.6042 45.702 38.202 3.47383e+08 4399.58 4399.58 436069 0 3.36209e+08
1692 4.18879 1.225 0.05 2.86899e+08 3514.5 2.86895e+08 76.5625 45.7088 38.2088 3.47383e+08 4399.58 4399.58 436069 0 3.36257e+08
1693 4.18879 1.225 0.15 2.86732e+08 3514.5 2.86729e+08 76.9375 45.63 38.13 3.44553e+08 4399.58 4399.58 436069 0 3.36011e+08
1694 4.18879 1.3 -0.45 2.87678e+08 3514.5 2.87675e+08 75.25 45.983 38.483 3.59354e+08 4668.94 4668.94 405661 0 3.37318e+08
1695 4.18879 1.3 -0.35 2.88382e+08 3514.5 2.88378e+08 73.8542 46.2839 38.7839 3.70435e+08 4668.94 4668.94 405661 0 3.38323e+08
1696 4.18879 1.3 -0.25 2.88937e+08 3514.5 2.88934e+08 72.75 46.5284 39.0284 3.79925e+08 4668.94 4668.94 405661 0 3.39116e+08
1697 4.18879 1.3 -0.15 2.8933e+08 3514.5 2.89326e+08 71.9792 46.7028 39.2028 3.86853e+08 4668.94 4668.94 405661 0 3.39675e+08
1698 4.18879 1.3 -0.05 2.89548e+08 3514.5 2.89545e+08 71.5625 46.7972 39.2972 3.9046e+08 4668.94 4668.94 405661 0 3.39983e+08
1699 4.18879 1.3 0.05 2.89587e+08 3514.5 2.89584e+08 71.5208 46.8049 39.3049 3.9046e+08 4668.94 4668.94 405661 0 3.40031e+08
1700 4.18879 1.3 0.15 2.89446e+08 3514.5 2.89443e+08 71.8542 46.7259 39.2259 3.86853e+08 4668.94 4668.94 405661 0 3.39818e+08
1701 4.3499 0.7 -0.45 3.51371e+08 3514.5 3.51368e+08 60.0208 58.5228 51.0228 2.05856e+09 2514.05 2514.05 723266 0 4.04935e+08
1702 4.3499 0.7 -0.35 3.51371e+08 3514.5 3.51368e+08 60.0208 58.5228 51.0228 2.05856e+09 2514.05 2514.05 723266 0 4.04935e+08
1703 4.3499 0.7 -0.25 3.51371e+08 3514.5 3.51368e+08 60.0208 58.5228 51.0228 2.05856e+09 2514.05 2514.05 723266 0 4.04935e+08
1704 4.3499 0.7 -0.15 3.51371e+08 3514.5 3.51368e+08 60.0208 58.5228 51.0228 2.05856e+09 2514.05 2514.05 723266 0 4.04935e+08
1705 4.3499 0.7 -0.05 3.51371e+08 3514.5 3.51368e+08 60.0208 58.5228 51.0228 2.05856e+09 2514.05 2514.05 723266 0 4.04935e+08
1706 4.3499 0.7 0.05 3.51371e+08 3514.5 3.51368e+08 60.0208 58.5228 51.0228 2.05856e+09 2514.05 2514.05 723266 0 4.04935e+08
1707 4.3499 0.7 0.15 3.51371e+08 3514.5 3.51368e+08 60.0208 58.5228 51.0228 2.05856e+09 2514.05 2514.05 723266 0 4.04935e+08
1708 4.3499 0.775 -0.45 3.51371e+08 3514.5 3.51368e+08 60.0208 58.5228 51.0228 2.05856e+09 2783.41 2783.41 672831 0 4.04935e+08
1709 4.3499 0.775 -0.35 3.51371e+08 3514.5 3.51368e+08 60.0208 58.5228 51.0228 2.05856e+09 2783.41 2783.41 672831 0 4.04935e+08
1710 4.3499 0.775 -0.25 3.51371e+08 3514.5 3.51368e+08 60.0208 58.5228 51.0228 2.05856e+09 2783.41 2783.41 672831 0 4.04935e+08
1711 4.3499 0.775 -0.15 3.51371e+08 3514.5 3.51368e+08 60.0208 58.5228 51.0228 2.05856e+09 2783.41 2783.41 672831 0 4.04935e+08
1712 4.3499 0.775 -0.05 3.51371e+08 3514.5 3.51368e+08 60.0208 58.5228 51.0228 2.05856e+09 2783.41 2783.41 672831 0 4.04935e+08
1713 4.3499 0.775 0.05 3.51371e+08 3514.5 3.51368e+08 60.0208 58.5228 51.0228 2.05856e+09 2783.41 2783.41 672831 0 4.04935e+08
1714 4.3499 0.775 0.15 3.51371e+08 3514.5 3.51368e+08 60.0208 58.5228 51.0228 2.05856e+09 2783.41 2783.41 672831 0 4.04935e+08
1715 4.3499 0.85 -0.45 3.51371e+08 3514.5 3.51368e+08 60.0208 58.5228 51.0228 2.05856e+09 3052.77 3052.77 625914 0 4.04935e+08
1716 4.3499 0.85 -0.35 3.51371e+08 3514.5 3.51368e+08 60.0208 58.5228 51.0228 2.05856e+09 3052.77 3052.77 625914 0 4.04935e+08
1717 4.3499 0.85 -0.25 3.51371e+08 3514.5 3.51368e+08 60.0208 58.5228 51.0228 2.05856e+09 3052.77 3052.77 625914 0 4.04935e+08
1718 4.3499 0.85 -0.15 3.51371e+08 3514.5 3.51368e+08 60.0208 58.5228 51.0228 2.05856e+09 3052.77 3052.77 625914 0 4.04935e+08
1719 4.3499 0.85 -0.05 3.51371e+08 3514.5 3.51368e+08 60.0208 58.5228 51.0228 2.05856e+09 3052.77 3052.77 625914 0 4.04935e+08
1720 4.3499 0.85 0.05 3.51371e+08 3514.5 3.51368e+08 60.0208 58.5228 51.0228 2.05856e+09 3052.77 3052.77 625914 0 4.04935e+08
1721 4.3499 0.85 0.15 3.51371e+08 3514.5 3.51368e+08 60.0208 58.5228 51.0228 2.05856e+09 3052.77 3052.77 625914 0 4.04935e+08
1722 4.3499 0.925 -0.45 1.08933e+08 3514.5 1.08929e+08 430 10.58 3.07999 1.84978e+08 3322.13 3322.13 582268 0 1.50145e+08
1723 4.3499 0.925 -0.35 1.12663e+08 3514.5 1.1266e+08 430 11.1241 3.62406 1.86097e+08 3322.13 3322.13 582268 0 1.53914e+08
1724 4.3499 0.925 -0.25 1.16021e+08 3514.5 1.16018e+08 430 11.6095 4.10948 1.87025e+08 3322.13 3322.13 582268 0 1.57306e+08
1725 4.3499 0.925 -0.15 1.18572e+08 3514.5 1.18569e+08 430 11.9743 4.4743 1.87692e+08 3322.13 3322.13 582268 0 1.59882e+08
1726 4.3499 0.925 -0.05 1.19953e+08 3514.5 1.19949e+08 430 12.1688 4.66881 1.88041e+08 3322.13 3322.13 582268 0 1.61276e+08
1727 4.3499 0.925 0.05 1.19954e+08 3514.5 1.19951e+08 430 12.1652 4.66522 1.88041e+08 3322.13 3322.13 582268 0 1.61277e+08
1728 4.3499 0.925 0.15 1.18575e+08 3514.5 1.18572e+08 430 11.9634 4.46345 1.87692e+08 3322.13 3322.13 582268 0 1.59884e+08
1729 4.3499 1 -0.45 2.88203e+08 3514.5 2.882e+08 108.958 42.8717 35.3717 2.24438e+08 3591.49 3591.49 541665 0 3.30884e+08
1730 4.3499 1 -0.35 2.89338e+08 3514.5 2.89334e+08 106.708 43.1536 35.6536 2.27299e+08 3591.49 3591.49 541665 0 3.32488e+08
1731 4.3499 1 -0.25 2.90234e+08 3514.5 2.9023e+08 104.917 43.3802 35.8802 2.29687e+08 3591.49 3591.49 541665 0 3.33758e+08
1732 4.3499 1 -0.15 2.90861e+08 3514.5 2.90858e+08 103.688 43.5377 36.0377 2.31413e+08 3591.49 3591.49 541665 0 3.34643e+08
1733 4.3499 1 -0.05 2.91198e+08 3514.5 2.91194e+08 103.062 43.6186 36.1186 2.32321e+08 3591.49 3591.49 541665 0 3.3511e+08
1734 4.3499 1 0.05 2.9123e+08 3514.5 2.91226e+08 103.042 43.6204 36.1204 2.32321e+08 3591.49 3591.49 541665 0 3.35146e+08
1735 4.3499 1 0.15 2.90957e+08 3514.5 2.90954e+08 103.646 43.5415 36.0415 2.31413e+08 3591.49 3591.49 541665 0 3.34747e+08
1736 4.3499 1.075 -0.45 2.97741e+08 3514.5 2.97737e+08 90.125 45.4169 37.9169 2.57393e+08 3860.86 3860.86 503894 0 3.44367e+08
1737 4.3499 1.075 -0.35 2.98649e+08 3514.5 2.98646e+08 88.2917 45.6888 38.1888 2.61932e+08 3860.86 3860.86 503894 0 3.45661e+08
1738 4.3499 1.075 -0.25 2.99368e+08 3514.5 2.99364e+08 86.8542 45.9067 38.4067 2.65745e+08 3860.86 3860.86 503894 0 3.46682e+08
1739 4.3499 1.075 -0.15 2.99873e+08 3514.5 2.9987e+08 85.8542 46.0607 38.5607 2.68515e+08 3860.86 3860.86 503894 0 3.47398e+08
1740 4.3499 1.075 -0.05 3.00149e+08 3514.5 3.00146e+08 85.3333 46.1416 38.6416 2.69976e+08 3860.86 3860.86 503894 0 3.47784e+08
1741 4.3499 1.075 0.05 3.00185e+08 3514.5 3.00182e+08 85.3125 46.1447 38.6447 2.69976e+08 3860.86 3860.86 503894 0 3.47824e+08
1742 4.3499 1.075 0.15 2.99982e+08 3514.5 2.99978e+08 85.7708 46.0715 38.5715 2.68515e+08 3860.86 3860.86 503894 0 3.47524e+08
1743 4.3499 1.15 -0.45 3.02905e+08 3514.5 3.02902e+08 79.8333 47.0397 39.5397 2.89797e+08 4130.22 4130.22 468756 0 3.51703e+08
1744 4.3499 1.15 -0.35 3.03679e+08 3514.5 3.03676e+08 78.25 47.3123 39.8123 2.96191e+08 4130.22 4130.22 468756 0 3.52812e+08
1745 4.3499 1.15 -0.25 3.04291e+08 3514.5 3.04288e+08 76.9792 47.5347 40.0347 3.01596e+08 4130.22 4130.22 468756 0 3.53694e+08
1746 4.3499 1.15 -0.15 3.04724e+08 3514.5 3.0472e+08 76.1042 47.6916 40.1916 3.05541e+08 4130.22 4130.22 468756 0 3.54313e+08
1747 4.3499 1.15 -0.05 3.04962e+08 3514.5 3.04959e+08 75.6458 47.7749 40.2749 3.0763e+08 4130.22 4130.22 468756 0 3.54649e+08
1748 4.3499 1.15 0.05 3.05e+08 3514.5 3.04996e+08 75.6042 47.781 40.281 3.0763e+08 4130.22 4130.22 468756 0 3.54695e+08
1749 4.3499 1.15 0.15 3.04836e+08 3514.5 3.04833e+08 76 47.7077 40.2077 3.05541e+08 4130.22 4130.22 468756 0 3.54447e+08
1750 4.3499 1.225 -0.45 3.06292e+08 3514.5 3.06288e+08 72.9583 48.2717 40.7717 3.23422e+08 4399.58 4399.58 436069 0 3.56551e+08
1751 4.3499 1.225 -0.35 3.0697e+08 3514.5 3.06966e+08 71.5208 48.5513 41.0513 3.31961e+08 4399.58 4399.58 436069 0 3.57536e+08
1752 4.3499 1.225 -0.25 3.07506e+08 3514.5 3.07503e+08 70.375 48.779 41.279 3.39224e+08 4399.58 4399.58 436069 0 3.58317e+08
1753 4.3499 1.225 -0.15 3.07886e+08 3514.5 3.07883e+08 69.5833 48.9406 41.4406 3.44553e+08 4399.58 4399.58 436069 0 3.58867e+08
1754 4.3499 1.225 -0.05 3.08098e+08 3514.5 3.08095e+08 69.1667 49.0269 41.5269 3.47383e+08 4399.58 4399.58 436069 0 3.59168e+08
1755 4.3499 1.225 0.05 3.08137e+08 3514.5 3.08133e+08 69.125 49.034 41.534 3.47383e+08 4399.58 4399.58 436069 0 3.59216e+08
1756 4.3499 1.225 0.15 3.08001e+08 3514.5 3.07997e+08 69.4792 48.9597 41.4597 3.44553e+08 4399.58 4399.58 436069 0 3.59004e+08
1757 4.3499 1.3 -0.45 3.08739e+08 3514.5 3.08736e+08 67.8958 49.2856 41.7856 3.59354e+08 4668.94 4668.94 405661 0 3.60082e+08
1758 4.3499 1.3 -0.35 3.09343e+08 3514.5 3.0934e+08 66.5625 49.5735 42.0735 3.70435e+08 4668.94 4668.94 405661 0 3.60972e+08
1759 4.3499 1.3 -0.25 3.09821e+08 3514.5 3.09817e+08 65.5208 49.8064 42.3064 3.79925e+08 4668.94 4668.94 405661 0 3.61675e+08
1760 4.3499 1.3 -0.15 3.1016e+08 3514.5 3.10157e+08 64.7708 49.9751 42.4751 3.86853e+08 4668.94 4668.94 405661 0 3.62176e+08
1761 4.3499 1.3 -0.05 3.10352e+08 3514.5 3.10348e+08 64.375 50.0656 42.5656 3.9046e+08 4668.94 4668.94 405661 0 3.62453e+08
1762 4.3499 1.3 0.05 3.10391e+08 3514.5 3.10387e+08 64.3542 50.0716 42.5716 3.9046e+08 4668.94 4668.94 405661 0 3.62496e+08
1763 4.3499 1.3 0.15 3.10276e+08 3514.5 3.10272e+08 64.6667 49.9969 42.4969 3.86853e+08 4668.94 4668.94 405661 0 3.62314e+08
1764 4.511 0.7 -0.45 3.36436e+08 3514.5 3.36432e+08 60.0208 54.4682 46.9682 2.05858e+09 2514.05 2514.05 723266 0 3.89716e+08
1765 4.511 0.7 -0.35 3.36436e+08 3514.5 3.36432e+08 60.0208 54.4682 46.9682 2.05858e+09 2514.05 2514.05 723266 0 3.89716e+08
1766 4.511 0.7 -0.25 3.36436e+08 3514.5 3.36432e+08 60.0208 54.4682 46.9682 2.05858e+09 2514.05 2514.05 723266 0 3.89716e+08
1767 4.511 0.7 -0.15 3.36436e+08 3514.5 3.36432e+08 60.0208 54.4682 46.9682 2.05858e+09 2514.05 2514.05 723266 0 3.89716e+08
1768 4.511 0.7 -0.05 3.36436e+08 3514.5 3.36432e+08 60.0208 54.4682 46.9682 2.05858e+09 2514.05 2514.05 723266 0 3.89716e+08
1769 4.511 0.7 0.05 3.36436e+08 3514.5 3.36432e+08 60.0208 54.4682 46.9682 2.05858e+09 2514.05 2514.05 723266 0 3.89716e+08
1770 4.511 0.7 0.15 3.36436e+08 3514.5 3.36432e+08 60.0208 54.4682 46.9682 2.05858e+09 2514.05 2514.05 723266 0 3.89716e+08
1771 4.511 0.775 -0.45 3.36436e+08 3514.5 3.36432e+08 60.0208 54.4682 46.9682 2.05858e+09 2783.41 2783.41 672831 0 3.89716e+08
1772 4.511 0.775 -0.35 3.36436e+08 3514.5 3.36432e+08 60.0208 54.4682 46.9682 2.05858e+09 2783.41 2783.41 672831 0 3.89716e+08
1773 4.511 0.775 -0.25 3.36436e+08 3514.5 3.36432e+08 60.0208 54.4682 46.9682 2.05858e+09 2783.41 2783.41 672831 0 3.89716e+08
1774 4.511 0.775 -0.15 3.36436e+08 3514.5 3.36432e+08 60.0208 54.4682 46.9682 2.05858e+09 2783.41 2783.41 672831 0 3.89716e+08
1775 4.511 0.775 -0.05 3.36436e+08 3514.5 3.36432e+08 60.0208 54.4682 46.9682 2.05858e+09 2783.41 2783.41 672831 0 3.89716e+08
1776 4.511 0.775 0.05 3.36436e+08 3514.5 3.36432e+08 60.0208 54.4682 46.9682 2.05858e+09 2783.41 2783.41 672831 0 3.89716e+08
1777 4.511 0.775 0.15 3.36436e+08 3514.5 3.36432e+08 60.0208 54.4682 46.9682 2.05858e+09 2783.41 2783.41 672831 0 3.89716e+08
1778 4.511 0.85 -0.45 3.36436e+08 3514.5 3.36432e+08 60.0208 54.4682 46.9682 2.05858e+09 3052.77 3052.77 625914 0 3.89716e+08
1779 4.511 0.85 -0.35 3.36436e+08 3514.5 3.36432e+08 60.0208 54.4682 46.9682 2.05858e+09 3052.77 3052.77 625914 0 3.89716e+08
1780 4.511 0.85 -0.25 3.36436e+08 3514.5 3.36432e+08 60.0208 54.4682 46.9682 2.05858e+09 3052.77 3052.77 625914 0 3.89716e+08
1781 4.511 0.85 -0.15 3.36436e+08 3514.5 3.36432e+08 60.0208 54.4682 46.9682 2.05858e+09 3052.77 3052.77 625914 0 3.89716e+08
1782 4.511 0.85 -0.05 3.36436e+08 3514.5 3.36432e+08 60.0208 54.4682 46.9682 2.05858e+09 3052.77 3052.77 625914 0 3.89716e+08
1783 4.511 0.85 0.05 3.36436e+08 3514.5 3.36432e+08 60.0208 54.4682 46.9682 2.05858e+09 3052.77 3052.77 625914 0 3.89716e+08
1784 4.511 0.85 0.15 3.36436e+08 3514.5 3.36432e+08 60.0208 54.4682 46.9682 2.05858e+09 3052.77 3052.77 625914 0 3.89716e+08
1785 4.511 0.925 -0.45 1.25316e+08 3514.5 1.25312e+08 430 13.18 5.68005 1.84978e+08 3322.13 3322.13 582268 0 1.6671e+08
1786 4.511 0.925 -0.35 1.30055e+08 3514.5 1.30051e+08 430 13.8836 6.38362 1.86097e+08 3322.13 3322.13 582268 0 1.71498e+08
1787 4.511 0.925 -0.25 1.34156e+08 3514.5 1.34152e+08 430 14.4813 6.98131 1.87025e+08 3322.13 3322.13 582268 0 1.75641e+08
1788 4.511 0.925 -0.15 1.37192e+08 3514.5 1.37188e+08 430 14.9173 7.41725 1.87692e+08 3322.13 3322.13 582268 0 1.78707e+08
1789 4.511 0.925 -0.05 1.38811e+08 3514.5 1.38807e+08 430 15.1467 7.64674 1.88041e+08 3322.13 3322.13 582268 0 1.80343e+08
1790 4.511 0.925 0.05 1.38812e+08 3514.5 1.38809e+08 430 15.1448 7.64479 1.88041e+08 3322.13 3322.13 582268 0 1.80344e+08
1791 4.511 0.925 0.15 1.37195e+08 3514.5 1.37191e+08 430 14.9114 7.41136 1.87692e+08 3322.13 3322.13 582268 0 1.7871e+08
1792 4.511 1 -0.45 3.10241e+08 3514.5 3.10237e+08 98.4792 46.4778 38.9778 2.24438e+08 3591.49 3591.49 541665 0 3.5527e+08
1793 4.511 1 -0.35 3.11172e+08 3514.5 3.11169e+08 96.3542 46.7364 39.2364 2.27299e+08 3591.49 3591.49 541665 0 3.56644e+08
1794 4.511 1 -0.25 3.11909e+08 3514.5 3.11905e+08 94.6875 46.9425 39.4425 2.29687e+08 3591.49 3591.49 541665 0 3.57729e+08
1795 4.511 1 -0.15 3.12426e+08 3514.5 3.12422e+08 93.5208 47.088 39.588 2.31413e+08 3591.49 3591.49 541665 0 3.58489e+08
1796 4.511 1 -0.05 3.12705e+08 3514.5 3.12701e+08 92.9167 47.1637 39.6637 2.32321e+08 3591.49 3591.49 541665 0 3.58894e+08
1797 4.511 1 0.05 3.12735e+08 3514.5 3.12732e+08 92.8958 47.1659 39.6659 2.32321e+08 3591.49 3591.49 541665 0 3.58929e+08
1798 4.511 1 0.15 3.12516e+08 3514.5 3.12513e+08 93.4583 47.0943 39.5943 2.31413e+08 3591.49 3591.49 541665 0 3.58593e+08
1799 4.511 1.075 -0.45 3.18004e+08 3514.5 3.18e+08 80.75 48.808 41.308 2.57393e+08 3860.86 3860.86 503894 0 3.66742e+08
1800 4.511 1.075 -0.35 3.18748e+08 3514.5 3.18744e+08 79.0417 49.0587 41.5587 2.61932e+08 3860.86 3860.86 503894 0 3.67845e+08
1801 4.511 1.075 -0.25 3.19337e+08 3514.5 3.19333e+08 77.6875 49.2615 41.7615 2.65745e+08 3860.86 3860.86 503894 0 3.68719e+08
1802 4.511 1.075 -0.15 3.19753e+08 3514.5 3.19749e+08 76.7292 49.4065 41.9065 2.68515e+08 3860.86 3860.86 503894 0 3.69337e+08
1803 4.511 1.075 -0.05 3.19982e+08 3514.5 3.19978e+08 76.2292 49.483 41.983 2.69976e+08 3860.86 3860.86 503894 0 3.69671e+08
1804 4.511 1.075 0.05 3.20016e+08 3514.5 3.20012e+08 76.2083 49.4862 41.9862 2.69976e+08 3860.86 3860.86 503894 0 3.6971e+08
1805 4.511 1.075 0.15 3.19855e+08 3514.5 3.19851e+08 76.6458 49.4181 41.9181 2.68515e+08 3860.86 3860.86 503894 0 3.69456e+08
1806 4.511 1.15 -0.45 3.22178e+08 3514.5 3.22175e+08 71.0833 50.3084 42.8084 2.89797e+08 4130.22 4130.22 468756 0 3.72955e+08
1807 4.511 1.15 -0.35 3.22811e+08 3514.5 3.22808e+08 69.5833 50.5649 43.0649 2.96191e+08 4130.22 4130.22 468756 0 3.73906e+08
1808 4.511 1.15 -0.25 3.23313e+08 3514.5 3.2331e+08 68.3958 50.7729 43.2729 3.01596e+08 4130.22 4130.22 468756 0 3.7466e+08
1809 4.511 1.15 -0.15 3.23669e+08 3514.5 3.23666e+08 67.5625 50.9215 43.4215 3.05541e+08 4130.22 4130.22 468756 0 3.75193e+08
1810 4.511 1.15 -0.05 3.23868e+08 3514.5 3.23865e+08 67.1042 51.0027 43.5027 3.07629e+08 4130.22 4130.22 468756 0 3.75489e+08
1811 4.511 1.15 0.05 3.23904e+08 3514.5 3.239e+08 67.0833 51.0069 43.5069 3.07629e+08 4130.22 4130.22 468756 0 3.75529e+08
1812 4.511 1.15 0.15 3.23776e+08 3514.5 3.23772e+08 67.4375 50.9403 43.4403 3.05541e+08 4130.22 4130.22 468756 0 3.75326e+08
1813 4.511 1.225 -0.45 3.24902e+08 3514.5 3.24898e+08 64.625 51.4576 43.9576 3.23422e+08 4399.58 4399.58 436069 0 3.7705e+08
1814 4.511 1.225 -0.35 3.25457e+08 3514.5 3.25453e+08 63.2708 51.7218 44.2218 3.31961e+08 4399.58 4399.58 436069 0 3.77895e+08
1815 4.511 1.225 -0.25 3.25898e+08 3514.5 3.25894e+08 62.1875 51.9379 44.4379 3.39223e+08 4399.58 4399.58 436069 0 3.78567e+08
1816 4.511 1.225 -0.15 3.26211e+08 3514.5 3.26208e+08 61.4375 52.0914 44.5914 3.44553e+08 4399.58 4399.58 436069 0 3.79042e+08
1817 4.511 1.225 -0.05 3.26389e+08 3514.5 3.26385e+08 61.0417 52.1738 44.6738 3.47383e+08 4399.58 4399.58 436069 0 3.79304e+08
1818 4.511 1.225 0.05 3.26425e+08 3514.5 3.26422e+08 61 52.1811 44.6811 3.47383e+08 4399.58 4399.58 436069 0 3.79349e+08
1819 4.511 1.225 0.15 3.2632e+08 3514.5 3.26317e+08 61.3125 52.1131 44.6131 3.44553e+08 4399.58 4399.58 436069 0 3.79177e+08
1820 4.511 1.3 -0.45 3.26863e+08 3514.5 3.26859e+08 60.0208 52.3944 44.8944 3.59354e+08 4668.94 4668.94 405661 0 3.79998e+08
1821 4.511 1.3 -0.35 3.27377e+08 3514.5 3.27373e+08 60.0208 52.5385 45.0385 3.70435e+08 4668.94 4668.94 405661 0 3.80522e+08
1822 4.511 1.3 -0.25 3.27808e+08 3514.5 3.27804e+08 60.0208 52.6581 45.1581 3.79925e+08 4668.94 4668.94 405661 0 3.80961e+08
1823 4.511 1.3 -0.15 3.28128e+08 3514.5 3.28124e+08 60.0208 52.7448 45.2448 3.86853e+08 4668.94 4668.94 405661 0 3.81287e+08
1824 4.511 1.3 -0.05 3.28314e+08 3514.5 3.28311e+08 60.0208 52.7919 45.2919 3.9046e+08 4668.94 4668.94 405661 0 3.81477e+08
1825 4.511 1.3 0.05 3.28354e+08 3514.5 3.2835e+08 60.0208 52.7953 45.2953 3.9046e+08 4668.94 4668.94 405661 0 3.81517e+08
1826 4.511 1.3 0.15 3.28245e+08 3514.5 3.28242e+08 60.0208 52.7551 45.2551 3.86853e+08 4668.94 4668.94 405661 0 3.81406e+08
1827 4.67211 0.7 -0.45 3.18995e+08 3514.5 3.18991e+08 60.0208 50.6856 43.1856 2.05861e+09 2514.05 2514.05 723266 0 3.7201e+08
1828 4.67211 0.7 -0.35 3.18995e+08 3514.5 3.18991e+08 60.0208 50.6856 43.1856 2.05861e+09 2514.05 2514.05 723266 0 3.7201e+08
1829 4.67211 0.7 -0.25 3.18995e+08 3514.5 3.18991e+08 60.0208 50.6856 43.1856 2.05861e+09 2514.05 2514.05 723266 0 3.7201e+08
1830 4.67211 0.7 -0.15 3.18995e+08 3514.5 3.18991e+08 60.0208 50.6856 43.1856 2.05861e+09 2514.05 2514.05 723266 0 3.7201e+08
1831 4.67211 0.7 -0.05 3.18995e+08 3514.5 3.18991e+08 60.0208 50.6856 43.1856 2.05861e+09 2514.05 2514.05 723266 0 3.7201e+08
1832 4.67211 0.7 0.05 3.18995e+08 3514.5 3.18991e+08 60.0208 50.6856 43.1856 2.05861e+09 2514.05 2514.05 723266 0 3.7201e+08
1833 4.67211 0.7 0.15 3.18995e+08 3514.5 3.18991e+08 60.0208 50.6856 43.1856 2.05861e+09 2514.05 2514.05 723266 0 3.7201e+08
1834 4.67211 0.775 -0.45 3.18995e+08 3514.5 3.18991e+08 60.0208 50.6856 43.1856 2.05861e+09 2783.41 2783.41 672831 0 3.7201e+08
1835 4.67211 0.775 -0.35 3.18995e+08 3514.5 3.18991e+08 60.0208 50.6856 43.1856 2.05861e+09 2783.41 2783.41 672831 0 3.7201e+08
1836 4.67211 0.775 -0.25 3.18995e+08 3514.5 3.18991e+08 60.0208 50.6856 43.1856 2.05861e+09 2783.41 2783.41 672831 0 3.7201e+08
1837 4.67211 0.775 -0.15 3.18995e+08 3514.5 3.18991e+08 60.0208 50.6856 43.1856 2.05861e+09 2783.41 2783.41 672831 0 3.7201e+08
1838 4.67211 0.775 -0.05 3.18995e+08 3514.5 3.18991e+08 60.0208 50.6856 43.1856 2.05861e+09 2783.41 2783.41 672831 0 3.7201e+08
1839 4.67211 0.775 0.05 3.18995e+08 3514.5 3.18991e+08 60.0208 50.6856 43.1856 2.05861e+09 2783.41 2783.41 672831 0 3.7201e+08
1840 4.67211 0.775 0.15 3.18995e+08 3514.5 3.18991e+08 60.0208 50.6856 43.1856 2.05861e+09 2783.41 2783.41 672831 0 3.7201e+08
1841 4.67211 0.85 -0.45 3.18995e+08 3514.5 3.18991e+08 60.0208 50.6856 43.1856 2.05861e+09 3052.77 3052.77 625914 0 3.7201e+08
1842 4.67211 0.85 -0.35 3.18995e+08 3514.5 3.18991e+08 60.0208 50.6856 43.1856 2.05861e+09 3052.77 3052.77 625914 0 3.7201e+08
1843 4.67211 0.85 -0.25 3.18995e+08 3514.5 3.18991e+08 60.0208 50.6856 43.1856 2.05861e+09 3052.77 3052.77 625914 0 3.7201e+08
1844 4.67211 0.85 -0.15 3.18995e+08 3514.5 3.18991e+08 60.0208 50.6856 43.1856 2.05861e+09 3052.77 3052.77 625914 0 3.7201e+08
1845 4.67211 0.85 -0.05 3.18995e+08 3514.5 3.18991e+08 60.0208 50.6856 43.1856 2.05861e+09 3052.77 3052.77 625914 0 3.7201e+08
1846 4.67211 0.85 0.05 3.18995e+08 3514.5 3.18991e+08 60.0208 50.6856 43.1856 2.05861e+09 3052.77 3052.77 625914 0 3.7201e+08
1847 4.67211 0.85 0.15 3.18995e+08 3514.5 3.18991e+08 60.0208 50.6856 43.1856 2.05861e+09 3052.77 3052.77 625914 0 3.7201e+08
1848 4.67211 0.925 -0.45 1.43972e+08 3514.5 1.43969e+08 430 16.2152 8.71517 1.84978e+08 3322.13 3322.13 582268 0 1.85579e+08
1849 4.67211 0.925 -0.35 1.49321e+08 3514.5 1.49318e+08 430 16.9913 9.49129 1.86097e+08 3322.13 3322.13 582268 0 1.90982e+08
1850 4.67211 0.925 -0.25 1.53863e+08 3514.5 1.5386e+08 430 17.6389 10.1389 1.87025e+08 3322.13 3322.13 582268 0 1.95569e+08
1851 4.67211 0.925 -0.15 1.57183e+08 3514.5 1.57179e+08 430 18.106 10.606 1.87692e+08 3322.13 3322.13 582268 0 1.98922e+08
1852 4.67211 0.925 -0.05 1.5894e+08 3514.5 1.58937e+08 430 18.3508 10.8508 1.88041e+08 3322.13 3322.13 582268 0 2.00696e+08
1853 4.67211 0.925 0.05 1.58941e+08 3514.5 1.58938e+08 430 18.3499 10.8499 1.88041e+08 3322.13 3322.13 582268 0 2.00697e+08
1854 4.67211 0.925 0.15 1.57185e+08 3514.5 1.57182e+08 430 18.1035 10.6035 1.87692e+08 3322.13 3322.13 582268 0 1.98924e+08
1855 4.67211 1 -0.45 3.2899e+08 3514.5 3.28986e+08 86.7083 49.8797 42.3797 2.24438e+08 3591.49 3591.49 541665 0 3.76611e+08
1856 4.67211 1 -0.35 3.29716e+08 3514.5 3.29713e+08 84.7292 50.1137 42.6137 2.27299e+08 3591.49 3591.49 541665 0 3.7775e+08
1857 4.67211 1 -0.25 3.30291e+08 3514.5 3.30288e+08 83.1667 50.3015 42.8015 2.29687e+08 3591.49 3591.49 541665 0 3.78651e+08
1858 4.67211 1 -0.15 3.30696e+08 3514.5 3.30693e+08 82.0833 50.4333 42.9333 2.31413e+08 3591.49 3591.49 541665 0 3.79281e+08
1859 4.67211 1 -0.05 3.30917e+08 3514.5 3.30913e+08 81.5208 50.5023 43.0023 2.32321e+08 3591.49 3591.49 541665 0 3.79619e+08
1860 4.67211 1 0.05 3.30945e+08 3514.5 3.30941e+08 81.5 50.5046 43.0046 2.32321e+08 3591.49 3591.49 541665 0 3.79651e+08
1861 4.67211 1 0.15 3.3078e+08 3514.5 3.30776e+08 82.0208 50.4402 42.9402 2.31413e+08 3591.49 3591.49 541665 0 3.79378e+08
1862 4.67211 1.075 -0.45 3.34964e+08 3514.5 3.3496e+08 70.2292 51.9867 44.4867 2.57393e+08 3860.86 3860.86 503894 0 3.86028e+08
1863 4.67211 1.075 -0.35 3.35539e+08 3514.5 3.35536e+08 68.625 52.2186 44.7186 2.61932e+08 3860.86 3860.86 503894 0 3.86941e+08
1864 4.67211 1.075 -0.25 3.35996e+08 3514.5 3.35993e+08 67.3542 52.4063 44.9063 2.65745e+08 3860.86 3860.86 503894 0 3.87665e+08
1865 4.67211 1.075 -0.15 3.3632e+08 3514.5 3.36316e+08 66.4792 52.5385 45.0385 2.68515e+08 3860.86 3860.86 503894 0 3.88173e+08
1866 4.67211 1.075 -0.05 3.365e+08 3514.5 3.36497e+08 66 52.6106 45.1106 2.69976e+08 3860.86 3860.86 503894 0 3.88454e+08
1867 4.67211 1.075 0.05 3.36531e+08 3514.5 3.36528e+08 65.9792 52.6139 45.1139 2.69976e+08 3860.86 3860.86 503894 0 3.8849e+08
1868 4.67211 1.075 0.15 3.36413e+08 3514.5 3.36409e+08 66.375 52.5525 45.0525 2.68515e+08 3860.86 3860.86 503894 0 3.88288e+08
1869 4.67211 1.15 -0.45 3.38139e+08 3514.5 3.38135e+08 61.25 53.3611 45.8611 2.89797e+08 4130.22 4130.22 468756 0 3.91095e+08
1870 4.67211 1.15 -0.35 3.38627e+08 3514.5 3.38623e+08 60.0208 53.5829 46.0829 2.96191e+08 4130.22 4130.22 468756 0 3.91845e+08
1871 4.67211 1.15 -0.25 3.39027e+08 3514.5 3.39023e+08 60.0208 53.6655 46.1655 3.01596e+08 4130.22 4130.22 468756 0 3.92251e+08
1872 4.67211 1.15 -0.15 3.39323e+08 3514.5 3.39319e+08 60.0208 53.7254 46.2254 3.05541e+08 4130.22 4130.22 468756 0 3.92551e+08
1873 4.67211 1.15 -0.05 3.39494e+08 3514.5 3.3949e+08 60.0208 53.7577 46.2577 3.07629e+08 4130.22 4130.22 468756 0 3.92724e+08
1874 4.67211 1.15 0.05 3.39528e+08 3514.5 3.39524e+08 60.0208 53.7597 46.2597 3.07629e+08 4130.22 4130.22 468756 0 3.92758e+08
1875 4.67211 1.15 0.15 3.39423e+08 3514.5 3.3942e+08 60.0208 53.7314 46.2314 3.05541e+08 4130.22 4130.22 468756 0 3.92652e+08
1876 4.67211 1.225 -0.45 3.40371e+08 3514.5 3.40368e+08 60.0208 53.941 46.441 3.23422e+08 4399.58 4399.58 436069 0 3.93615e+08
1877 4.67211 1.225 -0.35 3.40913e+08 3514.5 3.4091e+08 60.0208 54.0571 46.5571 3.31961e+08 4399.58 4399.58 436069 0 3.94165e+08
1878 4.67211 1.225 -0.25 3.41367e+08 3514.5 3.41364e+08 60.0208 54.1535 46.6535 3.39223e+08 4399.58 4399.58 436069 0 3.94625e+08
1879 4.67211 1.225 -0.15 3.41703e+08 3514.5 3.41699e+08 60.0208 54.2233 46.7233 3.44553e+08 4399.58 4399.58 436069 0 3.94966e+08
1880 4.67211 1.225 -0.05 3.41897e+08 3514.5 3.41894e+08 60.0208 54.2609 46.7609 3.47383e+08 4399.58 4399.58 436069 0 3.95163e+08
1881 4.67211 1.225 0.05 3.41936e+08 3514.5 3.41932e+08 60.0208 54.2633 46.7633 3.47383e+08 4399.58 4399.58 436069 0 3.95202e+08
1882 4.67211 1.225 0.15 3.41818e+08 3514.5 3.41814e+08 60.0208 54.2302 46.7302 3.44553e+08 4399.58 4399.58 436069 0 3.95081e+08
1883 4.67211 1.3 -0.45 3.42385e+08 3514.5 3.42381e+08 60.0208 54.366 46.866 3.59354e+08 4668.94 4668.94 405661 0 3.95658e+08
1884 4.67211 1.3 -0.35 3.42984e+08 3514.5 3.4298e+08 60.0208 54.4973 46.9973 3.70435e+08 4668.94 4668.94 405661 0 3.96266e+08
1885 4.67211 1.3 -0.25 3.43485e+08 3514.5 3.43482e+08 60.0208 54.6062 47.1062 3.79925e+08 4668.94 4668.94 405661 0 3.96775e+08
1886 4.67211 1.3 -0.15 3.43857e+08 3514.5 3.43853e+08 60.0208 54.685 47.185 3.86853e+08 4668.94 4668.94 405661 0 3.97152e+08
1887 4.67211 1.3 -0.05 3.44071e+08 3514.5 3.44068e+08 60.0208 54.7276 47.2276 3.9046e+08 4668.94 4668.94 405661 0 3.9737e+08
1888 4.67211 1.3 0.05 3.44114e+08 3514.5 3.44111e+08 60.0208 54.7302 47.2302 3.9046e+08 4668.94 4668.94 405661 0 3.97413e+08
1889 4.67211 1.3 0.15 3.43984e+08 3514.5 3.43981e+08 60.0208 54.6928 47.1928 3.86853e+08 4668.94 4668.94 405661 0 3.9728e+08
1890 4.83322 0.7 -0.45 2.9913e+08 3514.5 2.99127e+08 60.0208 47.4536 39.9536 2.05865e+09 2514.05 2514.05 723266 0 3.51919e+08
1891 4.83322 0.7 -0.35 2.9913e+08 3514.5 2.99127e+08 60.0208 47.4536 39.9536 2.05865e+09 2514.05 2514.05 723266 0 3.51919e+08
1892 4.83322 0.7 -0.25 2.9913e+08 3514.5 2.99127e+08 60.0208 47.4536 39.9536 2.05865e+09 2514.05 2514.05 723266 0 3.51919e+08
1893 4.83322 0.7 -0.15 2.9913e+08 3514.5 2.99127e+08 60.0208 47.4536 39.9536 2.05865e+09 2514.05 2514.05 723266 0 3.51919e+08
1894 4.83322 0.7 -0.05 2.9913e+08 3514.5 2.99127e+08 60.0208 47.4536 39.9536 2.05865e+09 2514.05 2514.05 723266 0 3.51919e+08
1895 4.83322 0.7 0.05 2.9913e+08 3514.5 2.99127e+08 60.0208 47.4536 39.9536 2.05865e+09 2514.05 2514.05 723266 0 3.51919e+08
1896 4.83322 0.7 0.15 2.9913e+08 3514.5 2.99127e+08 60.0208 47.4536 39.9536 2.05865e+09 2514.05 2514.05 723266 0 3.51919e+08
1897 4.83322 0.775 -0.45 2.9913e+08 3514.5 2.99127e+08 60.0208 47.4536 39.9536 2.05865e+09 2783.41 2783.41 672831 0 3.51919e+08
1898 4.83322 0.775 -0.35 2.9913e+08 3514.5 2.99127e+08 60.0208 47.4536 39.9536 2.05865e+09 2783.41 2783.41 672831 0 3.51919e+08
1899 4.83322 0.775 -0.25 2.9913e+08 3514.5 2.99127e+08 60.0208 47.4536 39.9536 2.05865e+09 2783.41 2783.41 672831 0 3.51919e+08
1900 4.83322 0.775 -0.15 2.9913e+08 3514.5 2.99127e+08 60.0208 47.4536 39.9536 2.05865e+09 2783.41 2783.41 672831 0 3.51919e+08
1901 4.83322 0.775 -0.05 2.9913e+08 3514.5 2.99127e+08 60.0208 47.4536 39.9536 2.05865e+09 2783.41 2783.41 672831 0 3.51919e+08
1902 4.83322 0.775 0.05 2.9913e+08 3514.5 2.99127e+08 60.0208 47.4536 39.9536 2.05865e+09 2783.41 2783.41 672831 0 3.51919e+08
1903 4.83322 0.775 0.15 2.9913e+08 3514.5 2.99127e+08 60.0208 47.4536 39.9536 2.05865e+09 2783.41 2783.41 672831 0 3.51919e+08
1904 4.83322 0.85 -0.45 2.9913e+08 3514.5 2.99127e+08 60.0208 47.4536 39.9536 2.05865e+09 3052.77 3052.77 625914 0 3.51919e+08
1905 4.83322 0.85 -0.35 2.9913e+08 3514.5 2.99127e+08 60.0208 47.4536 39.9536 2.05865e+09 3052.77 3052.77 625914 0 3.51919e+08
1906 4.83322 0.85 -0.25 2.9913e+08 3514.5 2.99127e+08 60.0208 47.4536 39.9536 2.05865e+09 3052.77 3052.77 625914 0 3.51919e+08
1907 4.83322 0.85 -0.15 2.9913e+08 3514.5 2.99127e+08 60.0208 47.4536 39.9536 2.05865e+09 3052.77 3052.77 625914 0 3.51919e+08
1908 4.83322 0.85 -0.05 2.9913e+08 3514.5 2.99127e+08 60.0208 47.4536 39.9536 2.05865e+09 3052.77 3052.77 625914 0 3.51919e+08
1909 4.83322 0.85 0.05 2.9913e+08 3514.5 2.99127e+08 60.0208 47.4536 39.9536 2.05865e+09 3052.77 3052.77 625914 0 3.51919e+08
1910 4.83322 0.85 0.15 2.9913e+08 3514.5 2.99127e+08 60.0208 47.4536 39.9536 2.05865e+09 3052.77 3052.77 625914 0 3.51919e+08
1911 4.83322 0.925 -0.45 1.63738e+08 3514.5 1.63734e+08 430 19.4215 11.9215 1.84978e+08 3322.13 3322.13 582268 0 2.05569e+08
1912 4.83322 0.925 -0.35 1.69429e+08 3514.5 1.69425e+08 430 20.2265 12.7265 1.86097e+08 3322.13 3322.13 582268 0 2.11316e+08
1913 4.83322 0.925 -0.25 1.74209e+08 3514.5 1.74206e+08 430 20.8927 13.3927 1.87025e+08 3322.13 3322.13 582268 0 2.16143e+08
1914 4.83322 0.925 -0.15 1.77678e+08 3514.5 1.77675e+08 430 21.3705 13.8705 1.87692e+08 3322.13 3322.13 582268 0 2.19646e+08
1915 4.83322 0.925 -0.05 1.79506e+08 3514.5 1.79503e+08 430 21.6204 14.1204 1.88041e+08 3322.13 3322.13 582268 0 2.21491e+08
1916 4.83322 0.925 0.05 1.79507e+08 3514.5 1.79504e+08 430 21.6204 14.1204 1.88041e+08 3322.13 3322.13 582268 0 2.21492e+08
1917 4.83322 0.925 0.15 1.77681e+08 3514.5 1.77677e+08 430 21.3704 13.8704 1.87692e+08 3322.13 3322.13 582268 0 2.19648e+08
1918 4.83322 1 -0.45 3.43961e+08 3514.5 3.43958e+08 72.8958 53.0547 45.5547 2.24438e+08 3591.49 3591.49 541665 0 3.94567e+08
1919 4.83322 1 -0.35 3.44481e+08 3514.5 3.44478e+08 71.0833 53.2616 45.7616 2.27299e+08 3591.49 3591.49 541665 0 3.95464e+08
1920 4.83322 1 -0.25 3.44893e+08 3514.5 3.4489e+08 69.6458 53.4285 45.9285 2.29687e+08 3591.49 3591.49 541665 0 3.96175e+08
1921 4.83322 1 -0.15 3.45184e+08 3514.5 3.45181e+08 68.6458 53.5462 46.0462 2.31413e+08 3591.49 3591.49 541665 0 3.96675e+08
1922 4.83322 1 -0.05 3.45345e+08 3514.5 3.45341e+08 68.125 53.608 46.108 2.32321e+08 3591.49 3591.49 541665 0 3.96944e+08
1923 4.83322 1 0.05 3.4537e+08 3514.5 3.45366e+08 68.1042 53.6104 46.1104 2.32321e+08 3591.49 3591.49 541665 0 3.96973e+08
1924 4.83322 1 0.15 3.45259e+08 3514.5 3.45255e+08 68.5625 53.5552 46.0552 2.31413e+08 3591.49 3591.49 541665 0 3.96766e+08
1925 4.83322 1.075 -0.45 3.48171e+08 3514.5 3.48167e+08 60.0208 54.7143 47.2143 2.57393e+08 3860.86 3860.86 503894 0 4.01468e+08
1926 4.83322 1.075 -0.35 3.48624e+08 3514.5 3.4862e+08 60.0208 54.7849 47.2849 2.61932e+08 3860.86 3860.86 503894 0 4.01926e+08
1927 4.83322 1.075 -0.25 3.49002e+08 3514.5 3.48999e+08 60.0208 54.8435 47.3435 2.65745e+08 3860.86 3860.86 503894 0 4.02309e+08
1928 4.83322 1.075 -0.15 3.49282e+08 3514.5 3.49278e+08 60.0208 54.8859 47.3859 2.68515e+08 3860.86 3860.86 503894 0 4.02591e+08
1929 4.83322 1.075 -0.05 3.49442e+08 3514.5 3.49439e+08 60.0208 54.9086 47.4086 2.69976e+08 3860.86 3860.86 503894 0 4.02753e+08
1930 4.83322 1.075 0.05 3.49472e+08 3514.5 3.49469e+08 60.0208 54.9097 47.4097 2.69976e+08 3860.86 3860.86 503894 0 4.02783e+08
1931 4.83322 1.075 0.15 3.4937e+08 3514.5 3.49366e+08 60.0208 54.8891 47.3891 2.68515e+08 3860.86 3860.86 503894 0 4.0268e+08
1932 4.83322 1.15 -0.45 3.50993e+08 3514.5 3.50989e+08 60.0208 55.1576 47.6576 2.89797e+08 4130.22 4130.22 468756 0 4.04321e+08
1933 4.83322 1.15 -0.35 3.51531e+08 3514.5 3.51527e+08 60.0208 55.2452 47.7452 2.96191e+08 4130.22 4130.22 468756 0 4.04865e+08
1934 4.83322 1.15 -0.25 3.5198e+08 3514.5 3.51977e+08 60.0208 55.318 47.818 3.01596e+08 4130.22 4130.22 468756 0 4.0532e+08
1935 4.83322 1.15 -0.15 3.52313e+08 3514.5 3.52309e+08 60.0208 55.3706 47.8706 3.05541e+08 4130.22 4130.22 468756 0 4.05656e+08
1936 4.83322 1.15 -0.05 3.52503e+08 3514.5 3.525e+08 60.0208 55.3988 47.8988 3.07629e+08 4130.22 4130.22 468756 0 4.05849e+08
1937 4.83322 1.15 0.05 3.52539e+08 3514.5 3.52535e+08 60.0208 55.4002 47.9002 3.07629e+08 4130.22 4130.22 468756 0 4.05884e+08
1938 4.83322 1.15 0.15 3.52418e+08 3514.5 3.52414e+08 60.0208 55.3746 47.8746 3.05541e+08 4130.22 4130.22 468756 0 4.05762e+08
1939 4.83322 1.225 -0.45 3.53452e+08 3514.5 3.53448e+08 60.0208 55.5609 48.0609 3.23422e+08 4399.58 4399.58 436069 0 4.06808e+08
1940 4.83322 1.225 -0.35 3.54062e+08 3514.5 3.54059e+08 60.0208 55.6639 48.1639 3.31961e+08 4399.58 4399.58 436069 0 4.07426e+08
1941 4.83322 1.225 -0.25 3.54573e+08 3514.5 3.54569e+08 60.0208 55.7493 48.2493 3.39223e+08 4399.58 4399.58 436069 0 4.07943e+08
1942 4.83322 1.225 -0.15 3.5495e+08 3514.5 3.54946e+08 60.0208 55.8111 48.3111 3.44553e+08 4399.58 4399.58 436069 0 4.08324e+08
1943 4.83322 1.225 -0.05 3.55166e+08 3514.5 3.55163e+08 60.0208 55.8441 48.3441 3.47383e+08 4399.58 4399.58 436069 0 4.08543e+08
1944 4.83322 1.225 0.05 3.55207e+08 3514.5 3.55203e+08 60.0208 55.8457 48.3457 3.47383e+08 4399.58 4399.58 436069 0 4.08584e+08
1945 4.83322 1.225 0.15 3.5507e+08 3514.5 3.55067e+08 60.0208 55.8156 48.3156 3.44553e+08 4399.58 4399.58 436069 0 4.08445e+08
1946 4.83322 1.3 -0.45 3.55677e+08 3514.5 3.55674e+08 60.0208 55.9381 48.4381 3.59354e+08 4668.94 4668.94 405661 0 4.0906e+08
1947 4.83322 1.3 -0.35 3.56353e+08 3514.5 3.56349e+08 60.0208 56.0551 48.5551 3.70435e+08 4668.94 4668.94 405661 0 4.09744e+08
1948 4.83322 1.3 -0.25 3.56917e+08 3514.5 3.56913e+08 60.0208 56.1522 48.6522 3.79925e+08 4668.94 4668.94 405661 0 4.10315e+08
1949 4.83322 1.3 -0.15 3.57334e+08 3514.5 3.5733e+08 60.0208 56.2224 48.7224 3.86853e+08 4668.94 4668.94 405661 0 4.10736e+08
1950 4.83322 1.3 -0.05 3.57573e+08 3514.5 3.5757e+08 60.0208 56.2599 48.7599 3.9046e+08 4668.94 4668.94 405661 0 4.10979e+08
1951 4.83322 1.3 0.05 3.57618e+08 3514.5 3.57615e+08 60.0208 56.2617 48.7617 3.9046e+08 4668.94 4668.94 405661 0 4.11024e+08
1952 4.83322 1.3 0.15 3.57468e+08 3514.5 3.57464e+08 60.0208 56.2275 48.7275 3.86853e+08 4668.94 4668.94 405661 0 4.10871e+08
1953 4.99433 0.7 -0.45 2.76985e+08 3514.5 2.76981e+08 60.0208 45.0965 37.5965 2.0587e+09 2514.05 2514.05 723266 0 3.29609e+08
1954 4.99433 0.7 -0.35 2.76985e+08 3514.5 2.76981e+08 60.0208 45.0965 37.5965 2.0587e+09 2514.05 2514.05 723266 0 3.29609e+08
1955 4.99433 0.7 -0.25 2.76985e+08 3514.5 2.76981e+08 60.0208 45.0965 37.5965 2.0587e+09 2514.05 2514.05 723266 0 3.29609e+08
1956 4.99433 0.7 -0.15 2.76985e+08 3514.5 2.76981e+08 60.0208 45.0965 37.5965 2.0587e+09 2514.05 2514.05 723266 0 3.29609e+08
1957 4.99433 0.7 -0.05 2.76985e+08 3514.5 2.76981e+08 60.0208 45.0965 37.5965 2.0587e+09 2514.05 2514.05 723266 0 3.29609e+08
1958 4.99433 0.7 0.05 2.76985e+08 3514.5 2.76981e+08 60.0208 45.0965 37.5965 2.0587e+09 2514.05 2514.05 723266 0 3.29609e+08
1959 4.99433 0.7 0.15 2.76985e+08 3514.5 2.76981e+08 60.0208 45.0965 37.5965 2.0587e+09 2514.05 2514.05 723266 0 3.29609e+08
1960 4.99433 0.775 -0.45 2.76985e+08 3514.5 2.76981e+08 60.0208 45.0965 37.5965 2.0587e+09 2783.41 2783.41 672831 0 3.29609e+08
1961 4.99433 0.775 -0.35 2.76985e+08 3514.5 2.76981e+08 60.0208 45.0965 37.5965 2.0587e+09 2783.41 2783.41 672831 0 3.29609e+08
1962 4.99433 0.775 -0.25 2.76985e+08 3514.5 2.76981e+08 60.0208 45.0965 37.5965 2.0587e+09 2783.41 2783.41 672831 0 3.29609e+08
1963 4.99433 0.775 -0.15 2.76985e+08 3514.5 2.76981e+08 60.0208 45.0965 37.5965 2.0587e+09 2783.41 2783.41 672831 0 3.29609e+08
1964 4.99433 0.775 -0.05 2.76985e+08 3514.5 2.76981e+08 60.0208 45.0965 37.5965 2.0587e+09 2783.41 2783.41 672831 0 3.29609e+08
1965 4.99433 0.775 0.05 2.76985e+08 3514.5 2.76981e+08 60.0208 45.0965 37.5965 2.0587e+09 2783.41 2783.41 672831 0 3.29609e+08
1966 4.99433 0.775 0.15 2.76985e+08 3514.5 2.76981e+08 60.0208 45.0965 37.5965 2.0587e+09 2783.41 2783.41 672831 0 3.29609e+08
1967 4.99433 0.85 -0.45 2.76985e+08 3514.5 2.76981e+08 60.0208 45.0965 37.5965 2.0587e+09 3052.77 3052.77 625914 0 3.29609e+08
1968 4.99433 0.85 -0.35 2.76985e+08 3514.5 2.76981e+08 60.0208 45.0965 37.5965 2.0587e+09 3052.77 3052.77 625914 0 3.29609e+08
1969 4.99433 0.85 -0.25 2.76985e+08 3514.5 2.76981e+08 60.0208 45.0965 37.5965 2.0587e+09 3052.77 3052.77 625914 0 3.29609e+08
1970 4.99433 0.85 -0.15 2.76985e+08 3514.5 2.76981e+08 60.0208 45.0965 37.5965 2.0587e+09 3052.77 3052.77 625914 0 3.29609e+08
1971 4.99433 0.85 -0.05 2.76985e+08 3514.5 2.76981e+08 60.0208 45.0965 37.5965 2.0587e+09 3052.77 3052.77 625914 0 3.29609e+08
1972 4.99433 0.85 0.05 2.76985e+08 3514.5 2.76981e+08 60.0208 45.0965 37.5965 2.0587e+09 3052.77 3052.77 625914 0 3.29609e+08
1973 4.99433 0.85 0.15 2.76985e+08 3514.5 2.76981e+08 60.0208 45.0965 37.5965 2.0587e+09 3052.77 3052.77 625914 0 3.29609e+08
1974 4.99433 0.925 -0.45 1.83878e+08 3514.5 1.83874e+08 430 22.6747 15.1747 1.84978e+08 3322.13 3322.13 582268 0 2.25936e+08
1975 4.99433 0.925 -0.35 1.89727e+08 3514.5 1.89723e+08 430 23.4849 15.9849 1.86097e+08 3322.13 3322.13 582268 0 2.31842e+08
1976 4.99433 0.925 -0.25 1.94608e+08 3514.5 1.94605e+08 430 24.1521 16.6521 1.87025e+08 3322.13 3322.13 582268 0 2.36771e+08
1977 4.99433 0.925 -0.15 1.98134e+08 3514.5 1.9813e+08 430 24.6291 17.1291 1.87692e+08 3322.13 3322.13 582268 0 2.40329e+08
1978 4.99433 0.925 -0.05 1.99986e+08 3514.5 1.99983e+08 430 24.8784 17.3784 1.88041e+08 3322.13 3322.13 582268 0 2.42199e+08
1979 4.99433 0.925 0.05 1.99987e+08 3514.5 1.99984e+08 430 24.8789 17.3789 1.88041e+08 3322.13 3322.13 582268 0 2.422e+08
1980 4.99433 0.925 0.15 1.98136e+08 3514.5 1.98132e+08 430 24.6308 17.1308 1.87692e+08 3322.13 3322.13 582268 0 2.40331e+08
1981 4.99433 1 -0.45 3.54574e+08 3514.5 3.5457e+08 60.0208 55.5886 48.0886 2.24438e+08 3591.49 3591.49 541665 0 4.07932e+08
1982 4.99433 1 -0.35 3.54953e+08 3514.5 3.5495e+08 60.0208 55.6303 48.1303 2.27299e+08 3591.49 3591.49 541665 0 4.08315e+08
1983 4.99433 1 -0.25 3.5527e+08 3514.5 3.55267e+08 60.0208 55.6649 48.1649 2.29687e+08 3591.49 3591.49 541665 0 4.08634e+08
1984 4.99433 1 -0.15 3.55504e+08 3514.5 3.555e+08 60.0208 55.6899 48.1899 2.31413e+08 3591.49 3591.49 541665 0 4.08869e+08
1985 4.99433 1 -0.05 3.55637e+08 3514.5 3.55633e+08 60.0208 55.7031 48.2031 2.32321e+08 3591.49 3591.49 541665 0 4.09003e+08
1986 4.99433 1 0.05 3.5566e+08 3514.5 3.55656e+08 60.0208 55.7035 48.2035 2.32321e+08 3591.49 3591.49 541665 0 4.09026e+08
1987 4.99433 1 0.15 3.55571e+08 3514.5 3.55568e+08 60.0208 55.691 48.191 2.31413e+08 3591.49 3591.49 541665 0 4.08937e+08
1988 4.99433 1.075 -0.45 3.58364e+08 3514.5 3.5836e+08 60.0208 56.0147 48.5147 2.57393e+08 3860.86 3860.86 503894 0 4.11752e+08
1989 4.99433 1.075 -0.35 3.58861e+08 3514.5 3.58858e+08 60.0208 56.0742 48.5742 2.61932e+08 3860.86 3860.86 503894 0 4.12254e+08
1990 4.99433 1.075 -0.25 3.59276e+08 3514.5 3.59273e+08 60.0208 56.1236 48.6236 2.65745e+08 3860.86 3860.86 503894 0 4.12672e+08
1991 4.99433 1.075 -0.15 3.59582e+08 3514.5 3.59579e+08 60.0208 56.1592 48.6592 2.68515e+08 3860.86 3860.86 503894 0 4.1298e+08
1992 4.99433 1.075 -0.05 3.59757e+08 3514.5 3.59753e+08 60.0208 56.1781 48.6781 2.69976e+08 3860.86 3860.86 503894 0 4.13156e+08
1993 4.99433 1.075 0.05 3.59787e+08 3514.5 3.59783e+08 60.0208 56.1786 48.6786 2.69976e+08 3860.86 3860.86 503894 0 4.13187e+08
1994 4.99433 1.075 0.15 3.59672e+08 3514.5 3.59668e+08 60.0208 56.1607 48.6607 2.68515e+08 3860.86 3860.86 503894 0 4.1307e+08
1995 4.99433 1.15 -0.45 3.61427e+08 3514.5 3.61423e+08 60.0208 56.3889 48.8889 2.89797e+08 4130.22 4130.22 468756 0 4.14841e+08
1996 4.99433 1.15 -0.35 3.62018e+08 3514.5 3.62014e+08 60.0208 56.4637 48.9637 2.96191e+08 4130.22 4130.22 468756 0 4.15437e+08
1997 4.99433 1.15 -0.25 3.62511e+08 3514.5 3.62507e+08 60.0208 56.5258 49.0258 3.01596e+08 4130.22 4130.22 468756 0 4.15935e+08
1998 4.99433 1.15 -0.15 3.62874e+08 3514.5 3.6287e+08 60.0208 56.5706 49.0706 3.05541e+08 4130.22 4130.22 468756 0 4.16301e+08
1999 4.99433 1.15 -0.05 3.63081e+08 3514.5 3.63078e+08 60.0208 56.5944 49.0944 3.07629e+08 4130.22 4130.22 468756 0 4.1651e+08
2000 4.99433 1.15 0.05 3.63118e+08 3514.5 3.63114e+08 60.0208 56.595 49.095 3.07629e+08 4130.22 4130.22 468756 0 4.16547e+08
2001 4.99433 1.15 0.15 3.62981e+08 3514.5 3.62978e+08 60.0208 56.5724 49.0724 3.05541e+08 4130.22 4130.22 468756 0 4.16409e+08
2002 4.99433 1.225 -0.45 3.64095e+08 3514.5 3.64091e+08 60.0208 56.7338 49.2338 3.23422e+08 4399.58 4399.58 436069 0 4.17534e+08
2003 4.99433 1.225 -0.35 3.64765e+08 3514.5 3.64762e+08 60.0208 56.8225 49.3225 3.31961e+08 4399.58 4399.58 436069 0 4.1821e+08
2004 4.99433 1.225 -0.25 3.65325e+08 3514.5 3.65322e+08 60.0208 56.896 49.396 3.39223e+08 4399.58 4399.58 436069 0 4.18775e+08
2005 4.99433 1.225 -0.15 3.65738e+08 3514.5 3.65734e+08 60.0208 56.9491 49.4491 3.44553e+08 4399.58 4399.58 436069 0 4.19191e+08
2006 4.99433 1.225 -0.05 3.65973e+08 3514.5 3.6597e+08 60.0208 56.9772 49.4772 3.47383e+08 4399.58 4399.58 436069 0 4.19429e+08
2007 4.99433 1.225 0.05 3.66015e+08 3514.5 3.66011e+08 60.0208 56.978 49.478 3.47383e+08 4399.58 4399.58 436069 0 4.1947e+08
2008 4.99433 1.225 0.15 3.6586e+08 3514.5 3.65857e+08 60.0208 56.9512 49.4512 3.44553e+08 4399.58 4399.58 436069 0 4.19314e+08
2009 4.99433 1.3 -0.45 3.66508e+08 3514.5 3.66505e+08 60.0208 57.0595 49.5595 3.59354e+08 4668.94 4668.94 405661 0 4.1997e+08
2010 4.99433 1.3 -0.35 3.6725e+08 3514.5 3.67246e+08 60.0208 57.161 49.661 3.70435e+08 4668.94 4668.94 405661 0 4.20718e+08
2011 4.99433 1.3 -0.25 3.67869e+08 3514.5 3.67865e+08 60.0208 57.2452 49.7452 3.79925e+08 4668.94 4668.94 405661 0 4.21343e+08
2012 4.99433 1.3 -0.15 3.68325e+08 3514.5 3.68321e+08 60.0208 57.3059 49.8059 3.86853e+08 4668.94 4668.94 405661 0 4.21803e+08
2013 4.99433 1.3 -0.05 3.68585e+08 3514.5 3.68582e+08 60.0208 57.3381 49.8381 3.9046e+08 4668.94 4668.94 405661 0 4.22066e+08
2014 4.99433 1.3 0.05 3.68631e+08 3514.5 3.68628e+08 60.0208 57.3389 49.8389 3.9046e+08 4668.94 4668.94 405661 0 4.22112e+08
2015 4.99433 1.3 0.15 3.68461e+08 3514.5 3.68458e+08 60.0208 57.3083 49.8083 3.86853e+08 4668.94 4668.94 405661 0 4.2194e+08
2016 5.15543 0.7 -0.45 2.52772e+08 3514.5 2.52768e+08 60.0208 43.9223 36.4223 2.05878e+09 2514.05 2514.05 723266 0 3.05314e+08
2017 5.15543 0.7 -0.35 2.52772e+08 3514.5 2.52768e+08 60.0208 43.9223 36.4223 2.05878e+09 2514.05 2514.05 723266 0 3.05314e+08
2018 5.15543 0.7 -0.25 2.52772e+08 3514.5 2.52768e+08 60.0208 43.9223 36.4223 2.05878e+09 2514.05 2514.05 723266 0 3.05314e+08
2019 5.15543 0.7 -0.15 2.52772e+08 3514.5 2.52768e+08 60.0208 43.9223 36.4223 2.05878e+09 2514.05 2514.05 723266 0 3.05314e+08
2020 5.15543 0.7 -0.05 2.52772e+08 3514.5 2.52768e+08 60.0208 43.9223 36.4223 2.05878e+09 2514.05 2514.05 723266 0 3.05314e+08
2021 5.15543 0.7 0.05 2.52772e+08 3514.5 2.52768e+08 60.0208 43.9223 36.4223 2.05878e+09 2514.05 2514.05 723266 0 3.05314e+08
2022 5.15543 0.7 0.15 2.52772e+08 3514.5 2.52768e+08 60.0208 43.9223 36.4223 2.05878e+09 2514.05 2514.05 723266 0 3.05314e+08
2023 5.15543 0.775 -0.45 2.52772e+08 3514.5 2.52768e+08 60.0208 43.9223 36.4223 2.05878e+09 2783.41 2783.41 672831 0 3.05314e+08
2024 5.15543 0.775 -0.35 2.52772e+08 3514.5 2.52768e+08 60.0208 43.9223 36.4223 2.05878e+09 2783.41 2783.41 672831 0 3.05314e+08
2025 5.15543 0.775 -0.25 2.52772e+08 3514.5 2.52768e+08 60.0208 43.9223 36.4223 2.05878e+09 2783.41 2783.41 672831 0 3.05314e+08
2026 5.15543 0.775 -0.15 2.52772e+08 3514.5 2.52768e+08 60.0208 43.9223 36.4223 2.05878e+09 2783.41 2783.41 672831 0 3.05314e+08
2027 5.15543 0.775 -0.05 2.52772e+08 3514.5 2.52768e+08 60.0208 43.9223 36.4223 2.05878e+09 2783.41 2783.41 672831 0 3.05314e+08
2028 5.15543 0.775 0.05 2.52772e+08 3514.5 2.52768e+08 60.0208 43.9223 36.4223 2.05878e+09 2783.41 2783.41 672831 0 3.05314e+08
2029 5.15543 0.775 0.15 2.52772e+08 3514.5 2.52768e+08 60.0208 43.9223 36.4223 2.05878e+09 2783.41 2783.41 672831 0 3.05314e+08
2030 5.15543 0.85 -0.45 2.52772e+08 3514.5 2.52768e+08 60.0208 43.9223 36.4223 2.05878e+09 3052.77 3052.77 625914 0 3.05314e+08
2031 5.15543 0.85 -0.35 2.52772e+08 3514.5 2.52768e+08 60.0208 43.9223 36.4223 2.05878e+09 3052.77 3052.77 625914 0 3.05314e+08
2032 5.15543 0.85 -0.25 2.52772e+08 3514.5 2.52768e+08 60.0208 43.9223 36.4223 2.05878e+09 3052.77 3052.77 625914 0 3.05314e+08
2033 5.15543 0.85 -0.15 2.52772e+08 3514.5 2.52768e+08 60.0208 43.9223 36.4223 2.05878e+09 3052.77 3052.77 625914 0 3.05314e+08
2034 5.15543 0.85 -0.05 2.52772e+08 3514.5 2.52768e+08 60.0208 43.9223 36.4223 2.05878e+09 3052.77 3052.77 625914 0 3.05314e+08
2035 5.15543 0.85 0.05 2.52772e+08 3514.5 2.52768e+08 60.0208 43.9223 36.4223 2.05878e+09 3052.77 3052.77 625914 0 3.05314e+08
2036 5.15543 0.85 0.15 2.52772e+08 3514.5 2.52768e+08 60.0208 43.9223 36.4223 2.05878e+09 3052.77 3052.77 625914 0 3.05314e+08
2037 5.15543 0.925 -0.45 2.03916e+08 3514.5 2.03913e+08 430 25.9116 18.4116 1.84978e+08 3322.13 3322.13 582268 0 2.46202e+08
2038 5.15543 0.925 -0.35 2.09794e+08 3514.5 2.0979e+08 430 26.7126 19.2126 1.86097e+08 3322.13 3322.13 582268 0 2.52135e+08
2039 5.15543 0.925 -0.25 2.14676e+08 3514.5 2.14673e+08 430 27.37 19.87 1.87025e+08 3322.13 3322.13 582268 0 2.57064e+08
2040 5.15543 0.925 -0.15 2.18191e+08 3514.5 2.18187e+08 430 27.8389 20.3389 1.87692e+08 3322.13 3322.13 582268 0 2.60611e+08
2041 5.15543 0.925 -0.05 2.20034e+08 3514.5 2.2003e+08 430 28.0837 20.5837 1.88041e+08 3322.13 3322.13 582268 0 2.62471e+08
2042 5.15543 0.925 0.05 2.20035e+08 3514.5 2.20031e+08 430 28.0847 20.5847 1.88041e+08 3322.13 3322.13 582268 0 2.62472e+08
2043 5.15543 0.925 0.15 2.18192e+08 3514.5 2.18189e+08 430 27.8419 20.3419 1.87692e+08 3322.13 3322.13 582268 0 2.60613e+08
2044 5.15543 1 -0.45 3.61947e+08 3514.5 3.61944e+08 60.0208 56.4995 48.9995 2.24438e+08 3591.49 3591.49 541665 0 4.15369e+08
2045 5.15543 1 -0.35 3.62355e+08 3514.5 3.62351e+08 60.0208 56.5319 49.0319 2.27299e+08 3591.49 3591.49 541665 0 4.15779e+08
2046 5.15543 1 -0.25 3.62695e+08 3514.5 3.62692e+08 60.0208 56.5589 49.0589 2.29687e+08 3591.49 3591.49 541665 0 4.16122e+08
2047 5.15543 1 -0.15 3.62945e+08 3514.5 3.62942e+08 60.0208 56.5783 49.0783 2.31413e+08 3591.49 3591.49 541665 0 4.16373e+08
2048 5.15543 1 -0.05 3.63087e+08 3514.5 3.63083e+08 60.0208 56.5884 49.0884 2.32321e+08 3591.49 3591.49 541665 0 4.16515e+08
2049 5.15543 1 0.05 3.6311e+08 3514.5 3.63106e+08 60.0208 56.5883 49.0883 2.32321e+08 3591.49 3591.49 541665 0 4.16538e+08
2050 5.15543 1 0.15 3.63013e+08 3514.5 3.63009e+08 60.0208 56.5781 49.0781 2.31413e+08 3591.49 3591.49 541665 0 4.1644e+08
2051 5.15543 1.075 -0.45 3.65989e+08 3514.5 3.65985e+08 60.0208 56.8325 49.3325 2.57393e+08 3860.86 3860.86 503894 0 4.19434e+08
2052 5.15543 1.075 -0.35 3.66523e+08 3514.5 3.6652e+08 60.0208 56.8802 49.3802 2.61932e+08 3860.86 3860.86 503894 0 4.19972e+08
2053 5.15543 1.075 -0.25 3.66969e+08 3514.5 3.66965e+08 60.0208 56.9198 49.4198 2.65745e+08 3860.86 3860.86 503894 0 4.20421e+08
2054 5.15543 1.075 -0.15 3.67297e+08 3514.5 3.67293e+08 60.0208 56.9483 49.4483 2.68514e+08 3860.86 3860.86 503894 0 4.2075e+08
2055 5.15543 1.075 -0.05 3.67482e+08 3514.5 3.67479e+08 60.0208 56.9632 49.4632 2.69976e+08 3860.86 3860.86 503894 0 4.20937e+08
2056 5.15543 1.075 0.05 3.67512e+08 3514.5 3.67509e+08 60.0208 56.9631 49.4631 2.69976e+08 3860.86 3860.86 503894 0 4.20967e+08
2057 5.15543 1.075 0.15 3.67386e+08 3514.5 3.67382e+08 60.0208 56.9481 49.4481 2.68514e+08 3860.86 3860.86 503894 0 4.20839e+08
2058 5.15543 1.15 -0.45 3.69257e+08 3514.5 3.69254e+08 60.0208 57.1338 49.6338 2.89797e+08 4130.22 4130.22 468756 0 4.22724e+08
2059 5.15543 1.15 -0.35 3.69892e+08 3514.5 3.69889e+08 60.0208 57.1949 49.6949 2.96191e+08 4130.22 4130.22 468756 0 4.23363e+08
2060 5.15543 1.15 -0.25 3.70422e+08 3514.5 3.70418e+08 60.0208 57.2456 49.7456 3.01596e+08 4130.22 4130.22 468756 0 4.23896e+08
2061 5.15543 1.15 -0.15 3.70811e+08 3514.5 3.70808e+08 60.0208 57.282 49.782 3.05541e+08 4130.22 4130.22 468756 0 4.24288e+08
2062 5.15543 1.15 -0.05 3.71032e+08 3514.5 3.71029e+08 60.0208 57.3011 49.8011 3.07629e+08 4130.22 4130.22 468756 0 4.24511e+08
2063 5.15543 1.15 0.05 3.71068e+08 3514.5 3.71065e+08 60.0208 57.301 49.801 3.07629e+08 4130.22 4130.22 468756 0 4.24546e+08
2064 5.15543 1.15 0.15 3.70918e+08 3514.5 3.70914e+08 60.0208 57.2818 49.7818 3.05541e+08 4130.22 4130.22 468756 0 4.24395e+08
2065 5.15543 1.225 -0.45 3.72104e+08 3514.5 3.721e+08 60.0208 57.4167 49.9167 3.23422e+08 4399.58 4399.58 436069 0 4.2559e+08
2066 5.15543 1.225 -0.35 3.72825e+08 3514.5 3.72822e+08 60.0208 57.4901 49.9901 3.31961e+08 4399.58 4399.58 436069 0 4.26317e+08
2067 5.15543 1.225 -0.25 3.73427e+08 3514.5 3.73423e+08 60.0208 57.551 50.051 3.39223e+08 4399.58 4399.58 436069 0 4.26923e+08
2068 5.15543 1.225 -0.15 3.73869e+08 3514.5 3.73865e+08 60.0208 57.5948 50.0948 3.44553e+08 4399.58 4399.58 436069 0 4.27368e+08
2069 5.15543 1.225 -0.05 3.7412e+08 3514.5 3.74116e+08 60.0208 57.6177 50.1177 3.47383e+08 4399.58 4399.58 436069 0 4.2762e+08
2070 5.15543 1.225 0.05 3.74161e+08 3514.5 3.74157e+08 60.0208 57.6176 50.1176 3.47383e+08 4399.58 4399.58 436069 0 4.27661e+08
2071 5.15543 1.225 0.15 3.7399e+08 3514.5 3.73987e+08 60.0208 57.5945 50.0945 3.44553e+08 4399.58 4399.58 436069 0 4.27489e+08
2072 5.15543 1.3 -0.45 3.74678e+08 3514.5 3.74674e+08 60.0208 57.6876 50.1876 3.59354e+08 4668.94 4668.94 405661 0 4.28183e+08
2073 5.15543 1.3 -0.35 3.75476e+08 3514.5 3.75472e+08 60.0208 57.7726 50.2726 3.70435e+08 4668.94 4668.94 405661 0 4.28987e+08
2074 5.15543 1.3 -0.25 3.76141e+08 3514.5 3.76138e+08 60.0208 57.843 50.343 3.79925e+08 4668.94 4668.94 405661 0 4.29657e+08
2075 5.15543 1.3 -0.15 3.7663e+08 3514.5 3.76627e+08 60.0208 57.8937 50.3937 3.86853e+08 4668.94 4668.94 405661 0 4.3015e+08
2076 5.15543 1.3 -0.05 3.76908e+08 3514.5 3.76904e+08 60.0208 57.9202 50.4202 3.9046e+08 4668.94 4668.94 405661 0 4.30429e+08
2077 5.15543 1.3 0.05 3.76953e+08 3514.5 3.7695e+08 60.0208 57.9201 50.4201 3.9046e+08 4668.94 4668.94 405661 0 4.30475e+08
2078 5.15543 1.3 0.15 3.76765e+08 3514.5 3.76762e+08 60.0208 57.8933 50.3933 3.86853e+08 4668.94 4668.94 405661 0 4.30285e+08
2079 5.31654 0.7 -0.45 2.26782e+08 3514.5 2.26779e+08 60.0208 44.1249 36.6249 2.05888e+09 2514.05 2514.05 723266 0 2.79338e+08
2080 5.31654 0.7 -0.35 2.26782e+08 3514.5 2.26779e+08 60.0208 44.1249 36.6249 2.05888e+09 2514.05 2514.05 723266 0 2.79338e+08
2081 5.31654 0.7 -0.25 2.26782e+08 3514.5 2.26779e+08 60.0208 44.1249 36.6249 2.05888e+09 2514.05 2514.05 723266 0 2.79338e+08
2082 5.31654 0.7 -0.15 2.26782e+08 3514.5 2.26779e+08 60.0208 44.1249 36.6249 2.05888e+09 2514.05 2514.05 723266 0 2.79338e+08
2083 5.31654 0.7 -0.05 2.26782e+08 3514.5 2.26779e+08 60.0208 44.1249 36.6249 2.05888e+09 2514.05 2514.05 723266 0 2.79338e+08
2084 5.31654 0.7 0.05 2.26782e+08 3514.5 2.26779e+08 60.0208 44.1249 36.6249 2.05888e+09 2514.05 2514.05 723266 0 2.79338e+08
2085 5.31654 0.7 0.15 2.26782e+08 3514.5 2.26779e+08 60.0208 44.1249 36.6249 2.05888e+09 2514.05 2514.05 723266 0 2.79338e+08
2086 5.31654 0.775 -0.45 2.26782e+08 3514.5 2.26779e+08 60.0208 44.1249 36.6249 2.05888e+09 2783.41 2783.41 672831 0 2.79338e+08
2087 5.31654 0.775 -0.35 2.26782e+08 3514.5 2.26779e+08 60.0208 44.1249 36.6249 2.05888e+09 2783.41 2783.41 672831 0 2.79338e+08
2088 5.31654 0.775 -0.25 2.26782e+08 3514.5 2.26779e+08 60.0208 44.1249 36.6249 2.05888e+09 2783.41 2783.41 672831 0 2.79338e+08
2089 5.31654 0.775 -0.15 2.26782e+08 3514.5 2.26779e+08 60.0208 44.1249 36.6249 2.05888e+09 2783.41 2783.41 672831 0 2.79338e+08
2090 5.31654 0.775 -0.05 2.26782e+08 3514.5 2.26779e+08 60.0208 44.1249 36.6249 2.05888e+09 2783.41 2783.41 672831 0 2.79338e+08
2091 5.31654 0.775 0.05 2.26782e+08 3514.5 2.26779e+08 60.0208 44.1249 36.6249 2.05888e+09 2783.41 2783.41 672831 0 2.79338e+08
2092 5.31654 0.775 0.15 2.26782e+08 3514.5 2.26779e+08 60.0208 44.1249 36.6249 2.05888e+09 2783.41 2783.41 672831 0 2.79338e+08
2093 5.31654 0.85 -0.45 2.26782e+08 3514.5 2.26779e+08 60.0208 44.1249 36.6249 2.05888e+09 3052.77 3052.77 625914 0 2.79338e+08
2094 5.31654 0.85 -0.35 2.26782e+08 3514.5 2.26779e+08 60.0208 44.1249 36.6249 2.05888e+09 3052.77 3052.77 625914 0 2.79338e+08
2095 5.31654 0.85 -0.25 2.26782e+08 3514.5 2.26779e+08 60.0208 44.1249 36.6249 2.05888e+09 3052.77 3052.77 625914 0 2.79338e+08
2096 5.31654 0.85 -0.15 2.26782e+08 3514.5 2.26779e+08 60.0208 44.1249 36.6249 2.05888e+09 3052.77 3052.77 625914 0 2.79338e+08
2097 5.31654 0.85 -0.05 2.26782e+08 3514.5 2.26779e+08 60.0208 44.1249 36.6249 2.05888e+09 3052.77 3052.77 625914 0 2.79338e+08
2098 5.31654 0.85 0.05 2.26782e+08 3514.5 2.26779e+08 60.0208 44.1249 36.6249 2.05888e+09 3052.77 3052.77 625914 0 2.79338e+08
2099 5.31654 0.85 0.15 2.26782e+08 3514.5 2.26779e+08 60.0208 44.1249 36.6249 2.05888e+09 3052.77 3052.77 625914 0 2.79338e+08
2100 5.31654 0.925 -0.45 2.23531e+08 3514.5 2.23527e+08 430 29.0973 21.5973 1.84978e+08 3322.13 3322.13 582268 0 2.66039e+08
2101 5.31654 0.925 -0.35 2.29338e+08 3514.5 2.29334e+08 430 29.8791 22.3791 1.86097e+08 3322.13 3322.13 582268 0 2.71901e+08
2102 5.31654 0.925 -0.25 2.34145e+08 3514.5 2.34142e+08 430 30.519 23.019 1.87025e+08 3322.13 3322.13 582268 0 2.76753e+08
2103 5.31654 0.925 -0.15 2.37596e+08 3514.5 2.37593e+08 430 30.9744 23.4744 1.87692e+08 3322.13 3322.13 582268 0 2.80236e+08
2104 5.31654 0.925 -0.05 2.39403e+08 3514.5 2.394e+08 430 31.212 23.712 1.88041e+08 3322.13 3322.13 582268 0 2.82059e+08
2105 5.31654 0.925 0.05 2.39404e+08 3514.5 2.394e+08 430 31.2134 23.7134 1.88041e+08 3322.13 3322.13 582268 0 2.8206e+08
2106 5.31654 0.925 0.15 2.37598e+08 3514.5 2.37594e+08 430 30.9784 23.4784 1.87692e+08 3322.13 3322.13 582268 0 2.80238e+08
2107 5.31654 1 -0.45 3.66654e+08 3514.5 3.6665e+08 60.0208 56.8997 49.3997 2.24438e+08 3591.49 3591.49 541665 0 4.20104e+08
2108 5.31654 1 -0.35 3.67085e+08 3514.5 3.67081e+08 60.0208 56.9226 49.4226 2.27299e+08 3591.49 3591.49 541665 0 4.20537e+08
2109 5.31654 1 -0.25 3.67443e+08 3514.5 3.6744e+08 60.0208 56.9416 49.4416 2.29687e+08 3591.49 3591.49 541665 0 4.20897e+08
2110 5.31654 1 -0.15 3.67707e+08 3514.5 3.67703e+08 60.0208 56.9551 49.4551 2.31413e+08 3591.49 3591.49 541665 0 4.21161e+08
2111 5.31654 1 -0.05 3.67855e+08 3514.5 3.67851e+08 60.0208 56.962 49.462 2.32321e+08 3591.49 3591.49 541665 0 4.2131e+08
2112 5.31654 1 0.05 3.67877e+08 3514.5 3.67873e+08 60.0208 56.9616 49.4616 2.32321e+08 3591.49 3591.49 541665 0 4.21331e+08
2113 5.31654 1 0.15 3.67772e+08 3514.5 3.67768e+08 60.0208 56.9537 49.4537 2.31413e+08 3591.49 3591.49 541665 0 4.21226e+08
2114 5.31654 1.075 -0.45 3.70899e+08 3514.5 3.70896e+08 60.0208 57.1362 49.6362 2.57393e+08 3860.86 3860.86 503894 0 4.24366e+08
2115 5.31654 1.075 -0.35 3.71464e+08 3514.5 3.71461e+08 60.0208 57.1716 49.6716 2.61932e+08 3860.86 3860.86 503894 0 4.24933e+08
2116 5.31654 1.075 -0.25 3.71934e+08 3514.5 3.71931e+08 60.0208 57.201 49.701 2.65745e+08 3860.86 3860.86 503894 0 4.25406e+08
2117 5.31654 1.075 -0.15 3.72279e+08 3514.5 3.72276e+08 60.0208 57.222 49.722 2.68514e+08 3860.86 3860.86 503894 0 4.25752e+08
2118 5.31654 1.075 -0.05 3.72474e+08 3514.5 3.7247e+08 60.0208 57.2327 49.7327 2.69976e+08 3860.86 3860.86 503894 0 4.25947e+08
2119 5.31654 1.075 0.05 3.72503e+08 3514.5 3.72499e+08 60.0208 57.2321 49.7321 2.69976e+08 3860.86 3860.86 503894 0 4.25976e+08
2120 5.31654 1.075 0.15 3.72365e+08 3514.5 3.72362e+08 60.0208 57.2201 49.7201 2.68514e+08 3860.86 3860.86 503894 0 4.25838e+08
2121 5.31654 1.15 -0.45 3.74336e+08 3514.5 3.74332e+08 60.0208 57.3616 49.8616 2.89797e+08 4130.22 4130.22 468756 0 4.27818e+08
2122 5.31654 1.15 -0.35 3.75007e+08 3514.5 3.75004e+08 60.0208 57.4084 49.9084 2.96191e+08 4130.22 4130.22 468756 0 4.28493e+08
2123 5.31654 1.15 -0.25 3.75566e+08 3514.5 3.75563e+08 60.0208 57.4472 49.9472 3.01595e+08 4130.22 4130.22 468756 0 4.29055e+08
2124 5.31654 1.15 -0.15 3.75976e+08 3514.5 3.75973e+08 60.0208 57.4749 49.9749 3.05541e+08 4130.22 4130.22 468756 0 4.29467e+08
2125 5.31654 1.15 -0.05 3.76207e+08 3514.5 3.76204e+08 60.0208 57.4891 49.9891 3.07629e+08 4130.22 4130.22 468756 0 4.29699e+08
2126 5.31654 1.15 0.05 3.76242e+08 3514.5 3.76238e+08 60.0208 57.4883 49.9883 3.07629e+08 4130.22 4130.22 468756 0 4.29733e+08
2127 5.31654 1.15 0.15 3.76079e+08 3514.5 3.76076e+08 60.0208 57.4726 49.9726 3.05541e+08 4130.22 4130.22 468756 0 4.2957e+08
2128 5.31654 1.225 -0.45 3.77329e+08 3514.5 3.77326e+08 60.0208 57.58 50.08 3.23422e+08 4399.58 4399.58 436069 0 4.30827e+08
2129 5.31654 1.225 -0.35 3.78092e+08 3514.5 3.78088e+08 60.0208 57.6374 50.1374 3.31961e+08 4399.58 4399.58 436069 0 4.31594e+08
2130 5.31654 1.225 -0.25 3.78727e+08 3514.5 3.78724e+08 60.0208 57.685 50.185 3.39223e+08 4399.58 4399.58 436069 0 4.32232e+08
2131 5.31654 1.225 -0.15 3.79193e+08 3514.5 3.79189e+08 60.0208 57.7191 50.2191 3.44553e+08 4399.58 4399.58 436069 0 4.32701e+08
2132 5.31654 1.225 -0.05 3.79455e+08 3514.5 3.79452e+08 60.0208 57.7365 50.2365 3.47383e+08 4399.58 4399.58 436069 0 4.32964e+08
2133 5.31654 1.225 0.05 3.79495e+08 3514.5 3.79491e+08 60.0208 57.7356 50.2356 3.47383e+08 4399.58 4399.58 436069 0 4.33004e+08
2134 5.31654 1.225 0.15 3.7931e+08 3514.5 3.79307e+08 60.0208 57.7164 50.2164 3.44553e+08 4399.58 4399.58 436069 0 4.32818e+08
2135 5.31654 1.3 -0.45 3.80036e+08 3514.5 3.80032e+08 60.0208 57.7938 50.2938 3.59354e+08 4668.94 4668.94 405661 0 4.33549e+08
2136 5.31654 1.3 -0.35 3.8088e+08 3514.5 3.80876e+08 60.0208 57.8613 50.3613 3.70435e+08 4668.94 4668.94 405661 0 4.34397e+08
2137 5.31654 1.3 -0.25 3.81582e+08 3514.5 3.81579e+08 60.0208 57.9173 50.4173 3.79925e+08 4668.94 4668.94 405661 0 4.35104e+08
2138 5.31654 1.3 -0.15 3.82098e+08 3514.5 3.82094e+08 60.0208 57.9574 50.4574 3.86853e+08 4668.94 4668.94 405661 0 4.35622e+08
2139 5.31654 1.3 -0.05 3.82388e+08 3514.5 3.82385e+08 60.0208 57.9779 50.4779 3.9046e+08 4668.94 4668.94 405661 0 4.35914e+08
2140 5.31654 1.3 0.05 3.82432e+08 3514.5 3.82428e+08 60.0208 57.9769 50.4769 3.9046e+08 4668.94 4668.94 405661 0 4.35958e+08
2141 5.31654 1.3 0.15 3.82228e+08 3514.5 3.82224e+08 60.0208 57.9543 50.4543 3.86853e+08 4668.94 4668.94 405661 0 4.35752e+08
2142 5.47765 0.7 -0.45 1.99402e+08 3514.5 1.99398e+08 60.0208 45.7018 38.2018 2.05901e+09 2514.05 2514.05 723266 0 2.52068e+08
2143 5.47765 0.7 -0.35 1.99402e+08 3514.5 1.99398e+08 60.0208 45.7018 38.2018 2.05901e+09 2514.05 2514.05 723266 0 2.52068e+08
2144 5.47765 0.7 -0.25 1.99402e+08 3514.5 1.99398e+08 60.0208 45.7018 38.2018 2.05901e+09 2514.05 2514.05 723266 0 2.52068e+08
2145 5.47765 0.7 -0.15 1.99402e+08 3514.5 1.99398e+08 60.0208 45.7018 38.2018 2.05901e+09 2514.05 2514.05 723266 0 2.52068e+08
2146 5.47765 0.7 -0.05 1.99402e+08 3514.5 1.99398e+08 60.0208 45.7018 38.2018 2.05901e+09 2514.05 2514.05 723266 0 2.52068e+08
2147 5.47765 0.7 0.05 1.99402e+08 3514.5 1.99398e+08 60.0208 45.7018 38.2018 2.05901e+09 2514.05 2514.05 723266 0 2.52068e+08
2148 5.47765 0.7 0.15 1.99402e+08 3514.5 1.99398e+08 60.0208 45.7018 38.2018 2.05901e+09 2514.05 2514.05 723266 0 2.52068e+08
2149 5.47765 0.775 -0.45 1.99402e+08 3514.5 1.99398e+08 60.0208 45.7018 38.2018 2.05901e+09 2783.41 2783.41 672831 0 2.52068e+08
2150 5.47765 0.775 -0.35 1.99402e+08 3514.5 1.99398e+08 60.0208 45.7018 38.2018 2.05901e+09 2783.41 2783.41 672831 0 2.52068e+08
2151 5.47765 0.775 -0.25 1.99402e+08 3514.5 1.99398e+08 60.0208 45.7018 38.2018 2.05901e+09 2783.41 2783.41 672831 0 2.52068e+08
2152 5.47765 0.775 -0.15 1.99402e+08 3514.5 1.99398e+08 60.0208 45.7018 38.2018 2.05901e+09 2783.41 2783.41 672831 0 2.52068e+08
2153 5.47765 0.775 -0.05 1.99402e+08 3514.5 1.99398e+08 60.0208 45.7018 38.2018 2.05901e+09 2783.41 2783.41 672831 0 2.52068e+08
2154 5.47765 0.775 0.05 1.99402e+08 3514.5 1.99398e+08 60.0208 45.7018 38.2018 2.05901e+09 2783.41 2783.41 672831 0 2.52068e+08
2155 5.47765 0.775 0.15 1.99402e+08 3514.5 1.99398e+08 60.0208 45.7018 38.2018 2.05901e+09 2783.41 2783.41 672831 0 2.52068e+08
2156 5.47765 0.85 -0.45 1.99402e+08 3514.5 1.99398e+08 60.0208 45.7018 38.2018 2.05901e+09 3052.77 3052.77 625914 0 2.52068e+08
2157 5.47765 0.85 -0.35 1.99402e+08 3514.5 1.99398e+08 60.0208 45.7018 38.2018 2.05901e+09 3052.77 3052.77 625914 0 2.52068e+08
2158 5.47765 0.85 -0.25 1.99402e+08 3514.5 1.99398e+08 60.0208 45.7018 38.2018 2.05901e+09 3052.77 3052.77 625914 0 2.52068e+08
2159 5.47765 0.85 -0.15 1.99402e+08 3514.5 1.99398e+08 60.0208 45.7018 38.2018 2.05901e+09 3052.77 3052.77 625914 0 2.52068e+08
2160 5.47765 0.85 -0.05 1.99402e+08 3514.5 1.99398e+08 60.0208 45.7018 38.2018 2.05901e+09 3052.77 3052.77 625914 0 2.52068e+08
2161 5.47765 0.85 0.05 1.99402e+08 3514.5 1.99398e+08 60.0208 45.7018 38.2018 2.05901e+09 3052.77 3052.77 625914 0 2.52068e+08
2162 5.47765 0.85 0.15 1.99402e+08 3514.5 1.99398e+08 60.0208 45.7018 38.2018 2.05901e+09 3052.77 3052.77 625914 0 2.52068e+08
2163 5.47765 0.925 -0.45 2.42485e+08 3514.5 2.42481e+08 430 32.2093 24.7093 1.84978e+08 3322.13 3322.13 582268 0 2.85211e+08
2164 5.47765 0.925 -0.35 2.48143e+08 3514.5 2.4814e+08 430 32.9643 25.4643 1.86097e+08 3322.13 3322.13 582268 0 2.90922e+08
2165 5.47765 0.925 -0.25 2.52813e+08 3514.5 2.5281e+08 430 33.5807 26.0807 1.87025e+08 3322.13 3322.13 582268 0 2.95636e+08
2166 5.47765 0.925 -0.15 2.56159e+08 3514.5 2.56155e+08 430 34.0186 26.5186 1.87692e+08 3322.13 3322.13 582268 0 2.99012e+08
2167 5.47765 0.925 -0.05 2.57908e+08 3514.5 2.57905e+08 430 34.2468 26.7468 1.88041e+08 3322.13 3322.13 582268 0 3.00777e+08
2168 5.47765 0.925 0.05 2.57909e+08 3514.5 2.57905e+08 430 34.2484 26.7484 1.88041e+08 3322.13 3322.13 582268 0 3.00778e+08
2169 5.47765 0.925 0.15 2.5616e+08 3514.5 2.56157e+08 430 34.0233 26.5233 1.87692e+08 3322.13 3322.13 582268 0 2.99013e+08
2170 5.47765 1 -0.45 3.68608e+08 3514.5 3.68605e+08 60.0208 56.773 49.273 2.24438e+08 3591.49 3591.49 541665 0 4.2205e+08
2171 5.47765 1 -0.35 3.69056e+08 3514.5 3.69053e+08 60.0208 56.786 49.286 2.27299e+08 3591.49 3591.49 541665 0 4.22498e+08
2172 5.47765 1 -0.25 3.69429e+08 3514.5 3.69425e+08 60.0208 56.7969 49.2969 2.29687e+08 3591.49 3591.49 541665 0 4.22872e+08
2173 5.47765 1 -0.15 3.69701e+08 3514.5 3.69698e+08 60.0208 56.8045 49.3045 2.31413e+08 3591.49 3591.49 541665 0 4.23145e+08
2174 5.47765 1 -0.05 3.69854e+08 3514.5 3.6985e+08 60.0208 56.8081 49.3081 2.32321e+08 3591.49 3591.49 541665 0 4.23298e+08
2175 5.47765 1 0.05 3.69874e+08 3514.5 3.69871e+08 60.0208 56.8073 49.3073 2.32321e+08 3591.49 3591.49 541665 0 4.23318e+08
2176 5.47765 1 0.15 3.69762e+08 3514.5 3.69759e+08 60.0208 56.8019 49.3019 2.31413e+08 3591.49 3591.49 541665 0 4.23206e+08
2177 5.47765 1.075 -0.45 3.73008e+08 3514.5 3.73004e+08 60.0208 56.911 49.411 2.57393e+08 3860.86 3860.86 503894 0 4.26459e+08
2178 5.47765 1.075 -0.35 3.73595e+08 3514.5 3.73592e+08 60.0208 56.9338 49.4338 2.61932e+08 3860.86 3860.86 503894 0 4.27048e+08
2179 5.47765 1.075 -0.25 3.74084e+08 3514.5 3.7408e+08 60.0208 56.9527 49.4527 2.65745e+08 3860.86 3860.86 503894 0 4.27538e+08
2180 5.47765 1.075 -0.15 3.74442e+08 3514.5 3.74438e+08 60.0208 56.9661 49.4661 2.68514e+08 3860.86 3860.86 503894 0 4.27897e+08
2181 5.47765 1.075 -0.05 3.74642e+08 3514.5 3.74638e+08 60.0208 56.9726 49.4726 2.69976e+08 3860.86 3860.86 503894 0 4.28097e+08
2182 5.47765 1.075 0.05 3.74669e+08 3514.5 3.74665e+08 60.0208 56.9714 49.4714 2.69976e+08 3860.86 3860.86 503894 0 4.28124e+08
2183 5.47765 1.075 0.15 3.74522e+08 3514.5 3.74519e+08 60.0208 56.9625 49.4625 2.68514e+08 3860.86 3860.86 503894 0 4.27977e+08
2184 5.47765 1.15 -0.45 3.76573e+08 3514.5 3.76569e+08 60.0208 57.0588 49.5588 2.89797e+08 4130.22 4130.22 468756 0 4.30034e+08
2185 5.47765 1.15 -0.35 3.77271e+08 3514.5 3.77268e+08 60.0208 57.0908 49.5908 2.96191e+08 4130.22 4130.22 468756 0 4.30735e+08
2186 5.47765 1.15 -0.25 3.77853e+08 3514.5 3.77849e+08 60.0208 57.1174 49.6174 3.01595e+08 4130.22 4130.22 468756 0 4.31318e+08
2187 5.47765 1.15 -0.15 3.78278e+08 3514.5 3.78275e+08 60.0208 57.1362 49.6362 3.05541e+08 4130.22 4130.22 468756 0 4.31745e+08
2188 5.47765 1.15 -0.05 3.78516e+08 3514.5 3.78512e+08 60.0208 57.1454 49.6454 3.07629e+08 4130.22 4130.22 468756 0 4.31983e+08
2189 5.47765 1.15 0.05 3.78548e+08 3514.5 3.78545e+08 60.0208 57.1439 49.6439 3.07629e+08 4130.22 4130.22 468756 0 4.32016e+08
2190 5.47765 1.15 0.15 3.78374e+08 3514.5 3.78371e+08 60.0208 57.1318 49.6318 3.05541e+08 4130.22 4130.22 468756 0 4.31841e+08
2191 5.47765 1.225 -0.45 3.79679e+08 3514.5 3.79676e+08 60.0208 57.2111 49.7111 3.23422e+08 4399.58 4399.58 436069 0 4.33152e+08
2192 5.47765 1.225 -0.35 3.80474e+08 3514.5 3.8047e+08 60.0208 57.252 49.752 3.31961e+08 4399.58 4399.58 436069 0 4.33949e+08
2193 5.47765 1.225 -0.25 3.81134e+08 3514.5 3.81131e+08 60.0208 57.2859 49.7859 3.39223e+08 4399.58 4399.58 436069 0 4.34611e+08
2194 5.47765 1.225 -0.15 3.81617e+08 3514.5 3.81614e+08 60.0208 57.31 49.81 3.44553e+08 4399.58 4399.58 436069 0 4.35096e+08
2195 5.47765 1.225 -0.05 3.81887e+08 3514.5 3.81884e+08 60.0208 57.3218 49.8218 3.47383e+08 4399.58 4399.58 436069 0 4.35367e+08
2196 5.47765 1.225 0.05 3.81924e+08 3514.5 3.81921e+08 60.0208 57.3201 49.8201 3.47383e+08 4399.58 4399.58 436069 0 4.35404e+08
2197 5.47765 1.225 0.15 3.81727e+08 3514.5 3.81724e+08 60.0208 57.3048 49.8048 3.44553e+08 4399.58 4399.58 436069 0 4.35206e+08
2198 5.47765 1.3 -0.45 3.82489e+08 3514.5 3.82485e+08 60.0208 57.3662 49.8662 3.59354e+08 4668.94 4668.94 405661 0 4.35972e+08
2199 5.47765 1.3 -0.35 3.83368e+08 3514.5 3.83364e+08 60.0208 57.4158 49.9158 3.70435e+08 4668.94 4668.94 405661 0 4.36854e+08
2200 5.47765 1.3 -0.25 3.84099e+08 3514.5 3.84095e+08 60.0208 57.4568 49.9568 3.79925e+08 4668.94 4668.94 405661 0 4.37588e+08
2201 5.47765 1.3 -0.15 3.84633e+08 3514.5 3.8463e+08 60.0208 57.486 49.986 3.86853e+08 4668.94 4668.94 405661 0 4.38124e+08
2202 5.47765 1.3 -0.05 3.84932e+08 3514.5 3.84929e+08 60.0208 57.5004 50.0004 3.9046e+08 4668.94 4668.94 405661 0 4.38425e+08
2203 5.47765 1.3 0.05 3.84973e+08 3514.5 3.8497e+08 60.0208 57.4984 49.9984 3.9046e+08 4668.94 4668.94 405661 0 4.38466e+08
2204 5.47765 1.3 0.15 3.84755e+08 3514.5 3.84752e+08 60.0208 57.4802 49.9802 3.86853e+08 4668.94 4668.94 405661 0 4.38246e+08
2205 5.63876 0.7 -0.45 1.71135e+08 3514.5 1.71131e+08 60.0208 48.454 40.954 2.05916e+09 2514.05 2514.05 723266 0 2.23994e+08
2206 5.63876 0.7 -0.35 1.71135e+08 3514.5 1.71131e+08 60.0208 48.454 40.954 2.05916e+09 2514.05 2514.05 723266 0 2.23994e+08
2207 5.63876 0.7 -0.25 1.71135e+08 3514.5 1.71131e+08 60.0208 48.454 40.954 2.05916e+09 2514.05 2514.05 723266 0 2.23994e+08
2208 5.63876 0.7 -0.15 1.71135e+08 3514.5 1.71131e+08 60.0208 48.454 40.954 2.05916e+09 2514.05 2514.05 723266 0 2.23994e+08
2209 5.63876 0.7 -0.05 1.71135e+08 3514.5 1.71131e+08 60.0208 48.454 40.954 2.05916e+09 2514.05 2514.05 723266 0 2.23994e+08
2210 5.63876 0.7 0.05 1.71135e+08 3514.5 1.71131e+08 60.0208 48.454 40.954 2.05916e+09 2514.05 2514.05 723266 0 2.23994e+08
2211 5.63876 0.7 0.15 1.71135e+08 3514.5 1.71131e+08 60.0208 48.454 40.954 2.05916e+09 2514.05 2514.05 723266 0 2.23994e+08
2212 5.63876 0.775 -0.45 1.71135e+08 3514.5 1.71131e+08 60.0208 48.454 40.954 2.05916e+09 2783.41 2783.41 672831 0 2.23994e+08
2213 5.63876 0.775 -0.35 1.71135e+08 3514.5 1.71131e+08 60.0208 48.454 40.954 2.05916e+09 2783.41 2783.41 672831 0 2.23994e+08
2214 5.63876 0.775 -0.25 1.71135e+08 3514.5 1.71131e+08 60.0208 48.454 40.954 2.05916e+09 2783.41 2783.41 672831 0 2.23994e+08
2215 5.63876 0.775 -0.15 1.71135e+08 3514.5 1.71131e+08 60.0208 48.454 40.954 2.05916e+09 2783.41 2783.41 672831 0 2.23994e+08
2216 5.63876 0.775 -0.05 1.71135e+08 3514.5 1.71131e+08 60.0208 48.454 40.954 2.05916e+09 2783.41 2783.41 672831 0 2.23994e+08
2217 5.63876 0.775 0.05 1.71135e+08 3514.5 1.71131e+08 60.0208 48.454 40.954 2.05916e+09 2783.41 2783.41 672831 0 2.23994e+08
2218 5.63876 0.775 0.15 1.71135e+08 3514.5 1.71131e+08 60.0208 48.454 40.954 2.05916e+09 2783.41 2783.41 672831 0 2.23994e+08
2219 5.63876 0.85 -0.45 1.71135e+08 3514.5 1.71131e+08 60.0208 48.454 40.954 2.05916e+09 3052.77 3052.77 625914 0 2.23994e+08
2220 5.63876 0.85 -0.35 1.71135e+08 3514.5 1.71131e+08 60.0208 48.454 40.954 2.05916e+09 3052.77 3052.77 625914 0 2.23994e+08
2221 5.63876 0.85 -0.25 1.71135e+08 3514.5 1.71131e+08 60.0208 48.454 40.954 2.05916e+09 3052.77 3052.77 625914 0 2.23994e+08
2222 5.63876 0.85 -0.15 1.71135e+08 3514.5 1.71131e+08 60.0208 48.454 40.954 2.05916e+09 3052.77 3052.77 625914 0 2.23994e+08
2223 5.63876 0.85 -0.05 1.71135e+08 3514.5 1.71131e+08 60.0208 48.454 40.954 2.05916e+09 3052.77 3052.77 625914 0 2.23994e+08
2224 5.63876 0.85 0.05 1.71135e+08 3514.5 1.71131e+08 60.0208 48.454 40.954 2.05916e+09 3052.77 3052.77 625914 0 2.23994e+08
2225 5.63876 0.85 0.15 1.71135e+08 3514.5 1.71131e+08 60.0208 48.454 40.954 2.05916e+09 3052.77 3052.77 625914 0 2.23994e+08
2226 5.63876 0.925 -0.45 2.60593e+08 3514.5 2.6059e+08 430 35.231 27.731 1.84978e+08 3322.13 3322.13 582268 0 3.03531e+08
2227 5.63876 0.925 -0.35 2.66037e+08 3514.5 2.66034e+08 430 35.9529 28.4529 1.86097e+08 3322.13 3322.13 582268 0 3.09025e+08
2228 5.63876 0.925 -0.25 2.70519e+08 3514.5 2.70515e+08 430 36.5408 29.0408 1.87025e+08 3322.13 3322.13 582268 0 3.13548e+08
2229 5.63876 0.925 -0.15 2.73722e+08 3514.5 2.73719e+08 430 36.9576 29.4576 1.87692e+08 3322.13 3322.13 582268 0 3.16781e+08
2230 5.63876 0.925 -0.05 2.75395e+08 3514.5 2.75392e+08 430 37.1747 29.6747 1.88041e+08 3322.13 3322.13 582268 0 3.18469e+08
2231 5.63876 0.925 0.05 2.75396e+08 3514.5 2.75392e+08 430 37.1764 29.6764 1.88041e+08 3322.13 3322.13 582268 0 3.1847e+08
2232 5.63876 0.925 0.15 2.73724e+08 3514.5 2.7372e+08 430 36.9628 29.4628 1.87692e+08 3322.13 3322.13 582268 0 3.16782e+08
2233 5.63876 1 -0.45 3.67786e+08 3514.5 3.67783e+08 60.0208 56.1215 48.6215 2.24438e+08 3591.49 3591.49 541665 0 4.21182e+08
2234 5.63876 1 -0.35 3.68246e+08 3514.5 3.68242e+08 60.0208 56.1247 48.6247 2.27299e+08 3591.49 3591.49 541665 0 4.21642e+08
2235 5.63876 1 -0.25 3.68627e+08 3514.5 3.68624e+08 60.0208 56.1273 48.6273 2.29687e+08 3591.49 3591.49 541665 0 4.22023e+08
2236 5.63876 1 -0.15 3.68906e+08 3514.5 3.68902e+08 60.0208 56.129 48.629 2.31413e+08 3591.49 3591.49 541665 0 4.22302e+08
2237 5.63876 1 -0.05 3.6906e+08 3514.5 3.69057e+08 60.0208 56.1293 48.6293 2.32321e+08 3591.49 3591.49 541665 0 4.22456e+08
2238 5.63876 1 0.05 3.69079e+08 3514.5 3.69075e+08 60.0208 56.1281 48.6281 2.32321e+08 3591.49 3591.49 541665 0 4.22475e+08
2239 5.63876 1 0.15 3.68961e+08 3514.5 3.68957e+08 60.0208 56.1253 48.6253 2.31413e+08 3591.49 3591.49 541665 0 4.22357e+08
2240 5.63876 1.075 -0.45 3.72289e+08 3514.5 3.72285e+08 60.0208 56.1607 48.6607 2.57393e+08 3860.86 3860.86 503894 0 4.25687e+08
2241 5.63876 1.075 -0.35 3.72891e+08 3514.5 3.72888e+08 60.0208 56.1708 48.6708 2.61932e+08 3860.86 3860.86 503894 0 4.26291e+08
2242 5.63876 1.075 -0.25 3.73392e+08 3514.5 3.73389e+08 60.0208 56.1791 48.6791 2.65745e+08 3860.86 3860.86 503894 0 4.26792e+08
2243 5.63876 1.075 -0.15 3.73758e+08 3514.5 3.73754e+08 60.0208 56.1848 48.6848 2.68514e+08 3860.86 3860.86 503894 0 4.27158e+08
2244 5.63876 1.075 -0.05 3.7396e+08 3514.5 3.73957e+08 60.0208 56.187 48.687 2.69976e+08 3860.86 3860.86 503894 0 4.27361e+08
2245 5.63876 1.075 0.05 3.73985e+08 3514.5 3.73981e+08 60.0208 56.1853 48.6853 2.69976e+08 3860.86 3860.86 503894 0 4.27385e+08
2246 5.63876 1.075 0.15 3.73831e+08 3514.5 3.73827e+08 60.0208 56.1797 48.6797 2.68514e+08 3860.86 3860.86 503894 0 4.27231e+08
2247 5.63876 1.15 -0.45 3.75942e+08 3514.5 3.75938e+08 60.0208 56.2305 48.7305 2.89797e+08 4130.22 4130.22 468756 0 4.29345e+08
2248 5.63876 1.15 -0.35 3.76659e+08 3514.5 3.76656e+08 60.0208 56.2476 48.7476 2.96191e+08 4130.22 4130.22 468756 0 4.30064e+08
2249 5.63876 1.15 -0.25 3.77255e+08 3514.5 3.77251e+08 60.0208 56.2618 48.7618 3.01595e+08 4130.22 4130.22 468756 0 4.3066e+08
2250 5.63876 1.15 -0.15 3.77689e+08 3514.5 3.77686e+08 60.0208 56.2716 48.7716 3.05541e+08 4130.22 4130.22 468756 0 4.31096e+08
2251 5.63876 1.15 -0.05 3.77931e+08 3514.5 3.77927e+08 60.0208 56.2758 48.7758 3.07629e+08 4130.22 4130.22 468756 0 4.31337e+08
2252 5.63876 1.15 0.05 3.7796e+08 3514.5 3.77957e+08 60.0208 56.2736 48.7736 3.07629e+08 4130.22 4130.22 468756 0 4.31367e+08
2253 5.63876 1.15 0.15 3.77777e+08 3514.5 3.77773e+08 60.0208 56.2652 48.7652 3.05541e+08 4130.22 4130.22 468756 0 4.31183e+08
2254 5.63876 1.225 -0.45 3.79127e+08 3514.5 3.79124e+08 60.0208 56.3162 48.8162 3.23422e+08 4399.58 4399.58 436069 0 4.32537e+08
2255 5.63876 1.225 -0.35 3.79943e+08 3514.5 3.79939e+08 60.0208 56.3403 48.8403 3.31961e+08 4399.58 4399.58 436069 0 4.33354e+08
2256 5.63876 1.225 -0.25 3.8062e+08 3514.5 3.80616e+08 60.0208 56.3604 48.8604 3.39223e+08 4399.58 4399.58 436069 0 4.34032e+08
2257 5.63876 1.225 -0.15 3.81114e+08 3514.5 3.8111e+08 60.0208 56.3743 48.8743 3.44553e+08 4399.58 4399.58 436069 0 4.34527e+08
2258 5.63876 1.225 -0.05 3.81388e+08 3514.5 3.81385e+08 60.0208 56.3805 48.8805 3.47383e+08 4399.58 4399.58 436069 0 4.34802e+08
2259 5.63876 1.225 0.05 3.81422e+08 3514.5 3.81418e+08 60.0208 56.378 48.878 3.47383e+08 4399.58 4399.58 436069 0 4.34835e+08
2260 5.63876 1.225 0.15 3.81213e+08 3514.5 3.8121e+08 60.0208 56.3669 48.8669 3.44553e+08 4399.58 4399.58 436069 0 4.34626e+08
2261 5.63876 1.3 -0.45 3.82009e+08 3514.5 3.82005e+08 60.0208 56.4122 48.9122 3.59354e+08 4668.94 4668.94 405661 0 4.35425e+08
2262 5.63876 1.3 -0.35 3.82911e+08 3514.5 3.82908e+08 60.0208 56.4434 48.9434 3.70435e+08 4668.94 4668.94 405661 0 4.3633e+08
2263 5.63876 1.3 -0.25 3.83661e+08 3514.5 3.83657e+08 60.0208 56.4693 48.9693 3.79925e+08 4668.94 4668.94 405661 0 4.37081e+08
2264 5.63876 1.3 -0.15 3.84208e+08 3514.5 3.84204e+08 60.0208 56.4874 48.9874 3.86853e+08 4668.94 4668.94 405661 0 4.37629e+08
2265 5.63876 1.3 -0.05 3.84511e+08 3514.5 3.84508e+08 60.0208 56.4956 48.9956 3.9046e+08 4668.94 4668.94 405661 0 4.37933e+08
2266 5.63876 1.3 0.05 3.84548e+08 3514.5 3.84545e+08 60.0208 56.4928 48.9928 3.9046e+08 4668.94 4668.94 405661 0 4.3797e+08
2267 5.63876 1.3 0.15 3.84318e+08 3514.5 3.84315e+08 60.0208 56.479 48.979 3.86853e+08 4668.94 4668.94 405661 0 4.37739e+08
2268 5.79986 0.7 -0.45 1.39853e+08 3514.5 1.3985e+08 66.8125 51.0785 43.5785 2.05931e+09 2514.05 2514.05 723266 0 1.91538e+08
2269 5.79986 0.7 -0.35 1.39853e+08 3514.5 1.3985e+08 66.8125 51.0785 43.5785 2.05931e+09 2514.05 2514.05 723266 0 1.91538e+08
2270 5.79986 0.7 -0.25 1.39853e+08 3514.5 1.3985e+08 66.8125 51.0785 43.5785 2.05931e+09 2514.05 2514.05 723266 0 1.91538e+08
2271 5.79986 0.7 -0.15 1.39853e+08 3514.5 1.3985e+08 66.8125 51.0785 43.5785 2.05931e+09 2514.05 2514.05 723266 0 1.91538e+08
2272 5.79986 0.7 -0.05 1.39853e+08 3514.5 1.3985e+08 66.8125 51.0785 43.5785 2.05931e+09 2514.05 2514.05 723266 0 1.91538e+08
2273 5.79986 0.7 0.05 1.39853e+08 3514.5 1.3985e+08 66.8125 51.0785 43.5785 2.05931e+09 2514.05 2514.05 723266 0 1.91538e+08
2274 5.79986 0.7 0.15 1.39853e+08 3514.5 1.3985e+08 66.8125 51.0785 43.5785 2.05931e+09 2514.05 2514.05 723266 0 1.91538e+08
2275 5.79986 0.775 -0.45 1.39853e+08 3514.5 1.3985e+08 66.8125 51.0785 43.5785 2.05931e+09 2783.41 2783.41 672831 0 1.91538e+08
2276 5.79986 0.775 -0.35 1.39853e+08 3514.5 1.3985e+08 66.8125 51.0785 43.5785 2.05931e+09 2783.41 2783.41 672831 0 1.91538e+08
2277 5.79986 0.775 -0.25 1.39853e+08 3514.5 1.3985e+08 66.8125 51.0785 43.5785 2.05931e+09 2783.41 2783.41 672831 0 1.91538e+08
2278 5.79986 0.775 -0.15 1.39853e+08 3514.5 1.3985e+08 66.8125 51.0785 43.5785 2.05931e+09 2783.41 2783.41 672831 0 1.91538e+08
2279 5.79986 0.775 -0.05 1.39853e+08 3514.5 1.3985e+08 66.8125 51.0785 43.5785 2.05931e+09 2783.41 2783.41 672831 0 1.91538e+08
2280 5.79986 0.775 0.05 1.39853e+08 3514.5 1.3985e+08 66.8125 51.0785 43.5785 2.05931e+09 2783.41 2783.41 672831 0 1.91538e+08
2281 5.79986 0.775 0.15 1.39853e+08 3514.5 1.3985e+08 66.8125 51.0785 43.5785 2.05931e+09 2783.41 2783.41 672831 0 1.91538e+08
2282 5.79986 0.85 -0.45 1.39853e+08 3514.5 1.3985e+08 66.8125 51.0785 43.5785 2.05931e+09 3052.77 3052.77 625914 0 1.91538e+08
2283 5.79986 0.85 -0.35 1.39853e+08 3514.5 1.3985e+08 66.8125 51.0785 43.5785 2.05931e+09 3052.77 3052.77 625914 0 1.91538e+08
2284 5.79986 0.85 -0.25 1.39853e+08 3514.5 1.3985e+08 66.8125 51.0785 43.5785 2.05931e+09 3052.77 3052.77 625914 0 1.91538e+08
2285 5.79986 0.85 -0.15 1.39853e+08 3514.5 1.3985e+08 66.8125 51.0785 43.5785 2.05931e+09 3052.77 3052.77 625914 0 1.91538e+08
2286 5.79986 0.85 -0.05 1.39853e+08 3514.5 1.3985e+08 66.8125 51.0785 43.5785 2.05931e+09 3052.77 3052.77 625914 0 1.91538e+08
2287 5.79986 0.85 0.05 1.39853e+08 3514.5 1.3985e+08 66.8125 51.0785 43.5785 2.05931e+09 3052.77 3052.77 625914 0 1.91538e+08
2288 5.79986 0.85 0.15 1.39853e+08 3514.5 1.3985e+08 66.8125 51.0785 43.5785 2.05931e+09 3052.77 3052.77 625914 0 1.91538e+08
2289 5.79986 0.925 -0.45 2.777e+08 3514.5 2.77696e+08 430 38.1478 30.6478 1.84978e+08 3322.13 3322.13 582268 0 3.20842e+08
2290 5.79986 0.925 -0.35 2.82873e+08 3514.5 2.82869e+08 430 38.8312 31.3312 1.86097e+08 3322.13 3322.13 582268 0 3.26062e+08
2291 5.79986 0.925 -0.25 2.8712e+08 3514.5 2.87117e+08 430 39.386 31.886 1.87025e+08 3322.13 3322.13 582268 0 3.30349e+08
2292 5.79986 0.925 -0.15 2.9015e+08 3514.5 2.90147e+08 430 39.7785 32.2785 1.87692e+08 3322.13 3322.13 582268 0 3.33406e+08
2293 5.79986 0.925 -0.05 2.91731e+08 3514.5 2.91727e+08 430 39.9828 32.4828 1.88041e+08 3322.13 3322.13 582268 0 3.35001e+08
2294 5.79986 0.925 0.05 2.91731e+08 3514.5 2.91728e+08 430 39.9847 32.4847 1.88041e+08 3322.13 3322.13 582268 0 3.35002e+08
2295 5.79986 0.925 0.15 2.90151e+08 3514.5 2.90148e+08 430 39.7842 32.2842 1.87692e+08 3322.13 3322.13 582268 0 3.33408e+08
2296 5.79986 1 -0.45 3.64229e+08 3514.5 3.64225e+08 60.0208 54.9657 47.4657 2.24438e+08 3591.49 3591.49 541665 0 4.17543e+08
2297 5.79986 1 -0.35 3.64693e+08 3514.5 3.6469e+08 60.0208 54.9592 47.4592 2.27299e+08 3591.49 3591.49 541665 0 4.18008e+08
2298 5.79986 1 -0.25 3.65079e+08 3514.5 3.65075e+08 60.0208 54.9538 47.4538 2.29687e+08 3591.49 3591.49 541665 0 4.18393e+08
2299 5.79986 1 -0.15 3.65359e+08 3514.5 3.65356e+08 60.0208 54.9496 47.4496 2.31413e+08 3591.49 3591.49 541665 0 4.18673e+08
2300 5.79986 1 -0.05 3.65513e+08 3514.5 3.6551e+08 60.0208 54.9467 47.4467 2.32321e+08 3591.49 3591.49 541665 0 4.18827e+08
2301 5.79986 1 0.05 3.6553e+08 3514.5 3.65526e+08 60.0208 54.945 47.445 2.32321e+08 3591.49 3591.49 541665 0 4.18843e+08
2302 5.79986 1 0.15 3.65407e+08 3514.5 3.65404e+08 60.0208 54.9448 47.4448 2.31413e+08 3591.49 3591.49 541665 0 4.18721e+08
2303 5.79986 1.075 -0.45 3.68781e+08 3514.5 3.68778e+08 60.0208 54.9076 47.4076 2.57393e+08 3860.86 3860.86 503894 0 4.22092e+08
2304 5.79986 1.075 -0.35 3.69392e+08 3514.5 3.69388e+08 60.0208 54.905 47.405 2.61932e+08 3860.86 3860.86 503894 0 4.22702e+08
2305 5.79986 1.075 -0.25 3.69898e+08 3514.5 3.69894e+08 60.0208 54.9029 47.4029 2.65745e+08 3860.86 3860.86 503894 0 4.23208e+08
2306 5.79986 1.075 -0.15 3.70266e+08 3514.5 3.70263e+08 60.0208 54.901 47.401 2.68514e+08 3860.86 3860.86 503894 0 4.23577e+08
2307 5.79986 1.075 -0.05 3.70469e+08 3514.5 3.70466e+08 60.0208 54.899 47.399 2.69976e+08 3860.86 3860.86 503894 0 4.23779e+08
2308 5.79986 1.075 0.05 3.7049e+08 3514.5 3.70487e+08 60.0208 54.8967 47.3967 2.69976e+08 3860.86 3860.86 503894 0 4.238e+08
2309 5.79986 1.075 0.15 3.7033e+08 3514.5 3.70326e+08 60.0208 54.8943 47.3943 2.68514e+08 3860.86 3860.86 503894 0 4.2364e+08
2310 5.79986 1.15 -0.45 3.72481e+08 3514.5 3.72478e+08 60.0208 54.9002 47.4002 2.89797e+08 4130.22 4130.22 468756 0 4.25792e+08
2311 5.79986 1.15 -0.35 3.73208e+08 3514.5 3.73204e+08 60.0208 54.9025 47.4025 2.96191e+08 4130.22 4130.22 468756 0 4.26518e+08
2312 5.79986 1.15 -0.25 3.73811e+08 3514.5 3.73807e+08 60.0208 54.9044 47.4044 3.01595e+08 4130.22 4130.22 468756 0 4.27121e+08
2313 5.79986 1.15 -0.15 3.74249e+08 3514.5 3.74245e+08 60.0208 54.9052 47.4052 3.05541e+08 4130.22 4130.22 468756 0 4.2756e+08
2314 5.79986 1.15 -0.05 3.7449e+08 3514.5 3.74487e+08 60.0208 54.9044 47.4044 3.07629e+08 4130.22 4130.22 468756 0 4.27801e+08
2315 5.79986 1.15 0.05 3.74516e+08 3514.5 3.74512e+08 60.0208 54.9017 47.4017 3.07629e+08 4130.22 4130.22 468756 0 4.27826e+08
2316 5.79986 1.15 0.15 3.74325e+08 3514.5 3.74321e+08 60.0208 54.897 47.397 3.05541e+08 4130.22 4130.22 468756 0 4.27635e+08
2317 5.79986 1.225 -0.45 3.7571e+08 3514.5 3.75707e+08 60.0208 54.9199 47.4199 3.23422e+08 4399.58 4399.58 436069 0 4.29022e+08
2318 5.79986 1.225 -0.35 3.76537e+08 3514.5 3.76533e+08 60.0208 54.9274 47.4274 3.31961e+08 4399.58 4399.58 436069 0 4.29849e+08
2319 5.79986 1.225 -0.25 3.77222e+08 3514.5 3.77218e+08 60.0208 54.9337 47.4337 3.39223e+08 4399.58 4399.58 436069 0 4.30534e+08
2320 5.79986 1.225 -0.15 3.7772e+08 3514.5 3.77716e+08 60.0208 54.9376 47.4376 3.44553e+08 4399.58 4399.58 436069 0 4.31033e+08
2321 5.79986 1.225 -0.05 3.77994e+08 3514.5 3.77991e+08 60.0208 54.9381 47.4381 3.47383e+08 4399.58 4399.58 436069 0 4.31307e+08
2322 5.79986 1.225 0.05 3.78023e+08 3514.5 3.7802e+08 60.0208 54.9349 47.4349 3.47383e+08 4399.58 4399.58 436069 0 4.31336e+08
2323 5.79986 1.225 0.15 3.77807e+08 3514.5 3.77803e+08 60.0208 54.928 47.428 3.44553e+08 4399.58 4399.58 436069 0 4.31119e+08
2324 5.79986 1.3 -0.45 3.78632e+08 3514.5 3.78629e+08 60.0208 54.9573 47.4573 3.59354e+08 4668.94 4668.94 405661 0 4.31947e+08
2325 5.79986 1.3 -0.35 3.79547e+08 3514.5 3.79544e+08 60.0208 54.9703 47.4703 3.70435e+08 4668.94 4668.94 405661 0 4.32863e+08
2326 5.79986 1.3 -0.25 3.80306e+08 3514.5 3.80302e+08 60.0208 54.9811 47.4811 3.79925e+08 4668.94 4668.94 405661 0 4.33622e+08
2327 5.79986 1.3 -0.15 3.80858e+08 3514.5 3.80854e+08 60.0208 54.9882 47.4882 3.86853e+08 4668.94 4668.94 405661 0 4.34174e+08
2328 5.79986 1.3 -0.05 3.81161e+08 3514.5 3.81158e+08 60.0208 54.9902 47.4902 3.9046e+08 4668.94 4668.94 405661 0 4.34478e+08
2329 5.79986 1.3 0.05 3.81194e+08 3514.5 3.8119e+08 60.0208 54.9865 47.4865 3.9046e+08 4668.94 4668.94 405661 0 4.3451e+08
2330 5.79986 1.3 0.15 3.80954e+08 3514.5 3.8095e+08 60.0208 54.9773 47.4773 3.86853e+08 4668.94 4668.94 405661 0 4.34269e+08
2331 5.96097 0.7 -0.45 1.03063e+08 3514.5 1.0306e+08 70.9792 55.3167 47.8167 2.05946e+09 2514.05 2514.05 723266 0 1.54211e+08
2332 5.96097 0.7 -0.35 1.03063e+08 3514.5 1.0306e+08 70.9792 55.3167 47.8167 2.05946e+09 2514.05 2514.05 723266 0 1.54211e+08
2333 5.96097 0.7 -0.25 1.03063e+08 3514.5 1.0306e+08 70.9792 55.3167 47.8167 2.05946e+09 2514.05 2514.05 723266 0 1.54211e+08
2334 5.96097 0.7 -0.15 1.03063e+08 3514.5 1.0306e+08 70.9792 55.3167 47.8167 2.05946e+09 2514.05 2514.05 723266 0 1.54211e+08
2335 5.96097 0.7 -0.05 1.03063e+08 3514.5 1.0306e+08 70.9792 55.3167 47.8167 2.05946e+09 2514.05 2514.05 723266 0 1.54211e+08
2336 5.96097 0.7 0.05 1.03063e+08 3514.5 1.0306e+08 70.9792 55.3167 47.8167 2.05946e+09 2514.05 2514.05 723266 0 1.54211e+08
2337 5.96097 0.7 0.15 1.03063e+08 3514.5 1.0306e+08 70.9792 55.3167 47.8167 2.05946e+09 2514.05 2514.05 723266 0 1.54211e+08
2338 5.96097 0.775 -0.45 1.03063e+08 3514.5 1.0306e+08 70.9792 55.3167 47.8167 2.05946e+09 2783.41 2783.41 672831 0 1.54211e+08
2339 5.96097 0.775 -0.35 1.03063e+08 3514.5 1.0306e+08 70.9792 55.3167 47.8167 2.05946e+09 2783.41 2783.41 672831 0 1.54211e+08
2340 5.96097 0.775 -0.25 1.03063e+08 3514.5 1.0306e+08 70.9792 55.3167 47.8167 2.05946e+09 2783.41 2783.41 672831 0 1.54211e+08
2341 5.96097 0.775 -0.15 1.03063e+08 3514.5 1.0306e+08 70.9792 55.3167 47.8167 2.05946e+09 2783.41 2783.41 672831 0 1.54211e+08
2342 5.96097 0.775 -0.05 1.03063e+08 3514.5 1.0306e+08 70.9792 55.3167 47.8167 2.05946e+09 2783.41 2783.41 672831 0 1.54211e+08
2343 5.96097 0.775 0.05 1.03063e+08 3514.5 1.0306e+08 70.9792 55.3167 47.8167 2.05946e+09 2783.41 2783.41 672831 0 1.54211e+08
2344 5.96097 0.775 0.15 1.03063e+08 3514.5 1.0306e+08 70.9792 55.3167 47.8167 2.05946e+09 2783.41 2783.41 672831 0 1.54211e+08
2345 5.96097 0.85 -0.45 1.03063e+08 3514.5 1.0306e+08 70.9792 55.3167 47.8167 2.05946e+09 3052.77 3052.77 625914 0 1.54211e+08
2346 5.96097 0.85 -0.35 1.03063e+08 3514.5 1.0306e+08 70.9792 55.3167 47.8167 2.05946e+09 3052.77 3052.77 625914 0 1.54211e+08
2347 5.96097 0.85 -0.25 1.03063e+08 3514.5 1.0306e+08 70.9792 55.3167 47.8167 2.05946e+09 3052.77 3052.77 625914 0 1.54211e+08
2348 5.96097 0.85 -0.15 1.03063e+08 3514.5 1.0306e+08 70.9792 55.3167 47.8167 2.05946e+09 3052.77 3052.77 625914 0 1.54211e+08
2349 5.96097 0.85 -0.05 1.03063e+08 3514.5 1.0306e+08 70.9792 55.3167 47.8167 2.05946e+09 3052.77 3052.77 625914 0 1.54211e+08
2350 5.96097 0.85 0.05 1.03063e+08 3514.5 1.0306e+08 70.9792 55.3167 47.8167 2.05946e+09 3052.77 3052.77 625914 0 1.54211e+08
2351 5.96097 0.85 0.15 1.03063e+08 3514.5 1.0306e+08 70.9792 55.3167 47.8167 2.05946e+09 3052.77 3052.77 625914 0 1.54211e+08
2352 5.96097 0.925 -0.45 2.93664e+08 3514.5 2.93661e+08 430 40.9453 33.4453 1.84978e+08 3322.13 3322.13 582268 0 3.37002e+08
2353 5.96097 0.925 -0.35 2.98515e+08 3514.5 2.98512e+08 430 41.5848 34.0848 1.86097e+08 3322.13 3322.13 582268 0 3.41898e+08
2354 5.96097 0.925 -0.25 3.02488e+08 3514.5 3.02485e+08 430 42.1024 34.6024 1.87025e+08 3322.13 3322.13 582268 0 3.45907e+08
2355 5.96097 0.925 -0.15 3.05317e+08 3514.5 3.05313e+08 430 42.4677 34.9677 1.87692e+08 3322.13 3322.13 582268 0 3.48761e+08
2356 5.96097 0.925 -0.05 3.0679e+08 3514.5 3.06786e+08 430 42.6576 35.1576 1.88041e+08 3322.13 3322.13 582268 0 3.50247e+08
2357 5.96097 0.925 0.05 3.0679e+08 3514.5 3.06787e+08 430 42.6596 35.1596 1.88041e+08 3322.13 3322.13 582268 0 3.50248e+08
2358 5.96097 0.925 0.15 3.05317e+08 3514.5 3.05314e+08 430 42.4737 34.9737 1.87692e+08 3322.13 3322.13 582268 0 3.48762e+08
2359 5.96097 1 -0.45 3.58034e+08 3514.5 3.5803e+08 60.0208 53.3424 45.8424 2.24438e+08 3591.49 3591.49 541665 0 4.11235e+08
2360 5.96097 1 -0.35 3.58498e+08 3514.5 3.58494e+08 60.0208 53.3264 45.8264 2.27299e+08 3591.49 3591.49 541665 0 4.11698e+08
2361 5.96097 1 -0.25 3.58882e+08 3514.5 3.58878e+08 60.0208 53.3132 45.8132 2.29687e+08 3591.49 3591.49 541665 0 4.12081e+08
2362 5.96097 1 -0.15 3.59161e+08 3514.5 3.59157e+08 60.0208 53.3033 45.8033 2.31413e+08 3591.49 3591.49 541665 0 4.12359e+08
2363 5.96097 1 -0.05 3.59313e+08 3514.5 3.59309e+08 60.0208 53.2972 45.7972 2.32321e+08 3591.49 3591.49 541665 0 4.12511e+08
2364 5.96097 1 0.05 3.59326e+08 3514.5 3.59322e+08 60.0208 53.2952 45.7952 2.32321e+08 3591.49 3591.49 541665 0 4.12524e+08
2365 5.96097 1 0.15 3.592e+08 3514.5 3.59197e+08 60.0208 53.2975 45.7975 2.31413e+08 3591.49 3591.49 541665 0 4.12398e+08
2366 5.96097 1.075 -0.45 3.62585e+08 3514.5 3.62581e+08 60.0208 53.1897 45.6897 2.57393e+08 3860.86 3860.86 503894 0 4.15775e+08
2367 5.96097 1.075 -0.35 3.63195e+08 3514.5 3.63191e+08 60.0208 53.1748 45.6748 2.61932e+08 3860.86 3860.86 503894 0 4.16384e+08
2368 5.96097 1.075 -0.25 3.637e+08 3514.5 3.63696e+08 60.0208 53.1626 45.6626 2.65744e+08 3860.86 3860.86 503894 0 4.16889e+08
2369 5.96097 1.075 -0.15 3.64066e+08 3514.5 3.64063e+08 60.0208 53.1532 45.6532 2.68514e+08 3860.86 3860.86 503894 0 4.17254e+08
2370 5.96097 1.075 -0.05 3.64266e+08 3514.5 3.64263e+08 60.0208 53.1471 45.6471 2.69976e+08 3860.86 3860.86 503894 0 4.17454e+08
2371 5.96097 1.075 0.05 3.64284e+08 3514.5 3.6428e+08 60.0208 53.1444 45.6444 2.69976e+08 3860.86 3860.86 503894 0 4.17471e+08
2372 5.96097 1.075 0.15 3.64118e+08 3514.5 3.64115e+08 60.0208 53.1452 45.6452 2.68514e+08 3860.86 3860.86 503894 0 4.17306e+08
2373 5.96097 1.15 -0.45 3.6629e+08 3514.5 3.66287e+08 60.0208 53.1073 45.6073 2.89797e+08 4130.22 4130.22 468756 0 4.19475e+08
2374 5.96097 1.15 -0.35 3.67017e+08 3514.5 3.67013e+08 60.0208 53.0951 45.5951 2.96191e+08 4130.22 4130.22 468756 0 4.20201e+08
2375 5.96097 1.15 -0.25 3.67618e+08 3514.5 3.67615e+08 60.0208 53.085 45.585 3.01595e+08 4130.22 4130.22 468756 0 4.20802e+08
2376 5.96097 1.15 -0.15 3.68055e+08 3514.5 3.68051e+08 60.0208 53.0771 45.5771 3.05541e+08 4130.22 4130.22 468756 0 4.21237e+08
2377 5.96097 1.15 -0.05 3.68292e+08 3514.5 3.68289e+08 60.0208 53.0714 45.5714 3.07629e+08 4130.22 4130.22 468756 0 4.21475e+08
2378 5.96097 1.15 0.05 3.68313e+08 3514.5 3.6831e+08 60.0208 53.0681 45.5681 3.07629e+08 4130.22 4130.22 468756 0 4.21495e+08
2379 5.96097 1.15 0.15 3.68117e+08 3514.5 3.68113e+08 60.0208 53.0672 45.5672 3.05541e+08 4130.22 4130.22 468756 0 4.21299e+08
2380 5.96097 1.225 -0.45 3.69527e+08 3514.5 3.69523e+08 60.0208 53.0628 45.5628 3.23422e+08 4399.58 4399.58 436069 0 4.22709e+08
2381 5.96097 1.225 -0.35 3.70354e+08 3514.5 3.7035e+08 60.0208 53.054 45.554 3.31961e+08 4399.58 4399.58 436069 0 4.23535e+08
2382 5.96097 1.225 -0.25 3.71038e+08 3514.5 3.71034e+08 60.0208 53.0467 45.5467 3.39223e+08 4399.58 4399.58 436069 0 4.24218e+08
2383 5.96097 1.225 -0.15 3.71534e+08 3514.5 3.7153e+08 60.0208 53.0408 45.5408 3.44553e+08 4399.58 4399.58 436069 0 4.24714e+08
2384 5.96097 1.225 -0.05 3.71805e+08 3514.5 3.71801e+08 60.0208 53.0359 45.5359 3.47383e+08 4399.58 4399.58 436069 0 4.24984e+08
2385 5.96097 1.225 0.05 3.71828e+08 3514.5 3.71825e+08 60.0208 53.0319 45.5319 3.47383e+08 4399.58 4399.58 436069 0 4.25008e+08
2386 5.96097 1.225 0.15 3.71605e+08 3514.5 3.71601e+08 60.0208 53.0291 45.5291 3.44553e+08 4399.58 4399.58 436069 0 4.24784e+08
2387 5.96097 1.3 -0.45 3.72458e+08 3514.5 3.72455e+08 60.0208 53.043 45.543 3.59354e+08 4668.94 4668.94 405661 0 4.25638e+08
2388 5.96097 1.3 -0.35 3.73374e+08 3514.5 3.7337e+08 60.0208 53.0382 45.5382 3.70435e+08 4668.94 4668.94 405661 0 4.26554e+08
2389 5.96097 1.3 -0.25 3.74132e+08 3514.5 3.74128e+08 60.0208 53.0341 45.5341 3.79925e+08 4668.94 4668.94 405661 0 4.27311e+08
2390 5.96097 1.3 -0.15 3.74681e+08 3514.5 3.74678e+08 60.0208 53.0304 45.5304 3.86853e+08 4668.94 4668.94 405661 0 4.27861e+08
2391 5.96097 1.3 -0.05 3.74981e+08 3514.5 3.74977e+08 60.0208 53.0264 45.5264 3.9046e+08 4668.94 4668.94 405661 0 4.2816e+08
2392 5.96097 1.3 0.05 3.75007e+08 3514.5 3.75004e+08 60.0208 53.0219 45.5219 3.9046e+08 4668.94 4668.94 405661 0 4.28186e+08
2393 5.96097 1.3 0.15 3.7476e+08 3514.5 3.74756e+08 60.0208 53.0172 45.5172 3.86853e+08 4668.94 4668.94 405661 0 4.27938e+08
2394 6.12208 0.7 -0.45 6.44642e+07 3514.5 6.44607e+07 72.3125 59.7628 52.2628 2.05957e+09 2514.05 2514.05 723266 0 1.15657e+08
2395 6.12208 0.7 -0.35 6.44642e+07 3514.5 6.44607e+07 72.3125 59.7628 52.2628 2.05957e+09 2514.05 2514.05 723266 0 1.15657e+08
2396 6.12208 0.7 -0.25 6.44642e+07 3514.5 6.44607e+07 72.3125 59.7628 52.2628 2.05957e+09 2514.05 2514.05 723266 0 1.15657e+08
2397 6.12208 0.7 -0.15 6.44642e+07 3514.5 6.44607e+07 72.3125 59.7628 52.2628 2.05957e+09 2514.05 2514.05 723266 0 1.15657e+08
2398 6.12208 0.7 -0.05 6.44642e+07 3514.5 6.44607e+07 72.3125 59.7628 52.2628 2.05957e+09 2514.05 2514.05 723266 0 1.15657e+08
2399 6.12208 0.7 0.05 6.44642e+07 3514.5 6.44607e+07 72.3125 59.7628 52.2628 2.05957e+09 2514.05 2514.05 723266 0 1.15657e+08
2400 6.12208 0.7 0.15 6.44642e+07 3514.5 6.44607e+07 72.3125 59.7628 52.2628 2.05957e+09 2514.05 2514.05 723266 0 1.15657e+08
2401 6.12208 0.775 -0.45 6.44642e+07 3514.5 6.44607e+07 72.3125 59.7628 52.2628 2.05957e+09 2783.41 2783.41 672831 0 1.15657e+08
2402 6.12208 0.775 -0.35 6.44642e+07 3514.5 6.44607e+07 72.3125 59.7628 52.2628 2.05957e+09 2783.41 2783.41 672831 0 1.15657e+08
2403 6.12208 0.775 -0.25 6.44642e+07 3514.5 6.44607e+07 72.3125 59.7628 52.2628 2.05957e+09 2783.41 2783.41 672831 0 1.15657e+08
2404 6.12208 0.775 -0.15 6.44642e+07 3514.5 6.44607e+07 72.3125 59.7628 52.2628 2.05957e+09 2783.41 2783.41 672831 0 1.15657e+08
2405 6.12208 0.775 -0.05 6.44642e+07 3514.5 6.44607e+07 72.3125 59.7628 52.2628 2.05957e+09 2783.41 2783.41 672831 0 1.15657e+08
2406 6.12208 0.775 0.05 6.44642e+07 3514.5 6.44607e+07 72.3125 59.7628 52.2628 2.05957e+09 2783.41 2783.41 672831 0 1.15657e+08
2407 6.12208 0.775 0.15 6.44642e+07 3514.5 6.44607e+07 72.3125 59.7628 52.2628 2.05957e+09 2783.41 2783.41 672831 0 1.15657e+08
2408 6.12208 0.85 -0.45 6.44642e+07 3514.5 6.44607e+07 72.3125 59.7628 52.2628 2.05957e+09 3052.77 3052.77 625914 0 1.15657e+08
2409 6.12208 0.85 -0.35 6.44642e+07 3514.5 6.44607e+07 72.3125 59.7628 52.2628 2.05957e+09 3052.77 3052.77 625914 0 1.15657e+08
2410 6.12208 0.85 -0.25 6.44642e+07 3514.5 6.44607e+07 72.3125 59.7628 52.2628 2.05957e+09 3052.77 3052.77 625914 0 1.15657e+08
2411 6.12208 0.85 -0.15 6.44642e+07 3514.5 6.44607e+07 72.3125 59.7628 52.2628 2.05957e+09 3052.77 3052.77 625914 0 1.15657e+08
2412 6.12208 0.85 -0.05 6.44642e+07 3514.5 6.44607e+07 72.3125 59.7628 52.2628 2.05957e+09 3052.77 3052.77 625914 0 1.15657e+08
2413 6.12208 0.85 0.05 6.44642e+07 3514.5 6.44607e+07 72.3125 59.7628 52.2628 2.05957e+09 3052.77 3052.77 625914 0 1.15657e+08
2414 6.12208 0.85 0.15 6.44642e+07 3514.5 6.44607e+07 72.3125 59.7628 52.2628 2.05957e+09 3052.77 3052.77 625914 0 1.15657e+08
2415 6.12208 0.925 -0.45 3.08354e+08 3514.5 3.0835e+08 430 43.6073 36.1073 1.84978e+08 3322.13 3322.13 582268 0 3.51878e+08
2416 6.12208 0.925 -0.35 3.12837e+08 3514.5 3.12833e+08 430 44.198 36.698 1.86097e+08 3322.13 3322.13 582268 0 3.56402e+08
2417 6.12208 0.925 -0.25 3.16498e+08 3514.5 3.16494e+08 430 44.6743 37.1743 1.87025e+08 3322.13 3322.13 582268 0 3.60096e+08
2418 6.12208 0.925 -0.15 3.19098e+08 3514.5 3.19095e+08 430 45.0095 37.5095 1.87692e+08 3322.13 3322.13 582268 0 3.6272e+08
2419 6.12208 0.925 -0.05 3.2045e+08 3514.5 3.20447e+08 430 45.1835 37.6835 1.88041e+08 3322.13 3322.13 582268 0 3.64085e+08
2420 6.12208 0.925 0.05 3.20451e+08 3514.5 3.20447e+08 430 45.1855 37.6855 1.88041e+08 3322.13 3322.13 582268 0 3.64085e+08
2421 6.12208 0.925 0.15 3.19099e+08 3514.5 3.19095e+08 430 45.0156 37.5156 1.87692e+08 3322.13 3322.13 582268 0 3.62721e+08
2422 6.12208 1 -0.45 3.49351e+08 3514.5 3.49347e+08 60.0208 51.3001 43.8001 2.24438e+08 3591.49 3591.49 541665 0 4.02409e+08
2423 6.12208 1 -0.35 3.49808e+08 3514.5 3.49804e+08 60.0208 51.2751 43.7751 2.27299e+08 3591.49 3591.49 541665 0 4.02865e+08
2424 6.12208 1 -0.25 3.50186e+08 3514.5 3.50183e+08 60.0208 51.2543 43.7543 2.29687e+08 3591.49 3591.49 541665 0 4.03241e+08
2425 6.12208 1 -0.15 3.50459e+08 3514.5 3.50456e+08 60.0208 51.2389 43.7389 2.31413e+08 3591.49 3591.49 541665 0 4.03513e+08
2426 6.12208 1 -0.05 3.50607e+08 3514.5 3.50603e+08 60.0208 51.2299 43.7299 2.32321e+08 3591.49 3591.49 541665 0 4.0366e+08
2427 6.12208 1 0.05 3.50617e+08 3514.5 3.50613e+08 60.0208 51.2276 43.7276 2.32321e+08 3591.49 3591.49 541665 0 4.0367e+08
2428 6.12208 1 0.15 3.50489e+08 3514.5 3.50485e+08 60.0208 51.2323 43.7323 2.31413e+08 3591.49 3591.49 541665 0 4.03542e+08
2429 6.12208 1.075 -0.45 3.53848e+08 3514.5 3.53845e+08 60.0208 51.057 43.557 2.57393e+08 3860.86 3860.86 503894 0 4.06889e+08
2430 6.12208 1.075 -0.35 3.5445e+08 3514.5 3.54446e+08 60.0208 51.0304 43.5304 2.61932e+08 3860.86 3860.86 503894 0 4.07489e+08
2431 6.12208 1.075 -0.25 3.54947e+08 3514.5 3.54944e+08 60.0208 51.0083 43.5083 2.65744e+08 3860.86 3860.86 503894 0 4.07985e+08
2432 6.12208 1.075 -0.15 3.55307e+08 3514.5 3.55303e+08 60.0208 50.9918 43.4918 2.68514e+08 3860.86 3860.86 503894 0 4.08344e+08
2433 6.12208 1.075 -0.05 3.55501e+08 3514.5 3.55497e+08 60.0208 50.9818 43.4818 2.69976e+08 3860.86 3860.86 503894 0 4.08537e+08
2434 6.12208 1.075 0.05 3.55514e+08 3514.5 3.5551e+08 60.0208 50.9787 43.4787 2.69976e+08 3860.86 3860.86 503894 0 4.0855e+08
2435 6.12208 1.075 0.15 3.55346e+08 3514.5 3.55342e+08 60.0208 50.9826 43.4826 2.68514e+08 3860.86 3860.86 503894 0 4.08382e+08
2436 6.12208 1.15 -0.45 3.57517e+08 3514.5 3.57514e+08 60.0208 50.9029 43.4029 2.89797e+08 4130.22 4130.22 468756 0 4.10548e+08
2437 6.12208 1.15 -0.35 3.58235e+08 3514.5 3.58231e+08 60.0208 50.8767 43.3767 2.96191e+08 4130.22 4130.22 468756 0 4.11263e+08
2438 6.12208 1.15 -0.25 3.58828e+08 3514.5 3.58824e+08 60.0208 50.8551 43.3551 3.01595e+08 4130.22 4130.22 468756 0 4.11855e+08
2439 6.12208 1.15 -0.15 3.59256e+08 3514.5 3.59252e+08 60.0208 50.8388 43.3388 3.05541e+08 4130.22 4130.22 468756 0 4.12282e+08
2440 6.12208 1.15 -0.05 3.59487e+08 3514.5 3.59484e+08 60.0208 50.8285 43.3285 3.07629e+08 4130.22 4130.22 468756 0 4.12513e+08
2441 6.12208 1.15 0.05 3.59503e+08 3514.5 3.59499e+08 60.0208 50.8246 43.3246 3.07629e+08 4130.22 4130.22 468756 0 4.12528e+08
2442 6.12208 1.15 0.15 3.59302e+08 3514.5 3.59299e+08 60.0208 50.8273 43.3273 3.05541e+08 4130.22 4130.22 468756 0 4.12327e+08
2443 6.12208 1.225 -0.45 3.60727e+08 3514.5 3.60723e+08 60.0208 50.7968 43.2968 3.23422e+08 4399.58 4399.58 436069 0 4.1375e+08
2444 6.12208 1.225 -0.35 3.61543e+08 3514.5 3.6154e+08 60.0208 50.7723 43.2723 3.31961e+08 4399.58 4399.58 436069 0 4.14565e+08
2445 6.12208 1.225 -0.25 3.62218e+08 3514.5 3.62215e+08 60.0208 50.752 43.252 3.39223e+08 4399.58 4399.58 436069 0 4.15238e+08
2446 6.12208 1.225 -0.15 3.62705e+08 3514.5 3.62702e+08 60.0208 50.7366 43.2366 3.44553e+08 4399.58 4399.58 436069 0 4.15724e+08
2447 6.12208 1.225 -0.05 3.62969e+08 3514.5 3.62965e+08 60.0208 50.7264 43.2264 3.47383e+08 4399.58 4399.58 436069 0 4.15987e+08
2448 6.12208 1.225 0.05 3.62986e+08 3514.5 3.62983e+08 60.0208 50.7219 43.2219 3.47383e+08 4399.58 4399.58 436069 0 4.16004e+08
2449 6.12208 1.225 0.15 3.62758e+08 3514.5 3.62755e+08 60.0208 50.7231 43.2231 3.44553e+08 4399.58 4399.58 436069 0 4.15776e+08
2450 6.12208 1.3 -0.45 3.63635e+08 3514.5 3.63632e+08 60.0208 50.7223 43.2223 3.59354e+08 4668.94 4668.94 405661 0 4.16653e+08
2451 6.12208 1.3 -0.35 3.6454e+08 3514.5 3.64537e+08 60.0208 50.7002 43.2002 3.70435e+08 4668.94 4668.94 405661 0 4.17557e+08
2452 6.12208 1.3 -0.25 3.65288e+08 3514.5 3.65285e+08 60.0208 50.6818 43.1818 3.79925e+08 4668.94 4668.94 405661 0 4.18303e+08
2453 6.12208 1.3 -0.15 3.65828e+08 3514.5 3.65825e+08 60.0208 50.6676 43.1676 3.86853e+08 4668.94 4668.94 405661 0 4.18842e+08
2454 6.12208 1.3 -0.05 3.6612e+08 3514.5 3.66116e+08 60.0208 50.6578 43.1578 3.9046e+08 4668.94 4668.94 405661 0 4.19133e+08
2455 6.12208 1.3 0.05 3.66139e+08 3514.5 3.66136e+08 60.0208 50.6527 43.1527 3.9046e+08 4668.94 4668.94 405661 0 4.19152e+08
2456 6.12208 1.3 0.15 3.65887e+08 3514.5 3.65883e+08 60.0208 50.6523 43.1523 3.86853e+08 4668.94 4668.94 405661 0 4.189e+08
2457 0 0.7 -0.45 2.58745e+07 3514.5 2.5871e+07 72.0625 64.0427 56.5427 2.05956e+09 2514.05 2514.05 723266 0 7.74165e+07
2458 0 0.7 -0.35 2.58745e+07 3514.5 2.5871e+07 72.0625 64.0427 56.5427 2.05956e+09 2514.05 2514.05 723266 0 7.74165e+07
2459 0 0.7 -0.25 2.58745e+07 3514.5 2.5871e+07 72.0625 64.0427 56.5427 2.05956e+09 2514.05 2514.05 723266 0 7.74165e+07
2460 0 0.7 -0.15 2.58745e+07 3514.5 2.5871e+07 72.0625 64.0427 56.5427 2.05956e+09 2514.05 2514.05 723266 0 7.74165e+07
2461 0 0.7 -0.05 2.58745e+07 3514.5 2.5871e+07 72.0625 64.0427 56.5427 2.05956e+09 2514.05 2514.05 723266 0 7.74165e+07
2462 0 0.7 0.05 2.58745e+07 3514.5 2.5871e+07 72.0625 64.0427 56.5427 2.05956e+09 2514.05 2514.05 723266 0 7.74165e+07
2463 0 0.7 0.15 2.58745e+07 3514.5 2.5871e+07 72.0625 64.0427 56.5427 2.05956e+09 2514.05 2514.05 723266 0 7.74165e+07
2464 0 0.775 -0.45 2.58745e+07 3514.5 2.5871e+07 72.0625 64.0427 56.5427 2.05956e+09 2783.41 2783.41 672831 0 7.74165e+07
2465 0 0.775 -0.35 2.58745e+07 3514.5 2.5871e+07 72.0625 64.0427 56.5427 2.05956e+09 2783.41 2783.41 672831 0 7.74165e+07
2466 0 0.775 -0.25 2.58745e+07 3514.5 2.5871e+07 72.0625 64.0427 56.5427 2.05956e+09 2783.41 2783.41 672831 0 7.74165e+07
2467 0 0.775 -0.15 2.58745e+07 3514.5 2.5871e+07 72.0625 64.0427 56.5427 2.05956e+09 2783.41 2783.41 672831 0 7.74165e+07
2468 0 0.775 -0.05 2.58745e+07 3514.5 2.5871e+07 72.0625 64.0427 56.5427 2.05956e+09 2783.41 2783.41 672831 0 7.74165e+07
2469 0 0.775 0.05 2.58745e+07 3514.5 2.5871e+07 72.0625 64.0427 56.5427 2.05956e+09 2783.41 2783.41 672831 0 7.74165e+07
2470 0 0.775 0.15 2.58745e+07 3514.5 2.5871e+07 72.0625 64.0427 56.5427 2.05956e+09 2783.41 2783.41 672831 0 7.74165e+07
2471 0 0.85 -0.45 2.58745e+07 3514.5 2.5871e+07 72.0625 64.0427 56.5427 2.05956e+09 3052.77 3052.77 625914 0 7.74165e+07
2472 0 0.85 -0.35 2.58745e+07 3514.5 2.5871e+07 72.0625 64.0427 56.5427 2.05956e+09 3052.77 3052.77 625914 0 7.74165e+07
2473 0 0.85 -0.25 2.58745e+07 3514.5 2.5871e+07 72.0625 64.0427 56.5427 2.05956e+09 3052.77 3052.77 625914 0 7.74165e+07
2474 0 0.85 -0.15 2.58745e+07 3514.5 2.5871e+07 72.0625 64.0427 56.5427 2.05956e+09 3052.77 3052.77 625914 0 7.74165e+07
2475 0 0.85 -0.05 2.58745e+07 3514.5 2.5871e+07 72.0625 64.0427 56.5427 2.05956e+09 3052.77 3052.77 625914 0 7.74165e+07
2476 0 0.85 0.05 2.58745e+07 3514.5 2.5871e+07 72.0625 64.0427 56.5427 2.05956e+09 3052.77 3052.77 625914 0 7.74165e+07
2477 0 0.85 0.15 2.58745e+07 3514.5 2.5871e+07 72.0625 64.0427 56.5427 2.05956e+09 3052.77 3052.77 625914 0 7.74165e+07
2478 0 0.925 -0.45 3.21636e+08 3514.5 3.21633e+08 430 46.1151 38.6151 1.84978e+08 3322.13 3322.13 582268 0 3.65336e+08
2479 0 0.925 -0.35 3.25709e+08 3514.5 3.25706e+08 430 46.6521 39.1521 1.86097e+08 3322.13 3322.13 582268 0 3.69446e+08
2480 0 0.925 -0.25 3.29024e+08 3514.5 3.2902e+08 430 47.0832 39.5832 1.87025e+08 3322.13 3322.13 582268 0 3.72791e+08
2481 0 0.925 -0.15 3.31372e+08 3514.5 3.31368e+08 430 47.3855 39.8855 1.87692e+08 3322.13 3322.13 582268 0 3.7516e+08
2482 0 0.925 -0.05 3.32392e+08 3514.5 3.32389e+08 60.0208 49.4902 41.9902 1.88041e+08 3322.13 3322.13 582268 0 3.85324e+08
2483 0 0.925 0.05 3.32395e+08 3514.5 3.32392e+08 60.0208 49.4892 41.9892 1.88041e+08 3322.13 3322.13 582268 0 3.85327e+08
2484 0 0.925 0.15 3.31372e+08 3514.5 3.31369e+08 430 47.3917 39.8917 1.87692e+08 3322.13 3322.13 582268 0 3.75161e+08
2485 0 1 -0.45 3.38367e+08 3514.5 3.38363e+08 60.0208 48.8946 41.3946 2.24438e+08 3591.49 3591.49 541665 0 3.91257e+08
2486 0 1 -0.35 3.38811e+08 3514.5 3.38808e+08 60.0208 48.861 41.361 2.27299e+08 3591.49 3591.49 541665 0 3.91699e+08
2487 0 1 -0.25 3.39178e+08 3514.5 3.39175e+08 60.0208 48.8332 41.3332 2.29687e+08 3591.49 3591.49 541665 0 3.92064e+08
2488 0 1 -0.15 3.39443e+08 3514.5 3.39439e+08 60.0208 48.8126 41.3126 2.31413e+08 3591.49 3591.49 541665 0 3.92327e+08
2489 0 1 -0.05 3.39583e+08 3514.5 3.3958e+08 60.0208 48.8008 41.3008 2.32321e+08 3591.49 3591.49 541665 0 3.92467e+08
2490 0 1 0.05 3.39589e+08 3514.5 3.39586e+08 60.0208 48.7983 41.2983 2.32321e+08 3591.49 3591.49 541665 0 3.92473e+08
2491 0 1 0.15 3.3946e+08 3514.5 3.39457e+08 60.0208 48.8052 41.3052 2.31413e+08 3591.49 3591.49 541665 0 3.92344e+08
2492 0 1.075 -0.45 3.42759e+08 3514.5 3.42755e+08 60.0208 48.5665 41.0665 2.57393e+08 3860.86 3860.86 503894 0 3.95626e+08
2493 0 1.075 -0.35 3.43345e+08 3514.5 3.43341e+08 60.0208 48.5287 41.0287 2.61932e+08 3860.86 3860.86 503894 0 3.96209e+08
2494 0 1.075 -0.25 3.43828e+08 3514.5 3.43825e+08 60.0208 48.4974 40.9974 2.65744e+08 3860.86 3860.86 503894 0 3.96691e+08
2495 0 1.075 -0.15 3.44176e+08 3514.5 3.44173e+08 60.0208 48.4742 40.9742 2.68514e+08 3860.86 3860.86 503894 0 3.97037e+08
2496 0 1.075 -0.05 3.44362e+08 3514.5 3.44358e+08 60.0208 48.4604 40.9604 2.69976e+08 3860.86 3860.86 503894 0 3.97221e+08
2497 0 1.075 0.05 3.4437e+08 3514.5 3.44366e+08 60.0208 48.4569 40.9569 2.69976e+08 3860.86 3860.86 503894 0 3.97229e+08
2498 0 1.075 0.15 3.442e+08 3514.5 3.44196e+08 60.0208 48.4638 40.9638 2.68514e+08 3860.86 3860.86 503894 0 3.97059e+08
2499 0 1.15 -0.45 3.46352e+08 3514.5 3.46348e+08 60.0208 48.3447 40.8447 2.89797e+08 4130.22 4130.22 468756 0 3.99203e+08
2500 0 1.15 -0.35 3.47051e+08 3514.5 3.47047e+08 60.0208 48.3054 40.8054 2.96191e+08 4130.22 4130.22 468756 0 3.99899e+08
2501 0 1.15 -0.25 3.47627e+08 3514.5 3.47624e+08 60.0208 48.2728 40.7728 3.01595e+08 4130.22 4130.22 468756 0 4.00474e+08
2502 0 1.15 -0.15 3.48042e+08 3514.5 3.48038e+08 60.0208 48.2485 40.7485 3.05541e+08 4130.22 4130.22 468756 0 4.00887e+08
2503 0 1.15 -0.05 3.48263e+08 3514.5 3.4826e+08 60.0208 48.2338 40.7338 3.07629e+08 4130.22 4130.22 468756 0 4.01107e+08
2504 0 1.15 0.05 3.48273e+08 3514.5 3.48269e+08 60.0208 48.2295 40.7295 3.07629e+08 4130.22 4130.22 468756 0 4.01116e+08
2505 0 1.15 0.15 3.4807e+08 3514.5 3.48067e+08 60.0208 48.2356 40.7356 3.05541e+08 4130.22 4130.22 468756 0 4.00914e+08
2506 0 1.225 -0.45 3.49499e+08 3514.5 3.49495e+08 60.0208 48.1807 40.6807 3.23422e+08 4399.58 4399.58 436069 0 4.02339e+08
2507 0 1.225 -0.35 3.50295e+08 3514.5 3.50291e+08 60.0208 48.1413 40.6413 3.3196e+08 4399.58 4399.58 436069 0 4.03132e+08
2508 0 1.225 -0.25 3.50951e+08 3514.5 3.50948e+08 60.0208 48.1086 40.6086 3.39223e+08 4399.58 4399.58 436069 0 4.03786e+08
2509 0 1.225 -0.15 3.51424e+08 3514.5 3.5142e+08 60.0208 48.0842 40.5842 3.44553e+08 4399.58 4399.58 436069 0 4.04257e+08
2510 0 1.225 -0.05 3.51676e+08 3514.5 3.51672e+08 60.0208 48.069 40.569 3.47383e+08 4399.58 4399.58 436069 0 4.04508e+08
2511 0 1.225 0.05 3.51686e+08 3514.5 3.51683e+08 60.0208 48.0639 40.5639 3.47383e+08 4399.58 4399.58 436069 0 4.04518e+08
2512 0 1.225 0.15 3.51456e+08 3514.5 3.51452e+08 60.0208 48.069 40.569 3.44553e+08 4399.58 4399.58 436069 0 4.04288e+08
2513 0 1.3 -0.45 3.52354e+08 3514.5 3.52351e+08 60.0208 48.0546 40.5546 3.59354e+08 4668.94 4668.94 405661 0 4.05185e+08
2514 0 1.3 -0.35 3.53237e+08 3514.5 3.53234e+08 60.0208 48.016 40.516 3.70435e+08 4668.94 4668.94 405661 0 4.06066e+08
2515 0 1.3 -0.25 3.53965e+08 3514.5 3.53962e+08 60.0208 47.9841 40.4841 3.79925e+08 4668.94 4668.94 405661 0 4.06791e+08
2516 0 1.3 -0.15 3.54489e+08 3514.5 3.54485e+08 60.0208 47.96 40.46 3.86853e+08 4668.94 4668.94 405661 0 4.07313e+08
2517 0 1.3 -0.05 3.54768e+08 3514.5 3.54764e+08 60.0208 47.9447 40.4447 3.9046e+08 4668.94 4668.94 405661 0 4.07591e+08
2518 0 1.3 0.05 3.5478e+08 3514.5 3.54776e+08 60.0208 47.9389 40.4389 3.9046e+08 4668.94 4668.94 405661 0 4.07603e+08
2519 0 1.3 0.15 3.54524e+08 3514.5 3.54521e+08 60.0208 47.9428 40.4428 3.86853e+08 4668.94 4668.94 405661 0 4.07347e+08
2520 2.53882 0.975 -0.05 4.87852e+07 3514.5 4.87817e+07 360.292 10.4798 2.97984 2.19034e+08 3501.71 3501.71 554874 0 8.30194e+07
2521 2.53882 0.975 -0.0166667 4.8396e+07 3514.5 4.83925e+07 360.479 10.4481 2.94809 2.19117e+08 3501.71 3501.71 554874 0 8.26468e+07
2522 2.53882 0.975 0.0166667 4.83377e+07 3514.5 4.83342e+07 360.5 10.4493 2.94927 2.19117e+08 3501.71 3501.71 554874 0 8.25907e+07
2523 2.53882 0.975 0.05 4.86117e+07 3514.5 4.86082e+07 360.312 10.4815 2.98151 2.19034e+08 3501.71 3501.71 554874 0 8.28481e+07
2524 2.53882 0.975 0.0833333 4.92149e+07 3514.5 4.92114e+07 359.958 10.5462 3.04616 2.1887e+08 3501.71 3501.71 554874 0 8.34205e+07
2525 2.53882 0.975 0.116667 5.01403e+07 3514.5 5.01368e+07 359.438 10.6422 3.14223 2.18625e+08 3501.71 3501.71 554874 0 8.43005e+07
2526 2.53882 0.975 0.15 5.13764e+07 3514.5 5.13729e+07 358.708 10.7663 3.26633 2.18304e+08 3501.71 3501.71 554874 0 8.54724e+07
2527 2.53882 1.00357 -0.05 1.39638e+07 3514.5 1.39603e+07 361.667 4.80742 2.69258 2.34168e+08 3604.32 3604.32 539804 0 4.83155e+07
2528 2.53882 1.00357 -0.0166667 1.40314e+07 3514.5 1.40278e+07 361.125 4.79814 2.70186 2.34274e+08 3604.32 3604.32 539804 0 4.83295e+07
2529 2.53882 1.00357 0.0166667 1.38171e+07 3514.5 1.38136e+07 361.208 4.79746 2.70254 2.34274e+08 3604.32 3604.32 539804 0 4.81236e+07
2530 2.53882 1.00357 0.05 1.33056e+07 3514.5 1.33021e+07 361.896 4.80601 2.69399 2.34168e+08 3604.32 3604.32 539804 0 4.76802e+07
2531 2.53882 1.00357 0.0833333 1.24808e+07 3514.5 1.24773e+07 363.167 4.82693 2.67307 2.33958e+08 3604.32 3604.32 539804 0 4.69811e+07
2532 2.53882 1.00357 0.116667 1.13269e+07 3514.5 1.13234e+07 364.896 4.86789 2.63211 2.33646e+08 3604.32 3604.32 539804 0 4.59972e+07
2533 2.53882 1.00357 0.15 9.83168e+06 3514.5 9.82817e+06 366.917 4.93897 2.56103 2.33235e+08 3604.32 3604.32 539804 0 4.46991e+07
2534 2.53882 1.03214 -0.05 3.55569e+07 3514.5 3.55534e+07 285.458 5.73765 1.76235 2.48667e+08 3706.94 3706.94 525142 0 6.56768e+07
2535 2.53882 1.03214 -0.0166667 3.56364e+07 3514.5 3.56328e+07 285.062 5.73757 1.76243 2.48796e+08 3706.94 3706.94 525142 0 6.57562e+07
2536 2.53882 1.03214 0.0166667 3.56287e+07 3514.5 3.56252e+07 285.146 5.73384 1.76616 2.48796e+08 3706.94 3706.94 525142 0 6.57488e+07
2537 2.53882 1.03214 0.05 3.55322e+07 3514.5 3.55286e+07 285.688 5.72613 1.77387 2.48667e+08 3706.94 3706.94 525142 0 6.56528e+07
2538 2.53882 1.03214 0.0833333 3.53431e+07 3514.5 3.53396e+07 286.708 5.71463 1.78537 2.48411e+08 3706.94 3706.94 525142 0 6.54646e+07
2539 2.53882 1.03214 0.116667 3.50558e+07 3514.5 3.50523e+07 288.208 5.69896 1.80104 2.48029e+08 3706.94 3706.94 525142 0 6.51784e+07
2540 2.53882 1.03214 0.15 3.46623e+07 3514.5 3.46588e+07 290.188 5.67854 1.82146 2.47528e+08 3706.94 3706.94 525142 0 6.47863e+07
2541 2.53882 1.06071 -0.05 4.07418e+07 3514.5 4.07382e+07 242.042 5.94864 1.55136 2.62893e+08 3809.55 3809.55 510879 0 7.08468e+07
2542 2.53882 1.06071 -0.0166667 4.07847e+07 3514.5 4.07812e+07 241.646 5.94091 1.55909 2.63046e+08 3809.55 3809.55 510879 0 7.08904e+07
2543 2.53882 1.06071 0.0166667 4.08077e+07 3514.5 4.08042e+07 241.646 5.93382 1.56618 2.63046e+08 3809.55 3809.55 510879 0 7.09139e+07
2544 2.53882 1.06071 0.05 4.08105e+07 3514.5 4.0807e+07 242.062 5.92828 1.57172 2.62893e+08 3809.55 3809.55 510879 0 7.0917e+07
2545 2.53882 1.06071 0.0833333 4.07911e+07 3514.5 4.07876e+07 242.875 5.92344 1.57656 2.62588e+08 3809.55 3809.55 510879 0 7.08979e+07
2546 2.53882 1.06071 0.116667 4.0746e+07 3514.5 4.07425e+07 244.083 5.91931 1.58069 2.62136e+08 3809.55 3809.55 510879 0 7.08531e+07
2547 2.53882 1.06071 0.15 4.06701e+07 3514.5 4.06666e+07 245.708 5.91677 1.58323 2.61541e+08 3809.55 3809.55 510879 0 7.07775e+07
2548 2.53882 1.08929 -0.05 4.09329e+07 3514.5 4.09294e+07 209.104 5.93888 1.56112 2.77063e+08 3912.16 3912.16 497004 0 7.10387e+07
2549 2.53882 1.08929 -0.0166667 4.0928e+07 3514.5 4.09245e+07 208.625 5.92647 1.57353 2.77242e+08 3912.16 3912.16 497004 0 7.10346e+07
2550 2.53882 1.08929 0.0166667 4.09449e+07 3514.5 4.09414e+07 208.542 5.91572 1.58428 2.77242e+08 3912.16 3912.16 497004 0 7.10523e+07
2551 2.53882 1.08929 0.05 4.09843e+07 3514.5 4.09808e+07 208.833 5.90556 1.59444 2.77063e+08 3912.16 3912.16 497004 0 7.10924e+07
2552 2.53882 1.08929 0.0833333 4.10452e+07 3514.5 4.10417e+07 209.521 5.89716 1.60284 2.76709e+08 3912.16 3912.16 497004 0 7.11539e+07
2553 2.53882 1.08929 0.116667 4.11248e+07 3514.5 4.11213e+07 210.625 5.89187 1.60813 2.76182e+08 3912.16 3912.16 497004 0 7.12338e+07
2554 2.53882 1.08929 0.15 4.12186e+07 3514.5 4.12151e+07 212.104 5.88813 1.61187 2.7549e+08 3912.16 3912.16 497004 0 7.13279e+07
2555 2.53882 1.11786 -0.05 3.88931e+07 3514.5 3.88896e+07 182.542 6.09568 1.40432 2.91328e+08 4014.78 4014.78 483505 0 6.89879e+07
2556 2.53882 1.11786 -0.0166667 3.88331e+07 3514.5 3.88295e+07 182 6.08682 1.41318 2.91533e+08 4014.78 4014.78 483505 0 6.89285e+07
2557 2.53882 1.11786 0.0166667 3.8824e+07 3514.5 3.88205e+07 181.792 6.07379 1.42621 2.91533e+08 4014.78 4014.78 483505 0 6.89203e+07
2558 2.53882 1.11786 0.05 3.88673e+07 3514.5 3.88638e+07 181.938 6.05717 1.44283 2.91328e+08 4014.78 4014.78 483505 0 6.89648e+07
2559 2.53882 1.11786 0.0833333 3.89629e+07 3514.5 3.89594e+07 182.438 6.03706 1.46294 2.9092e+08 4014.78 4014.78 483505 0 6.90618e+07
2560 2.53882 1.11786 0.116667 3.91089e+07 3514.5 3.91054e+07 183.312 6.01473 1.48527 2.90315e+08 4014.78 4014.78 483505 0 6.92094e+07
2561 2.53882 1.11786 0.15 3.93019e+07 3514.5 3.92983e+07 184.562 5.991 1.509 2.8952e+08 4014.78 4014.78 483505 0 6.9404e+07
2562 2.53882 1.14643 -0.05 3.60345e+07 3514.5 3.6031e+07 163.792 6.62957 0.870427 3.05798e+08 4117.39 4117.39 470373 0 6.60919e+07
2563 2.53882 1.14643 -0.0166667 3.59259e+07 3514.5 3.59224e+07 163.312 6.63127 0.868729 3.06032e+08 4117.39 4117.39 470373 0 6.59832e+07
2564 2.53882 1.14643 0.0166667 3.58847e+07 3514.5 3.58812e+07 163.083 6.62289 0.877111 3.06032e+08 4117.39 4117.39 470373 0 6.59426e+07
2565 2.53882 1.14643 0.05 3.59127e+07 3514.5 3.59092e+07 163.104 6.60418 0.895823 3.05798e+08 4117.39 4117.39 470373 0 6.59719e+07
2566 2.53882 1.14643 0.0833333 3.60102e+07 3514.5 3.60067e+07 163.396 6.57563 0.924366 3.05334e+08 4117.39 4117.39 470373 0 6.60714e+07
2567 2.53882 1.14643 0.116667 3.61763e+07 3514.5 3.61728e+07 163.938 6.537 0.963001 3.04646e+08 4117.39 4117.39 470373 0 6.62402e+07
2568 2.53882 1.14643 0.15 3.64086e+07 3514.5 3.64051e+07 164.75 6.48929 1.01071 3.03742e+08 4117.39 4117.39 470373 0 6.64758e+07
2569 2.53882 1.175 -0.05 3.31702e+07 3514.5 3.31667e+07 152.125 7.36383 0.136165 3.20568e+08 4220.01 4220.01 457597 0 6.47512e+07
2570 2.53882 1.175 -0.0166667 3.30228e+07 3514.5 3.30193e+07 151.75 7.37253 0.127466 3.20832e+08 4220.01 4220.01 457597 0 6.46782e+07
2571 2.53882 1.175 0.0166667 3.29516e+07 3514.5 3.29481e+07 151.562 7.36854 0.13146 3.20832e+08 4220.01 4220.01 457597 0 6.46448e+07
2572 2.53882 1.175 0.05 3.29585e+07 3514.5 3.2955e+07 151.562 7.35169 0.148314 3.20568e+08 4220.01 4220.01 457597 0 6.46528e+07
2573 2.53882 1.175 0.0833333 3.3044e+07 3514.5 3.30405e+07 151.708 7.32138 0.178622 3.20044e+08 4220.01 4220.01 457597 0 6.47113e+07
2574 2.53882 1.175 0.116667 3.32075e+07 3514.5 3.3204e+07 152.062 7.27865 0.221345 3.19267e+08 4220.01 4220.01 457597 0 6.4807e+07
2575 2.53882 1.175 0.15 3.3447e+07 3514.5 3.34434e+07 152.583 7.22323 0.276772 3.18247e+08 4220.01 4220.01 457597 0 6.49462e+07
2576 2.56549 0.975 -0.05 4.25523e+07 3514.5 4.25488e+07 358.75 9.67719 2.17719 2.19034e+08 3501.71 3501.71 554874 0 7.65762e+07
2577 2.56549 0.975 -0.0166667 4.21558e+07 3514.5 4.21523e+07 358.917 9.64484 2.14484 2.19117e+08 3501.71 3501.71 554874 0 7.61941e+07
2578 2.56549 0.975 0.0166667 4.20894e+07 3514.5 4.20859e+07 358.938 9.64602 2.14602 2.19117e+08 3501.71 3501.71 554874 0 7.61299e+07
2579 2.56549 0.975 0.05 4.2355e+07 3514.5 4.23515e+07 358.771 9.67898 2.17898 2.19034e+08 3501.71 3501.71 554874 0 7.63811e+07
2580 2.56549 0.975 0.0833333 4.295e+07 3514.5 4.29465e+07 358.438 9.74411 2.24411 2.1887e+08 3501.71 3501.71 554874 0 7.69473e+07
2581 2.56549 0.975 0.116667 4.38677e+07 3514.5 4.38642e+07 357.917 9.83956 2.33956 2.18625e+08 3501.71 3501.71 554874 0 7.78196e+07
2582 2.56549 0.975 0.15 4.50971e+07 3514.5 4.50935e+07 357.229 9.96478 2.46478 2.18304e+08 3501.71 3501.71 554874 0 7.8989e+07
2583 2.56549 1.00357 -0.05 1.74678e+07 3514.5 1.74643e+07 345.604 4.72152 2.77848 2.34169e+08 3604.32 3604.32 539804 0 5.02192e+07
2584 2.56549 1.00357 -0.0166667 1.75564e+07 3514.5 1.75529e+07 345 4.72422 2.77578 2.34274e+08 3604.32 3604.32 539804 0 5.02472e+07
2585 2.56549 1.00357 0.0166667 1.74041e+07 3514.5 1.74006e+07 345.125 4.72167 2.77833 2.34274e+08 3604.32 3604.32 539804 0 5.01076e+07
2586 2.56549 1.00357 0.05 1.70012e+07 3514.5 1.69977e+07 345.979 4.71401 2.78599 2.34169e+08 3604.32 3604.32 539804 0 4.97906e+07
2587 2.56549 1.00357 0.0833333 1.63332e+07 3514.5 1.63297e+07 347.521 4.70385 2.79615 2.33958e+08 3604.32 3604.32 539804 0 4.92775e+07
2588 2.56549 1.00357 0.116667 1.53798e+07 3514.5 1.53763e+07 349.729 4.69514 2.80486 2.33646e+08 3604.32 3604.32 539804 0 4.85456e+07
2589 2.56549 1.00357 0.15 1.4116e+07 3514.5 1.41125e+07 352.542 4.69527 2.80473 2.33235e+08 3604.32 3604.32 539804 0 4.7563e+07
2590 2.56549 1.03214 -0.05 3.45193e+07 3514.5 3.45158e+07 272.979 5.65565 1.84435 2.48667e+08 3706.94 3706.94 525142 0 6.46449e+07
2591 2.56549 1.03214 -0.0166667 3.45866e+07 3514.5 3.4583e+07 272.583 5.65369 1.84631 2.48796e+08 3706.94 3706.94 525142 0 6.47123e+07
2592 2.56549 1.03214 0.0166667 3.45894e+07 3514.5 3.45859e+07 272.646 5.64927 1.85073 2.48796e+08 3706.94 3706.94 525142 0 6.47154e+07
2593 2.56549 1.03214 0.05 3.45264e+07 3514.5 3.45229e+07 273.188 5.64291 1.85709 2.48667e+08 3706.94 3706.94 525142 0 6.46529e+07
2594 2.56549 1.03214 0.0833333 3.43942e+07 3514.5 3.43907e+07 274.167 5.63351 1.86649 2.48411e+08 3706.94 3706.94 525142 0 6.45213e+07
2595 2.56549 1.03214 0.116667 3.41874e+07 3514.5 3.41839e+07 275.625 5.62176 1.87824 2.48029e+08 3706.94 3706.94 525142 0 6.43154e+07
2596 2.56549 1.03214 0.15 3.38987e+07 3514.5 3.38952e+07 277.542 5.60671 1.89329 2.47528e+08 3706.94 3706.94 525142 0 6.40278e+07
2597 2.56549 1.06071 -0.05 3.77244e+07 3514.5 3.77208e+07 230.042 5.79905 1.70095 2.62893e+08 3809.55 3809.55 510879 0 6.78399e+07
2598 2.56549 1.06071 -0.0166667 3.77513e+07 3514.5 3.77478e+07 229.625 5.79035 1.70965 2.63046e+08 3809.55 3809.55 510879 0 6.78675e+07
2599 2.56549 1.06071 0.0166667 3.77768e+07 3514.5 3.77733e+07 229.604 5.78216 1.71784 2.63046e+08 3809.55 3809.55 510879 0 6.78935e+07
2600 2.56549 1.06071 0.05 3.78008e+07 3514.5 3.77973e+07 230 5.7754 1.7246 2.62893e+08 3809.55 3809.55 510879 0 6.7918e+07
2601 2.56549 1.06071 0.0833333 3.78216e+07 3514.5 3.78181e+07 230.792 5.76924 1.73076 2.62588e+08 3809.55 3809.55 510879 0 6.79393e+07
2602 2.56549 1.06071 0.116667 3.78357e+07 3514.5 3.78322e+07 232.021 5.76564 1.73436 2.62136e+08 3809.55 3809.55 510879 0 6.79536e+07
2603 2.56549 1.06071 0.15 3.78378e+07 3514.5 3.78343e+07 233.625 5.76204 1.73796 2.61541e+08 3809.55 3809.55 510879 0 6.79559e+07
2604 2.56549 1.08929 -0.05 3.65414e+07 3514.5 3.65379e+07 197.479 5.89558 1.60442 2.77063e+08 3912.16 3912.16 497004 0 6.66502e+07
2605 2.56549 1.08929 -0.0166667 3.65143e+07 3514.5 3.65108e+07 196.958 5.88464 1.61536 2.77242e+08 3912.16 3912.16 497004 0 6.66239e+07
2606 2.56549 1.08929 0.0166667 3.65257e+07 3514.5 3.65222e+07 196.833 5.87307 1.62693 2.77242e+08 3912.16 3912.16 497004 0 6.66361e+07
2607 2.56549 1.08929 0.05 3.65766e+07 3514.5 3.65731e+07 197.062 5.85898 1.64102 2.77063e+08 3912.16 3912.16 497004 0 6.6688e+07
2608 2.56549 1.08929 0.0833333 3.66662e+07 3514.5 3.66627e+07 197.708 5.8452 1.6548 2.76708e+08 3912.16 3912.16 497004 0 6.67785e+07
2609 2.56549 1.08929 0.116667 3.67919e+07 3514.5 3.67884e+07 198.729 5.83038 1.66962 2.76182e+08 3912.16 3912.16 497004 0 6.69053e+07
2610 2.56549 1.08929 0.15 3.69495e+07 3514.5 3.6946e+07 200.125 5.81521 1.68479 2.75489e+08 3912.16 3912.16 497004 0 6.70639e+07
2611 2.56549 1.11786 -0.05 3.36523e+07 3514.5 3.36488e+07 173.792 6.34897 1.15103 2.91327e+08 4014.78 4014.78 483505 0 6.37293e+07
2612 2.56549 1.11786 -0.0166667 3.35704e+07 3514.5 3.35669e+07 173.292 6.34701 1.15299 2.91532e+08 4014.78 4014.78 483505 0 6.36476e+07
2613 2.56549 1.11786 0.0166667 3.35508e+07 3514.5 3.35473e+07 173.083 6.33688 1.16312 2.91532e+08 4014.78 4014.78 483505 0 6.36287e+07
2614 2.56549 1.11786 0.05 3.35952e+07 3514.5 3.35917e+07 173.167 6.31832 1.18168 2.91327e+08 4014.78 4014.78 483505 0 6.36744e+07
2615 2.56549 1.11786 0.0833333 3.37035e+07 3514.5 3.37e+07 173.542 6.29137 1.20863 2.90919e+08 4014.78 4014.78 483505 0 6.37846e+07
2616 2.56549 1.11786 0.116667 3.38744e+07 3514.5 3.38709e+07 174.229 6.25698 1.24302 2.90314e+08 4014.78 4014.78 483505 0 6.39579e+07
2617 2.56549 1.11786 0.15 3.41051e+07 3514.5 3.41016e+07 175.208 6.21516 1.28484 2.89519e+08 4014.78 4014.78 483505 0 6.41915e+07
2618 2.56549 1.14643 -0.05 3.04635e+07 3514.5 3.046e+07 159.083 7.10651 0.393488 3.05797e+08 4117.39 4117.39 470373 0 6.06709e+07
2619 2.56549 1.14643 -0.0166667 3.03366e+07 3514.5 3.03331e+07 158.688 7.11311 0.386886 3.06031e+08 4117.39 4117.39 470373 0 6.06226e+07
2620 2.56549 1.14643 0.0166667 3.02842e+07 3514.5 3.02806e+07 158.521 7.10795 0.392049 3.06031e+08 4117.39 4117.39 470373 0 6.06039e+07
2621 2.56549 1.14643 0.05 3.03081e+07 3514.5 3.03046e+07 158.521 7.08975 0.41025 3.05797e+08 4117.39 4117.39 470373 0 6.06291e+07
2622 2.56549 1.14643 0.0833333 3.04088e+07 3514.5 3.04053e+07 158.729 7.05925 0.440754 3.05334e+08 4117.39 4117.39 470373 0 6.06903e+07
2623 2.56549 1.14643 0.116667 3.05854e+07 3514.5 3.05819e+07 159.146 7.01661 0.483388 3.04645e+08 4117.39 4117.39 470373 0 6.07866e+07
2624 2.56549 1.14643 0.15 3.08357e+07 3514.5 3.08322e+07 159.75 6.96183 0.538168 3.03741e+08 4117.39 4117.39 470373 0 6.09199e+07
2625 2.56549 1.175 -0.05 2.75154e+07 3514.5 2.75119e+07 149.646 7.91229 0.41229 3.20567e+08 4220.01 4220.01 457597 0 5.96116e+07
2626 2.56549 1.175 -0.0166667 2.73476e+07 3514.5 2.73441e+07 149.354 7.9233 0.423302 3.20831e+08 4220.01 4220.01 457597 0 5.95029e+07
2627 2.56549 1.175 0.0166667 2.72626e+07 3514.5 2.72591e+07 149.208 7.92071 0.42071 3.20831e+08 4220.01 4220.01 457597 0 5.94469e+07
2628 2.56549 1.175 0.05 2.72625e+07 3514.5 2.7259e+07 149.208 7.90441 0.404411 3.20567e+08 4220.01 4220.01 457597 0 5.94457e+07
2629 2.56549 1.175 0.0833333 2.73481e+07 3514.5 2.73445e+07 149.354 7.87443 0.374429 3.20043e+08 4220.01 4220.01 457597 0 5.94999e+07
2630 2.56549 1.175 0.116667 2.75184e+07 3514.5 2.75149e+07 149.646 7.83091 0.33091 3.19266e+08 4220.01 4220.01 457597 0 5.96089e+07
2631 2.56549 1.175 0.15 2.77714e+07 3514.5 2.77679e+07 150.083 7.77412 0.274119 3.18246e+08 4220.01 4220.01 457597 0 5.97704e+07
2632 2.59216 0.975 -0.05 3.63589e+07 3514.5 3.63553e+07 357 8.8721 1.3721 2.19034e+08 3501.71 3501.71 554874 0 7.01514e+07
2633 2.59216 0.975 -0.0166667 3.59532e+07 3514.5 3.59497e+07 357.167 8.84018 1.34018 2.19117e+08 3501.71 3501.71 554874 0 6.97602e+07
2634 2.59216 0.975 0.0166667 3.58761e+07 3514.5 3.58726e+07 357.188 8.84136 1.34136 2.19117e+08 3501.71 3501.71 554874 0 6.96852e+07
2635 2.59216 0.975 0.05 3.61299e+07 3514.5 3.61264e+07 357.021 8.87403 1.37403 2.19034e+08 3501.71 3501.71 554874 0 6.99247e+07
2636 2.59216 0.975 0.0833333 3.67128e+07 3514.5 3.67092e+07 356.708 8.93932 1.43932 2.1887e+08 3501.71 3501.71 554874 0 7.04808e+07
2637 2.59216 0.975 0.116667 3.76186e+07 3514.5 3.7615e+07 356.229 9.03553 1.53553 2.18625e+08 3501.71 3501.71 554874 0 7.13454e+07
2638 2.59216 0.975 0.15 3.88369e+07 3514.5 3.88334e+07 355.583 9.16131 1.66131 2.18304e+08 3501.71 3501.71 554874 0 7.25081e+07
2639 2.59216 1.00357 -0.05 2.0034e+07 3514.5 2.00305e+07 328.771 4.76521 2.73479 2.34169e+08 3604.32 3604.32 539804 0 5.1099e+07
2640 2.59216 1.00357 -0.0166667 2.01156e+07 3514.5 2.0112e+07 328.208 4.77092 2.72908 2.34274e+08 3604.32 3604.32 539804 0 5.11239e+07
2641 2.59216 1.00357 0.0166667 2.00057e+07 3514.5 2.00022e+07 328.354 4.76746 2.73254 2.34274e+08 3604.32 3604.32 539804 0 5.10289e+07
2642 2.59216 1.00357 0.05 1.96978e+07 3514.5 1.96943e+07 329.188 4.75527 2.74473 2.34169e+08 3604.32 3604.32 539804 0 5.08052e+07
2643 2.59216 1.00357 0.0833333 1.91802e+07 3514.5 1.91767e+07 330.708 4.73488 2.76512 2.33958e+08 3604.32 3604.32 539804 0 5.04411e+07
2644 2.59216 1.00357 0.116667 1.84354e+07 3514.5 1.84319e+07 332.938 4.70707 2.79293 2.33646e+08 3604.32 3604.32 539804 0 4.99212e+07
2645 2.59216 1.00357 0.15 1.74397e+07 3514.5 1.74362e+07 335.875 4.67418 2.82582 2.33235e+08 3604.32 3604.32 539804 0 4.92215e+07
2646 2.59216 1.03214 -0.05 3.29308e+07 3514.5 3.29273e+07 260.146 5.54963 1.95037 2.48667e+08 3706.94 3706.94 525142 0 6.30638e+07
2647 2.59216 1.03214 -0.0166667 3.29855e+07 3514.5 3.2982e+07 259.75 5.54608 1.95392 2.48796e+08 3706.94 3706.94 525142 0 6.31188e+07
2648 2.59216 1.03214 0.0166667 3.29982e+07 3514.5 3.29947e+07 259.812 5.54132 1.95868 2.48796e+08 3706.94 3706.94 525142 0 6.31318e+07
2649 2.59216 1.03214 0.05 3.29676e+07 3514.5 3.29641e+07 260.312 5.5348 1.9652 2.48667e+08 3706.94 3706.94 525142 0 6.31016e+07
2650 2.59216 1.03214 0.0833333 3.28907e+07 3514.5 3.28871e+07 261.292 5.52763 1.97237 2.4841e+08 3706.94 3706.94 525142 0 6.30252e+07
2651 2.59216 1.03214 0.116667 3.27623e+07 3514.5 3.27588e+07 262.708 5.51846 1.98154 2.48029e+08 3706.94 3706.94 525142 0 6.28975e+07
2652 2.59216 1.03214 0.15 3.25756e+07 3514.5 3.25721e+07 264.604 5.50812 1.99188 2.47528e+08 3706.94 3706.94 525142 0 6.27115e+07
2653 2.59216 1.06071 -0.05 3.4163e+07 3514.5 3.41595e+07 217.667 5.68519 1.81481 2.62893e+08 3809.55 3809.55 510879 0 6.42866e+07
2654 2.59216 1.06071 -0.0166667 3.41717e+07 3514.5 3.41682e+07 217.208 5.67574 1.82426 2.63046e+08 3809.55 3809.55 510879 0 6.42959e+07
2655 2.59216 1.06071 0.0166667 3.4198e+07 3514.5 3.41945e+07 217.146 5.66583 1.83417 2.63046e+08 3809.55 3809.55 510879 0 6.43229e+07
2656 2.59216 1.06071 0.05 3.42421e+07 3514.5 3.42386e+07 217.521 5.6572 1.8428 2.62893e+08 3809.55 3809.55 510879 0 6.43675e+07
2657 2.59216 1.06071 0.0833333 3.43024e+07 3514.5 3.42989e+07 218.292 5.64823 1.85177 2.62588e+08 3809.55 3809.55 510879 0 6.44285e+07
2658 2.59216 1.06071 0.116667 3.43756e+07 3514.5 3.43721e+07 219.458 5.63921 1.86079 2.62136e+08 3809.55 3809.55 510879 0 6.45024e+07
2659 2.59216 1.06071 0.15 3.44563e+07 3514.5 3.44528e+07 221.062 5.63232 1.86768 2.61541e+08 3809.55 3809.55 510879 0 6.45836e+07
2660 2.59216 1.08929 -0.05 3.16962e+07 3514.5 3.16927e+07 186.854 6.01351 1.48649 2.77063e+08 3912.16 3912.16 497004 0 6.17968e+07
2661 2.59216 1.08929 -0.0166667 3.1647e+07 3514.5 3.16434e+07 186.354 6.00818 1.49182 2.77241e+08 3912.16 3912.16 497004 0 6.17479e+07
2662 2.59216 1.08929 0.0166667 3.16509e+07 3514.5 3.16474e+07 186.188 5.99701 1.50299 2.77241e+08 3912.16 3912.16 497004 0 6.17526e+07
2663 2.59216 1.08929 0.05 3.17093e+07 3514.5 3.17058e+07 186.375 5.98051 1.51949 2.77063e+08 3912.16 3912.16 497004 0 6.18121e+07
2664 2.59216 1.08929 0.0833333 3.18217e+07 3514.5 3.18182e+07 186.875 5.95739 1.54261 2.76708e+08 3912.16 3912.16 497004 0 6.19262e+07
2665 2.59216 1.08929 0.116667 3.19862e+07 3514.5 3.19826e+07 187.75 5.93021 1.56979 2.76181e+08 3912.16 3912.16 497004 0 6.20925e+07
2666 2.59216 1.08929 0.15 3.21988e+07 3514.5 3.21953e+07 188.958 5.89826 1.60174 2.75489e+08 3912.16 3912.16 497004 0 6.23074e+07
2667 2.59216 1.11786 -0.05 2.82113e+07 3514.5 2.82078e+07 167.458 6.7612 0.738796 2.91326e+08 4014.78 4014.78 483505 0 5.82595e+07
2668 2.59216 1.11786 -0.0166667 2.81102e+07 3514.5 2.81066e+07 167.042 6.76539 0.734611 2.91531e+08 4014.78 4014.78 483505 0 5.81581e+07
2669 2.59216 1.11786 0.0166667 2.80802e+07 3514.5 2.80767e+07 166.875 6.75856 0.741436 2.91531e+08 4014.78 4014.78 483505 0 5.81286e+07
2670 2.59216 1.11786 0.05 2.81233e+07 3514.5 2.81197e+07 166.917 6.73968 0.760323 2.91326e+08 4014.78 4014.78 483505 0 5.8173e+07
2671 2.59216 1.11786 0.0833333 2.82394e+07 3514.5 2.82359e+07 167.188 6.70918 0.790818 2.90919e+08 4014.78 4014.78 483505 0 5.82913e+07
2672 2.59216 1.11786 0.116667 2.84276e+07 3514.5 2.84241e+07 167.708 6.66773 0.832268 2.90313e+08 4014.78 4014.78 483505 0 5.84824e+07
2673 2.59216 1.11786 0.15 2.86851e+07 3514.5 2.86816e+07 168.458 6.61532 0.884675 2.89518e+08 4014.78 4014.78 483505 0 5.87436e+07
2674 2.59216 1.14643 -0.05 2.48481e+07 3514.5 2.48445e+07 155.729 7.63739 0.137386 3.05796e+08 4117.39 4117.39 470373 0 5.57083e+07
2675 2.59216 1.14643 -0.0166667 2.47004e+07 3514.5 2.46969e+07 155.417 7.64707 0.14707 3.0603e+08 4117.39 4117.39 470373 0 5.56239e+07
2676 2.59216 1.14643 0.0166667 2.46348e+07 3514.5 2.46313e+07 155.25 7.64312 0.143124 3.0603e+08 4117.39 4117.39 470373 0 5.55913e+07
2677 2.59216 1.14643 0.05 2.46533e+07 3514.5 2.46497e+07 155.271 7.62596 0.125955 3.05796e+08 4117.39 4117.39 470373 0 5.56044e+07
2678 2.59216 1.14643 0.0833333 2.47564e+07 3514.5 2.47529e+07 155.438 7.59506 0.0950631 3.05332e+08 4117.39 4117.39 470373 0 5.5672e+07
2679 2.59216 1.14643 0.116667 2.49432e+07 3514.5 2.49397e+07 155.792 7.55112 0.0511156 3.04644e+08 4117.39 4117.39 470373 0 5.57849e+07
2680 2.59216 1.14643 0.15 2.52111e+07 3514.5 2.52076e+07 156.292 7.49389 0.00611174 3.0374e+08 4117.39 4117.39 470373 0 5.59497e+07
2681 2.59216 1.175 -0.05 2.18685e+07 3514.5 2.18649e+07 147.688 8.4758 0.975798 3.20566e+08 4220.01 4220.01 457597 0 5.43958e+07
2682 2.59216 1.175 -0.0166667 2.16721e+07 3514.5 2.16686e+07 147.438 8.48795 0.987949 3.20829e+08 4220.01 4220.01 457597 0 5.42503e+07
2683 2.59216 1.175 0.0166667 2.15674e+07 3514.5 2.15639e+07 147.312 8.48613 0.986134 3.20829e+08 4220.01 4220.01 457597 0 5.41704e+07
2684 2.59216 1.175 0.05 2.15572e+07 3514.5 2.15537e+07 147.312 8.47028 0.970281 3.20565e+08 4220.01 4220.01 457597 0 5.41591e+07
2685 2.59216 1.175 0.0833333 2.16424e+07 3514.5 2.16389e+07 147.438 8.44042 0.940425 3.20042e+08 4220.01 4220.01 457597 0 5.42172e+07
2686 2.59216 1.175 0.116667 2.18222e+07 3514.5 2.18187e+07 147.708 8.39687 0.896868 3.19265e+08 4220.01 4220.01 457597 0 5.43398e+07
2687 2.59216 1.175 0.15 2.20935e+07 3514.5 2.209e+07 148.104 8.33971 0.839706 3.18245e+08 4220.01 4220.01 457597 0 5.45279e+07
2688 2.61882 0.975 -0.05 3.02337e+07 3514.5 3.02302e+07 354.958 8.06516 0.565157 2.19034e+08 3501.71 3501.71 554874 0 6.37656e+07
2689 2.61882 0.975 -0.0166667 2.98165e+07 3514.5 2.98129e+07 355.125 8.03383 0.533831 2.19117e+08 3501.71 3501.71 554874 0 6.33628e+07
2690 2.61882 0.975 0.0166667 2.97244e+07 3514.5 2.97209e+07 355.146 8.03502 0.535016 2.19117e+08 3501.71 3501.71 554874 0 6.3273e+07
2691 2.61882 0.975 0.05 2.9961e+07 3514.5 2.99575e+07 355 8.06799 0.567986 2.19034e+08 3501.71 3501.71 554874 0 6.34972e+07
2692 2.61882 0.975 0.0833333 3.05253e+07 3514.5 3.05218e+07 354.729 8.13377 0.633773 2.1887e+08 3501.71 3501.71 554874 0 6.40391e+07
2693 2.61882 0.975 0.116667 3.14125e+07 3514.5 3.1409e+07 354.292 8.23009 0.730095 2.18626e+08 3501.71 3501.71 554874 0 6.48893e+07
2694 2.61882 0.975 0.15 3.26132e+07 3514.5 3.26097e+07 353.688 8.35569 0.855687 2.18304e+08 3501.71 3501.71 554874 0 6.60383e+07
2695 2.61882 1.00357 -0.05 2.16321e+07 3514.5 2.16286e+07 312.208 4.82009 2.67991 2.34169e+08 3604.32 3604.32 539804 0 5.18162e+07
2696 2.61882 1.00357 -0.0166667 2.17017e+07 3514.5 2.16982e+07 311.708 4.82492 2.67508 2.34274e+08 3604.32 3604.32 539804 0 5.18854e+07
2697 2.61882 1.00357 0.0166667 2.16247e+07 3514.5 2.16212e+07 311.833 4.82155 2.67845 2.34274e+08 3604.32 3604.32 539804 0 5.18086e+07
2698 2.61882 1.00357 0.05 2.13961e+07 3514.5 2.13926e+07 312.625 4.80963 2.69037 2.34169e+08 3604.32 3604.32 539804 0 5.15809e+07
2699 2.61882 1.00357 0.0833333 2.10067e+07 3514.5 2.10032e+07 314.062 4.78933 2.71067 2.33958e+08 3604.32 3604.32 539804 0 5.1193e+07
2700 2.61882 1.00357 0.116667 2.04428e+07 3514.5 2.04393e+07 316.167 4.76048 2.73952 2.33646e+08 3604.32 3604.32 539804 0 5.06311e+07
2701 2.61882 1.00357 0.15 1.96852e+07 3514.5 1.96817e+07 318.917 4.72366 2.77634 2.33235e+08 3604.32 3604.32 539804 0 4.98761e+07
2702 2.61882 1.03214 -0.05 3.07469e+07 3514.5 3.07434e+07 246.875 5.43147 2.06853 2.48667e+08 3706.94 3706.94 525142 0 6.08882e+07
2703 2.61882 1.03214 -0.0166667 3.07881e+07 3514.5 3.07846e+07 246.479 5.42686 2.07314 2.48796e+08 3706.94 3706.94 525142 0 6.09297e+07
2704 2.61882 1.03214 0.0166667 3.08097e+07 3514.5 3.08062e+07 246.521 5.4211 2.0789 2.48796e+08 3706.94 3706.94 525142 0 6.09517e+07
2705 2.61882 1.03214 0.05 3.08108e+07 3514.5 3.08073e+07 247 5.4142 2.0858 2.48667e+08 3706.94 3706.94 525142 0 6.09533e+07
2706 2.61882 1.03214 0.0833333 3.07885e+07 3514.5 3.0785e+07 247.958 5.40753 2.09247 2.4841e+08 3706.94 3706.94 525142 0 6.09314e+07
2707 2.61882 1.03214 0.116667 3.07379e+07 3514.5 3.07344e+07 249.354 5.3997 2.1003 2.48029e+08 3706.94 3706.94 525142 0 6.08814e+07
2708 2.61882 1.03214 0.15 3.06522e+07 3514.5 3.06487e+07 251.208 5.39128 2.10872 2.47528e+08 3706.94 3706.94 525142 0 6.07963e+07
2709 2.61882 1.06071 -0.05 3.00322e+07 3514.5 3.00287e+07 205.333 5.66163 1.83837 2.62892e+08 3809.55 3809.55 510879 0 6.01573e+07
2710 2.61882 1.06071 -0.0166667 3.00208e+07 3514.5 3.00173e+07 204.854 5.65406 1.84594 2.63045e+08 3809.55 3809.55 510879 0 6.01465e+07
2711 2.61882 1.06071 0.0166667 3.00456e+07 3514.5 3.00421e+07 204.771 5.64399 1.85601 2.63045e+08 3809.55 3809.55 510879 0 6.0172e+07
2712 2.61882 1.06071 0.05 3.01072e+07 3514.5 3.01037e+07 205.083 5.63134 1.86866 2.62892e+08 3809.55 3809.55 510879 0 6.02345e+07
2713 2.61882 1.06071 0.0833333 3.02044e+07 3514.5 3.02009e+07 205.771 5.61552 1.88448 2.62587e+08 3809.55 3809.55 510879 0 6.03328e+07
2714 2.61882 1.06071 0.116667 3.03339e+07 3514.5 3.03304e+07 206.875 5.59853 1.90147 2.62135e+08 3809.55 3809.55 510879 0 6.04635e+07
2715 2.61882 1.06071 0.15 3.04907e+07 3514.5 3.04872e+07 208.375 5.58022 1.91978 2.6154e+08 3809.55 3809.55 510879 0 6.06216e+07
2716 2.61882 1.08929 -0.05 2.65066e+07 3514.5 2.6503e+07 178.396 6.32004 1.17996 2.77062e+08 3912.16 3912.16 497004 0 5.65856e+07
2717 2.61882 1.08929 -0.0166667 2.64373e+07 3514.5 2.64338e+07 177.958 6.32118 1.17882 2.7724e+08 3912.16 3912.16 497004 0 5.65163e+07
2718 2.61882 1.08929 0.0166667 2.64332e+07 3514.5 2.64297e+07 177.792 6.31233 1.18767 2.7724e+08 3912.16 3912.16 497004 0 5.65128e+07
2719 2.61882 1.08929 0.05 2.64955e+07 3514.5 2.6492e+07 177.917 6.29384 1.20616 2.77062e+08 3912.16 3912.16 497004 0 5.65764e+07
2720 2.61882 1.08929 0.0833333 2.66241e+07 3514.5 2.66206e+07 178.292 6.26473 1.23527 2.76707e+08 3912.16 3912.16 497004 0 5.6707e+07
2721 2.61882 1.08929 0.116667 2.68173e+07 3514.5 2.68138e+07 178.958 6.22634 1.27366 2.7618e+08 3912.16 3912.16 497004 0 5.6903e+07
2722 2.61882 1.08929 0.15 2.70719e+07 3514.5 2.70684e+07 179.917 6.17924 1.32076 2.75488e+08 3912.16 3912.16 497004 0 5.71609e+07
2723 2.61882 1.11786 -0.05 2.26668e+07 3514.5 2.26633e+07 162.958 7.26251 0.237488 2.91325e+08 4014.78 4014.78 483505 0 5.26799e+07
2724 2.61882 1.11786 -0.0166667 2.25458e+07 3514.5 2.25423e+07 162.625 7.27067 0.229331 2.9153e+08 4014.78 4014.78 483505 0 5.25584e+07
2725 2.61882 1.11786 0.0166667 2.25046e+07 3514.5 2.25011e+07 162.479 7.26574 0.234263 2.9153e+08 4014.78 4014.78 483505 0 5.25175e+07
2726 2.61882 1.11786 0.05 2.2545e+07 3514.5 2.25415e+07 162.521 7.24759 0.252413 2.91325e+08 4014.78 4014.78 483505 0 5.25592e+07
2727 2.61882 1.11786 0.0833333 2.26675e+07 3514.5 2.2664e+07 162.729 7.21595 0.284054 2.90917e+08 4014.78 4014.78 483505 0 5.26839e+07
2728 2.61882 1.11786 0.116667 2.28708e+07 3514.5 2.28673e+07 163.125 7.17128 0.328717 2.90312e+08 4014.78 4014.78 483505 0 5.28903e+07
2729 2.61882 1.11786 0.15 2.31519e+07 3514.5 2.31484e+07 163.729 7.11422 0.385778 2.89517e+08 4014.78 4014.78 483505 0 5.31754e+07
2730 2.61882 1.14643 -0.05 1.92228e+07 3514.5 1.92192e+07 153.146 8.19439 0.694391 3.05795e+08 4117.39 4117.39 470373 0 5.06387e+07
2731 2.61882 1.14643 -0.0166667 1.90465e+07 3514.5 1.9043e+07 152.875 8.20563 0.705634 3.06028e+08 4117.39 4117.39 470373 0 5.05174e+07
2732 2.61882 1.14643 0.0166667 1.89621e+07 3514.5 1.89586e+07 152.75 8.20298 0.70298 3.06028e+08 4117.39 4117.39 470373 0 5.04578e+07
2733 2.61882 1.14643 0.05 1.89725e+07 3514.5 1.8969e+07 152.771 8.18634 0.686342 3.05795e+08 4117.39 4117.39 470373 0 5.04629e+07
2734 2.61882 1.14643 0.0833333 1.90785e+07 3514.5 1.9075e+07 152.917 8.15557 0.655575 3.05331e+08 4117.39 4117.39 470373 0 5.05375e+07
2735 2.61882 1.14643 0.116667 1.92787e+07 3514.5 1.92752e+07 153.208 8.11101 0.611005 3.04643e+08 4117.39 4117.39 470373 0 5.06763e+07
2736 2.61882 1.14643 0.15 1.95698e+07 3514.5 1.95663e+07 153.646 8.05289 0.552893 3.03739e+08 4117.39 4117.39 470373 0 5.08758e+07
2737 2.61882 1.175 -0.05 1.6255e+07 3514.5 1.62515e+07 146 9.04783 1.54783 3.20563e+08 4220.01 4220.01 457597 0 4.91598e+07
2738 2.61882 1.175 -0.0166667 1.60122e+07 3514.5 1.60087e+07 145.771 9.06064 1.56064 3.20827e+08 4220.01 4220.01 457597 0 4.89638e+07
2739 2.61882 1.175 0.0166667 1.58749e+07 3514.5 1.58714e+07 145.667 9.0594 1.5594 3.20826e+08 4220.01 4220.01 457597 0 4.88472e+07
2740 2.61882 1.175 0.05 1.58477e+07 3514.5 1.58442e+07 145.688 9.04404 1.54404 3.20563e+08 4220.01 4220.01 457597 0 4.88148e+07
2741 2.61882 1.175 0.0833333 1.59324e+07 3514.5 1.59289e+07 145.812 9.01449 1.51449 3.20039e+08 4220.01 4220.01 457597 0 4.88724e+07
2742 2.61882 1.175 0.116667 1.61274e+07 3514.5 1.61239e+07 146.062 8.97101 1.47101 3.19262e+08 4220.01 4220.01 457597 0 4.90144e+07
2743 2.61882 1.175 0.15 1.64283e+07 3514.5 1.64248e+07 146.417 8.91373 1.41373 3.18243e+08 4220.01 4220.01 457597 0 4.92405e+07
2744 2.64549 0.975 -0.05 2.42285e+07 3514.5 2.4225e+07 352.521 7.25869 0.24131 2.19034e+08 3501.71 3501.71 554874 0 5.74939e+07
2745 2.64549 0.975 -0.0166667 2.37958e+07 3514.5 2.37923e+07 352.667 7.22755 0.272452 2.19117e+08 3501.71 3501.71 554874 0 5.7078e+07
2746 2.64549 0.975 0.0166667 2.36819e+07 3514.5 2.36784e+07 352.688 7.22874 0.271255 2.19117e+08 3501.71 3501.71 554874 0 5.69661e+07
2747 2.64549 0.975 0.05 2.38915e+07 3514.5 2.3888e+07 352.583 7.26228 0.237723 2.19034e+08 3501.71 3501.71 554874 0 5.7163e+07
2748 2.64549 0.975 0.0833333 2.44261e+07 3514.5 2.44226e+07 352.333 7.32715 0.172846 2.1887e+08 3501.71 3501.71 554874 0 5.76681e+07
2749 2.64549 0.975 0.116667 2.52828e+07 3514.5 2.52793e+07 351.958 7.42331 0.0766937 2.18626e+08 3501.71 3501.71 554874 0 5.84805e+07
2750 2.64549 0.975 0.15 2.64541e+07 3514.5 2.64506e+07 351.458 7.54969 0.0496907 2.18304e+08 3501.71 3501.71 554874 0 5.95999e+07
2751 2.64549 1.00357 -0.05 2.2318e+07 3514.5 2.23144e+07 295.938 4.84241 2.65759 2.34169e+08 3604.32 3604.32 539804 0 5.25005e+07
2752 2.64549 1.00357 -0.0166667 2.23758e+07 3514.5 2.23723e+07 295.479 4.84546 2.65454 2.34274e+08 3604.32 3604.32 539804 0 5.25581e+07
2753 2.64549 1.00357 0.0166667 2.23262e+07 3514.5 2.23227e+07 295.625 4.84191 2.65809 2.34274e+08 3604.32 3604.32 539804 0 5.25087e+07
2754 2.64549 1.00357 0.05 2.21652e+07 3514.5 2.21617e+07 296.354 4.83176 2.66824 2.34169e+08 3604.32 3604.32 539804 0 5.23485e+07
2755 2.64549 1.00357 0.0833333 2.18855e+07 3514.5 2.18819e+07 297.708 4.81482 2.68518 2.33958e+08 3604.32 3604.32 539804 0 5.20699e+07
2756 2.64549 1.00357 0.116667 2.14758e+07 3514.5 2.14723e+07 299.667 4.79077 2.70923 2.33646e+08 3604.32 3604.32 539804 0 5.16619e+07
2757 2.64549 1.00357 0.15 2.09209e+07 3514.5 2.09174e+07 302.25 4.75913 2.74087 2.33235e+08 3604.32 3604.32 539804 0 5.11093e+07
2758 2.64549 1.03214 -0.05 2.79125e+07 3514.5 2.7909e+07 233.188 5.32705 2.17295 2.48666e+08 3706.94 3706.94 525142 0 5.80611e+07
2759 2.64549 1.03214 -0.0166667 2.79387e+07 3514.5 2.79352e+07 232.771 5.32163 2.17837 2.48796e+08 3706.94 3706.94 525142 0 5.80877e+07
2760 2.64549 1.03214 0.0166667 2.79681e+07 3514.5 2.79646e+07 232.792 5.31482 2.18518 2.48796e+08 3706.94 3706.94 525142 0 5.81175e+07
2761 2.64549 1.03214 0.05 2.8e+07 3514.5 2.79965e+07 233.25 5.30666 2.19334 2.48667e+08 3706.94 3706.94 525142 0 5.815e+07
2762 2.64549 1.03214 0.0833333 2.80318e+07 3514.5 2.80283e+07 234.167 5.29795 2.20205 2.4841e+08 3706.94 3706.94 525142 0 5.81825e+07
2763 2.64549 1.03214 0.116667 2.80589e+07 3514.5 2.80553e+07 235.521 5.28814 2.21186 2.48029e+08 3706.94 3706.94 525142 0 5.82102e+07
2764 2.64549 1.03214 0.15 2.80742e+07 3514.5 2.80707e+07 237.333 5.27811 2.22189 2.47527e+08 3706.94 3706.94 525142 0 5.82263e+07
2765 2.64549 1.06071 -0.05 2.53692e+07 3514.5 2.53657e+07 194.188 5.80222 1.69778 2.62891e+08 3809.55 3809.55 510879 0 5.54845e+07
2766 2.64549 1.06071 -0.0166667 2.53382e+07 3514.5 2.53347e+07 193.729 5.79946 1.70054 2.63045e+08 3809.55 3809.55 510879 0 5.54537e+07
2767 2.64549 1.06071 0.0166667 2.53598e+07 3514.5 2.53563e+07 193.625 5.79005 1.70995 2.63045e+08 3809.55 3809.55 510879 0 5.5476e+07
2768 2.64549 1.06071 0.05 2.5435e+07 3514.5 2.54315e+07 193.833 5.77264 1.72736 2.62891e+08 3809.55 3809.55 510879 0 5.55524e+07
2769 2.64549 1.06071 0.0833333 2.55629e+07 3514.5 2.55594e+07 194.396 5.74861 1.75139 2.62587e+08 3809.55 3809.55 510879 0 5.5682e+07
2770 2.64549 1.06071 0.116667 2.57409e+07 3514.5 2.57373e+07 195.333 5.71902 1.78098 2.62135e+08 3809.55 3809.55 510879 0 5.5862e+07
2771 2.64549 1.06071 0.15 2.59643e+07 3514.5 2.59608e+07 196.604 5.68332 1.81668 2.6154e+08 3809.55 3809.55 510879 0 5.6088e+07
2772 2.64549 1.08929 -0.05 2.11043e+07 3514.5 2.11007e+07 172.229 6.76533 0.734667 2.77061e+08 3912.16 3912.16 497004 0 5.11522e+07
2773 2.64549 1.08929 -0.0166667 2.10169e+07 3514.5 2.10134e+07 171.875 6.77151 0.728486 2.77239e+08 3912.16 3912.16 497004 0 5.10644e+07
2774 2.64549 1.08929 0.0166667 2.10047e+07 3514.5 2.10012e+07 171.729 6.76502 0.734983 2.77239e+08 3912.16 3912.16 497004 0 5.10526e+07
2775 2.64549 1.08929 0.05 2.10693e+07 3514.5 2.10658e+07 171.792 6.74571 0.754295 2.77061e+08 3912.16 3912.16 497004 0 5.11186e+07
2776 2.64549 1.08929 0.0833333 2.12106e+07 3514.5 2.12071e+07 172.083 6.71397 0.786032 2.76706e+08 3912.16 3912.16 497004 0 5.12621e+07
2777 2.64549 1.08929 0.116667 2.14269e+07 3514.5 2.14234e+07 172.604 6.67002 0.829978 2.76179e+08 3912.16 3912.16 497004 0 5.14815e+07
2778 2.64549 1.08929 0.15 2.17151e+07 3514.5 2.17116e+07 173.333 6.6139 0.886097 2.75487e+08 3912.16 3912.16 497004 0 5.17736e+07
2779 2.64549 1.11786 -0.05 1.70774e+07 3514.5 1.70739e+07 159.604 7.8083 0.308296 2.91323e+08 4014.78 4014.78 483505 0 4.71746e+07
2780 2.64549 1.11786 -0.0166667 1.69302e+07 3514.5 1.69267e+07 159.333 7.81872 0.318718 2.91528e+08 4014.78 4014.78 483505 0 4.70824e+07
2781 2.64549 1.11786 0.0166667 1.68736e+07 3514.5 1.68701e+07 159.208 7.8151 0.315098 2.91528e+08 4014.78 4014.78 483505 0 4.70505e+07
2782 2.64549 1.11786 0.05 1.69102e+07 3514.5 1.69066e+07 159.229 7.79735 0.29735 2.91323e+08 4014.78 4014.78 483505 0 4.70816e+07
2783 2.64549 1.11786 0.0833333 1.70404e+07 3514.5 1.70368e+07 159.417 7.7657 0.265702 2.90916e+08 4014.78 4014.78 483505 0 4.71721e+07
2784 2.64549 1.11786 0.116667 1.72624e+07 3514.5 1.72589e+07 159.75 7.72011 0.220113 2.90311e+08 4014.78 4014.78 483505 0 4.73243e+07
2785 2.64549 1.11786 0.15 1.75725e+07 3514.5 1.7569e+07 160.25 7.66105 0.161055 2.89516e+08 4014.78 4014.78 483505 0 4.75803e+07
2786 2.64549 1.14643 -0.05 1.36236e+07 3514.5 1.36201e+07 151.021 8.76574 1.26574 3.05792e+08 4117.39 4117.39 470373 0 4.55046e+07
2787 2.64549 1.14643 -0.0166667 1.33985e+07 3514.5 1.3395e+07 150.792 8.77803 1.27803 3.06025e+08 4117.39 4117.39 470373 0 4.53261e+07
2788 2.64549 1.14643 0.0166667 1.32815e+07 3514.5 1.3278e+07 150.688 8.7761 1.2761 3.06025e+08 4117.39 4117.39 470373 0 4.52298e+07
2789 2.64549 1.14643 0.05 1.32776e+07 3514.5 1.32741e+07 150.708 8.75991 1.25991 3.05791e+08 4117.39 4117.39 470373 0 4.52207e+07
2790 2.64549 1.14643 0.0833333 1.33884e+07 3514.5 1.33849e+07 150.854 8.72948 1.22948 3.05327e+08 4117.39 4117.39 470373 0 4.53001e+07
2791 2.64549 1.14643 0.116667 1.36115e+07 3514.5 1.3608e+07 151.125 8.68497 1.18497 3.04639e+08 4117.39 4117.39 470373 0 4.54659e+07
2792 2.64549 1.14643 0.15 1.39413e+07 3514.5 1.39377e+07 151.521 8.62662 1.12662 3.03736e+08 4117.39 4117.39 470373 0 4.57124e+07
2793 2.64549 1.175 -0.05 1.07402e+07 3514.5 1.07367e+07 144.5 9.62585 2.12585 3.20559e+08 4220.01 4220.01 457597 0 4.39855e+07
2794 2.64549 1.175 -0.0166667 1.04053e+07 3514.5 1.04018e+07 144.292 9.63916 2.13916 3.20821e+08 4220.01 4220.01 457597 0 4.36932e+07
2795 2.64549 1.175 0.0166667 1.02012e+07 3514.5 1.01977e+07 144.208 9.63834 2.13834 3.20821e+08 4220.01 4220.01 457597 0 4.35057e+07
2796 2.64549 1.175 0.05 1.01387e+07 3514.5 1.01352e+07 144.229 9.62327 2.12327 3.20557e+08 4220.01 4220.01 457597 0 4.3438e+07
2797 2.64549 1.175 0.0833333 1.02221e+07 3514.5 1.02186e+07 144.354 9.594 2.094 3.20033e+08 4220.01 4220.01 457597 0 4.34944e+07
2798 2.64549 1.175 0.116667 1.04487e+07 3514.5 1.04451e+07 144.583 9.55067 2.05067 3.19257e+08 4220.01 4220.01 457597 0 4.3672e+07
2799 2.64549 1.175 0.15 1.08087e+07 3514.5 1.08052e+07 144.917 9.49354 1.99354 3.18238e+08 4220.01 4220.01 457597 0 4.39614e+07
2800 2.67216 0.975 -0.05 1.84461e+07 3514.5 1.84426e+07 349.417 6.4546 1.0454 2.19034e+08 3501.71 3501.71 554874 0 5.14574e+07
2801 2.67216 0.975 -0.0166667 1.79926e+07 3514.5 1.79891e+07 349.542 6.42424 1.07576 2.19117e+08 3501.71 3501.71 554874 0 5.10186e+07
2802 2.67216 0.975 0.0166667 1.7844e+07 3514.5 1.78405e+07 349.562 6.42544 1.07456 2.19117e+08 3501.71 3501.71 554874 0 5.0872e+07
2803 2.67216 0.975 0.05 1.80081e+07 3514.5 1.80046e+07 349.5 6.45874 1.04126 2.19034e+08 3501.71 3501.71 554874 0 5.10275e+07
2804 2.67216 0.975 0.0833333 1.84906e+07 3514.5 1.84871e+07 349.333 6.52338 0.97662 2.1887e+08 3501.71 3501.71 554874 0 5.14887e+07
2805 2.67216 0.975 0.116667 1.9293e+07 3514.5 1.92895e+07 349.083 6.61943 0.880569 2.18626e+08 3501.71 3501.71 554874 0 5.22595e+07
2806 2.67216 0.975 0.15 2.04119e+07 3514.5 2.04084e+07 348.688 6.74444 0.755564 2.18304e+08 3501.71 3501.71 554874 0 5.333e+07
2807 2.67216 1.00357 -0.05 2.21248e+07 3514.5 2.21213e+07 279.75 4.82354 2.67646 2.34168e+08 3604.32 3604.32 539804 0 5.23087e+07
2808 2.67216 1.00357 -0.0166667 2.21717e+07 3514.5 2.21682e+07 279.312 4.82462 2.67538 2.34274e+08 3604.32 3604.32 539804 0 5.23555e+07
2809 2.67216 1.00357 0.0166667 2.21463e+07 3514.5 2.21428e+07 279.458 4.82106 2.67894 2.34274e+08 3604.32 3604.32 539804 0 5.23303e+07
2810 2.67216 1.00357 0.05 2.20454e+07 3514.5 2.20419e+07 280.146 4.81247 2.68753 2.34168e+08 3604.32 3604.32 539804 0 5.223e+07
2811 2.67216 1.00357 0.0833333 2.18628e+07 3514.5 2.18593e+07 281.438 4.79921 2.70079 2.33958e+08 3604.32 3604.32 539804 0 5.20484e+07
2812 2.67216 1.00357 0.116667 2.15892e+07 3514.5 2.15856e+07 283.271 4.7804 2.7196 2.33646e+08 3604.32 3604.32 539804 0 5.1776e+07
2813 2.67216 1.00357 0.15 2.12115e+07 3514.5 2.1208e+07 285.708 4.75593 2.74407 2.33235e+08 3604.32 3604.32 539804 0 5.14001e+07
2814 2.67216 1.03214 -0.05 2.43805e+07 3514.5 2.4377e+07 219.438 5.28877 2.21123 2.48666e+08 3706.94 3706.94 525142 0 5.45318e+07
2815 2.67216 1.03214 -0.0166667 2.43905e+07 3514.5 2.4387e+07 219 5.28402 2.21598 2.48795e+08 3706.94 3706.94 525142 0 5.45421e+07
2816 2.67216 1.03214 0.0166667 2.44262e+07 3514.5 2.44226e+07 218.979 5.27577 2.22423 2.48795e+08 3706.94 3706.94 525142 0 5.45783e+07
2817 2.67216 1.03214 0.05 2.44872e+07 3514.5 2.44837e+07 219.396 5.26467 2.23533 2.48666e+08 3706.94 3706.94 525142 0 5.46402e+07
2818 2.67216 1.03214 0.0833333 2.45714e+07 3514.5 2.45679e+07 220.229 5.25024 2.24976 2.48409e+08 3706.94 3706.94 525142 0 5.47254e+07
2819 2.67216 1.03214 0.116667 2.46743e+07 3514.5 2.46708e+07 221.521 5.23419 2.26581 2.48028e+08 3706.94 3706.94 525142 0 5.48294e+07
2820 2.67216 1.03214 0.15 2.47893e+07 3514.5 2.47858e+07 223.25 5.21638 2.28362 2.47527e+08 3706.94 3706.94 525142 0 5.49456e+07
2821 2.67216 1.06071 -0.05 2.02961e+07 3514.5 2.02926e+07 185.333 6.12943 1.37057 2.6289e+08 3809.55 3809.55 510879 0 5.03885e+07
2822 2.67216 1.06071 -0.0166667 2.02484e+07 3514.5 2.02449e+07 184.938 6.13234 1.36766 2.63044e+08 3809.55 3809.55 510879 0 5.03406e+07
2823 2.67216 1.06071 0.0166667 2.02668e+07 3514.5 2.02633e+07 184.812 6.12419 1.37581 2.63044e+08 3809.55 3809.55 510879 0 5.03596e+07
2824 2.67216 1.06071 0.05 2.03525e+07 3514.5 2.0349e+07 184.958 6.10485 1.39515 2.6289e+08 3809.55 3809.55 510879 0 5.04466e+07
2825 2.67216 1.06071 0.0833333 2.05047e+07 3514.5 2.05012e+07 185.375 6.0744 1.4256 2.62586e+08 3809.55 3809.55 510879 0 5.0601e+07
2826 2.67216 1.06071 0.116667 2.07212e+07 3514.5 2.07177e+07 186.083 6.03358 1.46642 2.62134e+08 3809.55 3809.55 510879 0 5.08203e+07
2827 2.67216 1.06071 0.15 2.09979e+07 3514.5 2.09944e+07 187.104 5.98343 1.51657 2.61539e+08 3809.55 3809.55 510879 0 5.11005e+07
2828 2.67216 1.08929 -0.05 1.55875e+07 3514.5 1.5584e+07 167.729 7.28737 0.212632 2.77059e+08 3912.16 3912.16 497004 0 4.55989e+07
2829 2.67216 1.08929 -0.0166667 1.54796e+07 3514.5 1.54761e+07 167.417 7.29629 0.203713 2.77237e+08 3912.16 3912.16 497004 0 4.54903e+07
2830 2.67216 1.08929 0.0166667 1.54582e+07 3514.5 1.54547e+07 167.292 7.29147 0.208531 2.77237e+08 3912.16 3912.16 497004 0 4.54693e+07
2831 2.67216 1.08929 0.05 1.55254e+07 3514.5 1.55219e+07 167.354 7.2728 0.227197 2.77059e+08 3912.16 3912.16 497004 0 4.55378e+07
2832 2.67216 1.08929 0.0833333 1.56813e+07 3514.5 1.56778e+07 167.583 7.2401 0.259901 2.76704e+08 3912.16 3912.16 497004 0 4.5696e+07
2833 2.67216 1.08929 0.116667 1.59234e+07 3514.5 1.59199e+07 168 7.19376 0.306244 2.76178e+08 3912.16 3912.16 497004 0 4.59413e+07
2834 2.67216 1.08929 0.15 1.62476e+07 3514.5 1.62441e+07 168.604 7.13409 0.365914 2.75485e+08 3912.16 3912.16 497004 0 4.62697e+07
2835 2.67216 1.11786 -0.05 1.14915e+07 3514.5 1.1488e+07 156.938 8.37727 0.877275 2.9132e+08 4014.78 4014.78 483505 0 4.21619e+07
2836 2.67216 1.11786 -0.0166667 1.12983e+07 3514.5 1.12948e+07 156.708 8.38899 0.888986 2.91524e+08 4014.78 4014.78 483505 0 4.20153e+07
2837 2.67216 1.11786 0.0166667 1.1214e+07 3514.5 1.12105e+07 156.604 8.38629 0.886288 2.91524e+08 4014.78 4014.78 483505 0 4.19517e+07
2838 2.67216 1.11786 0.05 1.12436e+07 3514.5 1.12401e+07 156.625 8.36912 0.869116 2.91319e+08 4014.78 4014.78 483505 0 4.19759e+07
2839 2.67216 1.11786 0.0833333 1.13877e+07 3514.5 1.13842e+07 156.792 8.33763 0.83763 2.90912e+08 4014.78 4014.78 483505 0 4.20845e+07
2840 2.67216 1.11786 0.116667 1.16429e+07 3514.5 1.16394e+07 157.104 8.29198 0.791978 2.90307e+08 4014.78 4014.78 483505 0 4.2274e+07
2841 2.67216 1.11786 0.15 1.20021e+07 3514.5 1.19986e+07 157.542 8.2323 0.732299 2.89512e+08 4014.78 4014.78 483505 0 4.25415e+07
2842 2.67216 1.14643 -0.05 8.14495e+06 3514.5 8.14144e+06 149.188 9.34611 1.84611 3.05785e+08 4117.39 4117.39 470373 0 4.04332e+07
2843 2.67216 1.14643 -0.0166667 7.80863e+06 3514.5 7.80511e+06 148.979 9.35903 1.85903 3.06017e+08 4117.39 4117.39 470373 0 4.01394e+07
2844 2.67216 1.14643 0.0166667 7.614e+06 3514.5 7.61048e+06 148.896 9.35764 1.85764 3.06016e+08 4117.39 4117.39 470373 0 3.99614e+07
2845 2.67216 1.14643 0.05 7.57559e+06 3514.5 7.57208e+06 148.917 9.34183 1.84183 3.05782e+08 4117.39 4117.39 470373 0 3.99177e+07
2846 2.67216 1.14643 0.0833333 7.69812e+06 3514.5 7.69461e+06 149.062 9.3117 1.8117 3.05319e+08 4117.39 4117.39 470373 0 4.00089e+07
2847 2.67216 1.14643 0.116667 7.97534e+06 3514.5 7.97183e+06 149.312 9.26735 1.76735 3.04632e+08 4117.39 4117.39 470373 0 4.0233e+07
2848 2.67216 1.14643 0.15 8.39198e+06 3514.5 8.38846e+06 149.667 9.20903 1.70903 3.03729e+08 4117.39 4117.39 470373 0 4.05748e+07
2849 2.67216 1.175 -0.05 5.63251e+06 3514.5 5.62899e+06 143.125 10.2085 2.70855 3.2055e+08 4220.01 4220.01 457597 0 3.91936e+07
2850 2.67216 1.175 -0.0166667 5.04156e+06 3514.5 5.03804e+06 142.938 10.2223 2.72228 3.20808e+08 4220.01 4220.01 457597 0 3.86411e+07
2851 2.67216 1.175 0.0166667 4.62603e+06 3514.5 4.62251e+06 142.854 10.2218 2.72179 3.20802e+08 4220.01 4220.01 457597 0 3.82422e+07
2852 2.67216 1.175 0.05 4.44175e+06 3514.5 4.43824e+06 142.875 10.207 2.70701 3.20535e+08 4220.01 4220.01 457597 0 3.80527e+07
2853 2.67216 1.175 0.0833333 4.52109e+06 3514.5 4.51757e+06 143 10.178 2.67799 3.20012e+08 4220.01 4220.01 457597 0 3.8105e+07
2854 2.67216 1.175 0.116667 4.85277e+06 3514.5 4.84926e+06 143.208 10.1348 2.63485 3.1924e+08 4220.01 4220.01 457597 0 3.8392e+07
2855 2.67216 1.175 0.15 5.39008e+06 3514.5 5.38656e+06 143.542 10.0779 2.57791 3.18226e+08 4220.01 4220.01 457597 0 3.88587e+07
2856 2.69882 0.975 -0.05 1.31252e+07 3514.5 1.31217e+07 345.208 5.66161 1.83839 2.19034e+08 3501.71 3501.71 554874 0 4.57712e+07
2857 2.69882 0.975 -0.0166667 1.26462e+07 3514.5 1.26427e+07 345.292 5.6326 1.8674 2.19117e+08 3501.71 3501.71 554874 0 4.53026e+07
2858 2.69882 0.975 0.0166667 1.24383e+07 3514.5 1.24348e+07 345.333 5.63417 1.86583 2.19117e+08 3501.71 3501.71 554874 0 4.50988e+07
2859 2.69882 0.975 0.05 1.25154e+07 3514.5 1.25119e+07 345.354 5.66675 1.83325 2.19034e+08 3501.71 3501.71 554874 0 4.51756e+07
2860 2.69882 0.975 0.0833333 1.28934e+07 3514.5 1.28899e+07 345.333 5.72998 1.77002 2.1887e+08 3501.71 3501.71 554874 0 4.55471e+07
2861 2.69882 0.975 0.116667 1.35858e+07 3514.5 1.35823e+07 345.229 5.82295 1.67705 2.18626e+08 3501.71 3501.71 554874 0 4.62226e+07
2862 2.69882 0.975 0.15 1.45991e+07 3514.5 1.45956e+07 345.062 5.94581 1.55419 2.18304e+08 3501.71 3501.71 554874 0 4.72106e+07
2863 2.69882 1.00357 -0.05 2.10451e+07 3514.5 2.10416e+07 263.417 4.77289 2.72711 2.34168e+08 3604.32 3604.32 539804 0 5.12325e+07
2864 2.69882 1.00357 -0.0166667 2.10815e+07 3514.5 2.1078e+07 263 4.77243 2.72757 2.34274e+08 3604.32 3604.32 539804 0 5.1269e+07
2865 2.69882 1.00357 0.0166667 2.10784e+07 3514.5 2.10749e+07 263.125 4.76839 2.73161 2.34274e+08 3604.32 3604.32 539804 0 5.12661e+07
2866 2.69882 1.00357 0.05 2.10332e+07 3514.5 2.10297e+07 263.792 4.76078 2.73922 2.34168e+08 3604.32 3604.32 539804 0 5.12214e+07
2867 2.69882 1.00357 0.0833333 2.09404e+07 3514.5 2.09369e+07 265 4.74951 2.75049 2.33958e+08 3604.32 3604.32 539804 0 5.11294e+07
2868 2.69882 1.00357 0.116667 2.07918e+07 3514.5 2.07883e+07 266.771 4.73466 2.76534 2.33646e+08 3604.32 3604.32 539804 0 5.09819e+07
2869 2.69882 1.00357 0.15 2.05761e+07 3514.5 2.05726e+07 269.083 4.7155 2.7845 2.33235e+08 3604.32 3604.32 539804 0 5.07675e+07
2870 2.69882 1.03214 -0.05 2.01616e+07 3514.5 2.01581e+07 206.688 5.39655 2.10345 2.48665e+08 3706.94 3706.94 525142 0 5.03053e+07
2871 2.69882 1.03214 -0.0166667 2.01562e+07 3514.5 2.01526e+07 206.25 5.39491 2.10509 2.48794e+08 3706.94 3706.94 525142 0 5.03e+07
2872 2.69882 1.03214 0.0166667 2.01969e+07 3514.5 2.01934e+07 206.188 5.38604 2.11396 2.48794e+08 3706.94 3706.94 525142 0 5.03413e+07
2873 2.69882 1.03214 0.05 2.02839e+07 3514.5 2.02804e+07 206.521 5.37043 2.12957 2.48665e+08 3706.94 3706.94 525142 0 5.04294e+07
2874 2.69882 1.03214 0.0833333 2.04153e+07 3514.5 2.04118e+07 207.229 5.34773 2.15227 2.48409e+08 3706.94 3706.94 525142 0 5.05625e+07
2875 2.69882 1.03214 0.116667 2.05872e+07 3514.5 2.05837e+07 208.333 5.31895 2.18105 2.48028e+08 3706.94 3706.94 525142 0 5.07364e+07
2876 2.69882 1.03214 0.15 2.07937e+07 3514.5 2.07901e+07 209.833 5.28482 2.21518 2.47526e+08 3706.94 3706.94 525142 0 5.09452e+07
2877 2.69882 1.06071 -0.05 1.49623e+07 3514.5 1.49588e+07 178.812 6.59231 0.907695 2.62889e+08 3809.55 3809.55 510879 0 4.50224e+07
2878 2.69882 1.06071 -0.0166667 1.4901e+07 3514.5 1.48974e+07 178.479 6.59934 0.900664 2.63042e+08 3809.55 3809.55 510879 0 4.49605e+07
2879 2.69882 1.06071 0.0166667 1.49182e+07 3514.5 1.49147e+07 178.375 6.59316 0.906841 2.63042e+08 3809.55 3809.55 510879 0 4.49781e+07
2880 2.69882 1.06071 0.05 1.50152e+07 3514.5 1.50117e+07 178.479 6.57338 0.926621 2.62889e+08 3809.55 3809.55 510879 0 4.50765e+07
2881 2.69882 1.06071 0.0833333 1.51912e+07 3514.5 1.51877e+07 178.792 6.54005 0.959952 2.62584e+08 3809.55 3809.55 510879 0 4.52549e+07
2882 2.69882 1.06071 0.116667 1.54436e+07 3514.5 1.54401e+07 179.354 6.49395 1.00605 2.62132e+08 3809.55 3809.55 510879 0 4.55105e+07
2883 2.69882 1.06071 0.15 1.57677e+07 3514.5 1.57642e+07 180.125 6.43492 1.06508 2.61537e+08 3809.55 3809.55 510879 0 4.58387e+07
2884 2.69882 1.08929 -0.05 1.00235e+07 3514.5 1.002e+07 164.271 7.84889 0.348895 2.77054e+08 3912.16 3912.16 497004 0 4.00444e+07
2885 2.69882 1.08929 -0.0166667 9.88128e+06 3514.5 9.87777e+06 164.021 7.85977 0.359766 2.77233e+08 3912.16 3912.16 497004 0 3.99029e+07
2886 2.69882 1.08929 0.0166667 9.84501e+06 3514.5 9.84149e+06 163.917 7.85612 0.356116 2.77233e+08 3912.16 3912.16 497004 0 3.98664e+07
2887 2.69882 1.08929 0.05 9.91825e+06 3514.5 9.91474e+06 163.958 7.83787 0.337872 2.77054e+08 3912.16 3912.16 497004 0 3.99384e+07
2888 2.69882 1.08929 0.0833333 1.01004e+07 3514.5 1.00968e+07 164.167 7.8052 0.305199 2.767e+08 3912.16 3912.16 497004 0 4.01182e+07
2889 2.69882 1.08929 0.116667 1.03866e+07 3514.5 1.03831e+07 164.521 7.75813 0.258128 2.76174e+08 3912.16 3912.16 497004 0 4.04012e+07
2890 2.69882 1.08929 0.15 1.07691e+07 3514.5 1.07656e+07 165.021 7.69693 0.196927 2.75482e+08 3912.16 3912.16 497004 0 4.07794e+07
2891 2.69882 1.11786 -0.05 6.02871e+06 3514.5 6.0252e+06 154.708 8.9599 1.4599 2.9131e+08 4014.78 4014.78 483505 0 3.71857e+07
2892 2.69882 1.11786 -0.0166667 5.71177e+06 3514.5 5.70826e+06 154.5 8.9724 1.4724 2.91513e+08 4014.78 4014.78 483505 0 3.69113e+07
2893 2.69882 1.11786 0.0166667 5.54926e+06 3514.5 5.54575e+06 154.417 8.97037 1.47037 2.91511e+08 4014.78 4014.78 483505 0 3.67653e+07
2894 2.69882 1.11786 0.05 5.55916e+06 3514.5 5.55565e+06 154.438 8.95369 1.45369 2.91306e+08 4014.78 4014.78 483505 0 3.67699e+07
2895 2.69882 1.11786 0.0833333 5.74381e+06 3514.5 5.7403e+06 154.604 8.92251 1.42251 2.909e+08 4014.78 4014.78 483505 0 3.6919e+07
2896 2.69882 1.11786 0.116667 6.08932e+06 3514.5 6.08581e+06 154.875 8.87689 1.37689 2.90297e+08 4014.78 4014.78 483505 0 3.72072e+07
2897 2.69882 1.11786 0.15 6.57128e+06 3514.5 6.56777e+06 155.271 8.81713 1.31713 2.89505e+08 4014.78 4014.78 483505 0 3.76058e+07
2898 2.69882 1.14643 -0.05 3.47069e+06 3514.5 3.46718e+06 147.562 9.93316 2.43316 3.05778e+08 4117.39 4117.39 470373 0 3.6125e+07
2899 2.69882 1.14643 -0.0166667 2.72635e+06 3514.5 2.72284e+06 147.375 9.94682 2.44682 3.05997e+08 4117.39 4117.39 470373 0 3.54191e+07
2900 2.69882 1.14643 0.0166667 2.13908e+06 3514.5 2.13556e+06 147.292 9.94619 2.44619 3.05972e+08 4117.39 4117.39 470373 0 3.48485e+07
2901 2.69882 1.14643 0.05 1.87737e+06 3514.5 1.87386e+06 147.312 9.93099 2.43099 3.05717e+08 4117.39 4117.39 470373 0 3.45815e+07
2902 2.69882 1.14643 0.0833333 2.07763e+06 3514.5 2.07411e+06 147.438 9.90093 2.40093 3.05268e+08 4117.39 4117.39 470373 0 3.47547e+07
2903 2.69882 1.14643 0.116667 2.64091e+06 3514.5 2.6374e+06 147.688 9.85645 2.35645 3.04605e+08 4117.39 4117.39 470373 0 3.52649e+07
2904 2.69882 1.14643 0.15 3.39223e+06 3514.5 3.38872e+06 148.021 9.79805 2.29805 3.03718e+08 4117.39 4117.39 470373 0 3.59454e+07
2905 2.69882 1.175 -0.05 3.65493e+06 3514.5 3.65141e+06 141.812 10.7949 3.29487 3.20593e+08 4220.01 4220.01 457597 0 3.75196e+07
2906 2.69882 1.175 -0.0166667 2.7999e+06 3514.5 2.79639e+06 141.646 10.8091 3.30908 3.2087e+08 4220.01 4220.01 457597 0 3.66989e+07
2907 2.69882 1.175 0.0166667 2.00561e+06 3514.5 2.0021e+06 141.583 10.8093 3.30932 3.209e+08 4220.01 4220.01 457597 0 3.59171e+07
2908 2.69882 1.175 0.05 1.40002e+06 3514.5 1.39651e+06 141.604 10.7956 3.2956 3.20697e+08 4220.01 4220.01 457597 0 3.53064e+07
2909 2.69882 1.175 0.0833333 1.29936e+06 3514.5 1.29585e+06 141.729 10.7671 3.26707 3.20186e+08 4220.01 4220.01 457597 0 3.51787e+07
2910 2.69882 1.175 0.116667 1.79626e+06 3514.5 1.79274e+06 141.938 10.7234 3.22344 3.19339e+08 4220.01 4220.01 457597 0 3.56309e+07
2911 2.69882 1.175 0.15 2.56484e+06 3514.5 2.56132e+06 142.25 10.6662 3.16619 3.18283e+08 4220.01 4220.01 457597 0 3.6333e+07
2912 2.72549 0.975 -0.05 8.90494e+06 3514.5 8.90142e+06 338.979 4.90405 2.59595 2.19034e+08 3501.71 3501.71 554874 0 4.09811e+07
2913 2.72549 0.975 -0.0166667 8.42213e+06 3514.5 8.41862e+06 338.958 4.8778 2.6222 2.19117e+08 3501.71 3501.71 554874 0 4.0498e+07
2914 2.72549 0.975 0.0166667 8.11753e+06 3514.5 8.11402e+06 339.042 4.87952 2.62048 2.19117e+08 3501.71 3501.71 554874 0 4.02016e+07
2915 2.72549 0.975 0.05 8.01134e+06 3514.5 8.00783e+06 339.208 4.90909 2.59091 2.19034e+08 3501.71 3501.71 554874 0 4.011e+07
2916 2.72549 0.975 0.0833333 8.14382e+06 3514.5 8.1403e+06 339.438 4.96686 2.53314 2.1887e+08 3501.71 3501.71 554874 0 4.02614e+07
2917 2.72549 0.975 0.116667 8.56499e+06 3514.5 8.56147e+06 339.708 5.05345 2.44655 2.18626e+08 3501.71 3501.71 554874 0 4.07036e+07
2918 2.72549 0.975 0.15 9.31758e+06 3514.5 9.31407e+06 339.917 5.16833 2.33167 2.18304e+08 3501.71 3501.71 554874 0 4.1469e+07
2919 2.72549 1.00357 -0.05 1.90369e+07 3514.5 1.90334e+07 246.875 4.72077 2.77923 2.34168e+08 3604.32 3604.32 539804 0 4.9228e+07
2920 2.72549 1.00357 -0.0166667 1.90629e+07 3514.5 1.90594e+07 246.458 4.71941 2.78059 2.34274e+08 3604.32 3604.32 539804 0 4.92541e+07
2921 2.72549 1.00357 0.0166667 1.9081e+07 3514.5 1.90775e+07 246.562 4.71451 2.78549 2.34274e+08 3604.32 3604.32 539804 0 4.92724e+07
2922 2.72549 1.00357 0.05 1.90889e+07 3514.5 1.90854e+07 247.188 4.7061 2.7939 2.34168e+08 3604.32 3604.32 539804 0 4.9281e+07
2923 2.72549 1.00357 0.0833333 1.90819e+07 3514.5 1.90784e+07 248.333 4.69422 2.80578 2.33958e+08 3604.32 3604.32 539804 0 4.92748e+07
2924 2.72549 1.00357 0.116667 1.90524e+07 3514.5 1.90489e+07 250.021 4.67933 2.82067 2.33646e+08 3604.32 3604.32 539804 0 4.92464e+07
2925 2.72549 1.00357 0.15 1.89901e+07 3514.5 1.89865e+07 252.229 4.66098 2.83902 2.33235e+08 3604.32 3604.32 539804 0 4.91853e+07
2926 2.72549 1.03214 -0.05 1.53753e+07 3514.5 1.53718e+07 196.271 5.69795 1.80205 2.48664e+08 3706.94 3706.94 525142 0 4.54979e+07
2927 2.72549 1.03214 -0.0166667 1.53597e+07 3514.5 1.53562e+07 195.896 5.70148 1.79852 2.48793e+08 3706.94 3706.94 525142 0 4.54821e+07
2928 2.72549 1.03214 0.0166667 1.54072e+07 3514.5 1.54037e+07 195.812 5.69345 1.80655 2.48793e+08 3706.94 3706.94 525142 0 4.55302e+07
2929 2.72549 1.03214 0.05 1.55181e+07 3514.5 1.55146e+07 196.042 5.67413 1.82587 2.48664e+08 3706.94 3706.94 525142 0 4.56424e+07
2930 2.72549 1.03214 0.0833333 1.56906e+07 3514.5 1.56871e+07 196.583 5.64366 1.85634 2.48408e+08 3706.94 3706.94 525142 0 4.5817e+07
2931 2.72549 1.03214 0.116667 1.59212e+07 3514.5 1.59177e+07 197.438 5.60242 1.89758 2.48026e+08 3706.94 3706.94 525142 0 4.60505e+07
2932 2.72549 1.03214 0.15 1.62044e+07 3514.5 1.62009e+07 198.625 5.55143 1.94857 2.47525e+08 3706.94 3706.94 525142 0 4.63373e+07
2933 2.72549 1.06071 -0.05 9.48021e+06 3514.5 9.4767e+06 174.021 7.13112 0.368885 2.62884e+08 3809.55 3809.55 510879 0 3.95025e+07
2934 2.72549 1.06071 -0.0166667 9.40444e+06 3514.5 9.40092e+06 173.729 7.14065 0.359348 2.63038e+08 3809.55 3809.55 510879 0 3.94261e+07
2935 2.72549 1.06071 0.0166667 9.42493e+06 3514.5 9.42142e+06 173.646 7.13588 0.364121 2.63038e+08 3809.55 3809.55 510879 0 3.94469e+07
2936 2.72549 1.06071 0.05 9.54314e+06 3514.5 9.53962e+06 173.708 7.11624 0.383756 2.62885e+08 3809.55 3809.55 510879 0 3.95665e+07
2937 2.72549 1.06071 0.0833333 9.757e+06 3514.5 9.75349e+06 173.979 7.08225 0.41775 2.62581e+08 3809.55 3809.55 510879 0 3.97827e+07
2938 2.72549 1.06071 0.116667 1.00614e+07 3514.5 1.00579e+07 174.438 7.03393 0.466075 2.62129e+08 3809.55 3809.55 510879 0 4.00905e+07
2939 2.72549 1.06071 0.15 1.04487e+07 3514.5 1.04452e+07 175.062 6.97143 0.528575 2.61535e+08 3809.55 3809.55 510879 0 4.04822e+07
2940 2.72549 1.08929 -0.05 4.52547e+06 3514.5 4.52195e+06 161.5 8.43242 0.932423 2.7704e+08 3912.16 3912.16 497004 0 3.45872e+07
2941 2.72549 1.08929 -0.0166667 4.27654e+06 3514.5 4.27303e+06 161.271 8.44438 0.944377 2.77216e+08 3912.16 3912.16 497004 0 3.43391e+07
2942 2.72549 1.08929 0.0166667 4.19312e+06 3514.5 4.1896e+06 161.167 8.44151 0.941508 2.77215e+08 3912.16 3912.16 497004 0 3.42555e+07
2943 2.72549 1.08929 0.05 4.28985e+06 3514.5 4.28634e+06 161.229 8.42384 0.923842 2.77038e+08 3912.16 3912.16 497004 0 3.4351e+07
2944 2.72549 1.08929 0.0833333 4.55929e+06 3514.5 4.55578e+06 161.396 8.39129 0.891287 2.76686e+08 3912.16 3912.16 497004 0 3.46182e+07
2945 2.72549 1.08929 0.116667 4.97639e+06 3514.5 4.97288e+06 161.729 8.34415 0.844151 2.76163e+08 3912.16 3912.16 497004 0 3.5032e+07
2946 2.72549 1.08929 0.15 5.50969e+06 3514.5 5.50618e+06 162.188 8.28261 0.782612 2.75474e+08 3912.16 3912.16 497004 0 3.5561e+07
2947 2.72549 1.11786 -0.05 2.27861e+06 3514.5 2.27509e+06 152.771 9.55197 2.05197 2.91336e+08 4014.78 4014.78 483505 0 3.38646e+07
2948 2.72549 1.11786 -0.0166667 1.48448e+06 3514.5 1.48096e+06 152.583 9.566 2.066 2.9155e+08 4014.78 4014.78 483505 0 3.31089e+07
2949 2.72549 1.11786 0.0166667 687294 3514.5 683779 152.5 9.56788 2.06788 2.91595e+08 4014.78 4014.78 483505 0 3.23285e+07
2950 2.72549 1.11786 0.05 208816 3514.5 205302 152.521 9.56657 2.06657 2.91849e+08 4014.78 4014.78 483505 0 3.18458e+07
2951 2.72549 1.11786 0.0833333 976840 3514.5 973326 152.688 9.51887 2.01887 2.90941e+08 4014.78 4014.78 483505 0 3.25771e+07
2952 2.72549 1.11786 0.116667 1.79854e+06 3514.5 1.79503e+06 152.938 9.47151 1.97151 2.9032e+08 4014.78 4014.78 483505 0 3.33455e+07
2953 2.72549 1.11786 0.15 2.62803e+06 3514.5 2.62452e+06 153.312 9.41125 1.91125 2.89522e+08 4014.78 4014.78 483505 0 3.40958e+07
2954 2.72549 1.14643 -0.05 4.7806e+06 3514.5 4.77709e+06 146.042 10.5238 3.02379 3.05832e+08 4117.39 4117.39 470373 0 3.77804e+07
2955 2.72549 1.14643 -0.0166667 4.36079e+06 3514.5 4.35727e+06 145.875 10.5375 3.03748 3.06072e+08 4117.39 4117.39 470373 0 3.73949e+07
2956 2.72549 1.14643 0.0166667 4.03977e+06 3514.5 4.03626e+06 145.812 10.5368 3.03678 3.06077e+08 4117.39 4117.39 470373 0 3.70863e+07
2957 2.72549 1.14643 0.05 3.84862e+06 3514.5 3.8451e+06 145.833 10.5217 3.02165 3.05848e+08 4117.39 4117.39 470373 0 3.689e+07
2958 2.72549 1.14643 0.0833333 3.81189e+06 3514.5 3.80837e+06 145.958 10.4921 2.99213 3.05384e+08 4117.39 4117.39 470373 0 3.68262e+07
2959 2.72549 1.14643 0.116667 3.93732e+06 3514.5 3.9338e+06 146.188 10.4484 2.94835 3.04692e+08 4117.39 4117.39 470373 0 3.69027e+07
2960 2.72549 1.14643 0.15 4.21236e+06 3514.5 4.20885e+06 146.521 10.3906 2.89056 3.03781e+08 4117.39 4117.39 470373 0 3.7107e+07
2961 2.72549 1.175 -0.05 7.75854e+06 3514.5 7.75503e+06 140.583 11.3834 3.88341 3.20595e+08 4220.01 4220.01 457597 0 4.19102e+07
2962 2.72549 1.175 -0.0166667 7.44808e+06 3514.5 7.44457e+06 140.417 11.3975 3.89749 3.2086e+08 4220.01 4220.01 457597 0 4.16341e+07
2963 2.72549 1.175 0.0166667 7.20173e+06 3514.5 7.19822e+06 140.354 11.3974 3.89736 3.20862e+08 4220.01 4220.01 457597 0 4.14002e+07
2964 2.72549 1.175 0.05 7.02979e+06 3514.5 7.02628e+06 140.375 11.383 3.88303 3.206e+08 4220.01 4220.01 457597 0 4.12231e+07
2965 2.72549 1.175 0.0833333 6.94045e+06 3514.5 6.93694e+06 140.5 11.3545 3.85452 3.20076e+08 4220.01 4220.01 457597 0 4.11068e+07
2966 2.72549 1.175 0.116667 6.93857e+06 3514.5 6.93506e+06 140.708 11.312 3.81201 3.19299e+08 4220.01 4220.01 457597 0 4.10602e+07
2967 2.72549 1.175 0.15 7.02492e+06 3514.5 7.0214e+06 141 11.2557 3.75575 3.18278e+08 4220.01 4220.01 457597 0 4.10843e+07
2968 2.75216 0.975 -0.05 7.19993e+06 3514.5 7.19641e+06 328.792 4.25308 3.24692 2.19034e+08 3501.71 3501.71 554874 0 3.83029e+07
2969 2.75216 0.975 -0.0166667 6.85157e+06 3514.5 6.84805e+06 328.604 4.23415 3.26585 2.19117e+08 3501.71 3501.71 554874 0 3.79371e+07
2970 2.75216 0.975 0.0166667 6.50047e+06 3514.5 6.49696e+06 328.75 4.23484 3.26516 2.19117e+08 3501.71 3501.71 554874 0 3.76005e+07
2971 2.75216 0.975 0.05 6.14336e+06 3514.5 6.13985e+06 329.208 4.25541 3.24459 2.19034e+08 3501.71 3501.71 554874 0 3.72878e+07
2972 2.75216 0.975 0.0833333 5.81399e+06 3514.5 5.81048e+06 329.958 4.29747 3.20253 2.1887e+08 3501.71 3501.71 554874 0 3.70305e+07
2973 2.75216 0.975 0.116667 5.59536e+06 3514.5 5.59185e+06 330.875 4.36343 3.13657 2.18626e+08 3501.71 3501.71 554874 0 3.68989e+07
2974 2.75216 0.975 0.15 5.62221e+06 3514.5 5.6187e+06 331.875 4.45598 3.04402 2.18305e+08 3501.71 3501.71 554874 0 3.70193e+07
2975 2.75216 1.00357 -0.05 1.60589e+07 3514.5 1.60554e+07 230.646 4.7358 2.7642 2.34167e+08 3604.32 3604.32 539804 0 4.62489e+07
2976 2.75216 1.00357 -0.0166667 1.60758e+07 3514.5 1.60723e+07 230.229 4.73526 2.76474 2.34273e+08 3604.32 3604.32 539804 0 4.62659e+07
2977 2.75216 1.00357 0.0166667 1.61146e+07 3514.5 1.61111e+07 230.292 4.72893 2.77107 2.34273e+08 3604.32 3604.32 539804 0 4.63051e+07
2978 2.75216 1.00357 0.05 1.61736e+07 3514.5 1.61701e+07 230.833 4.71682 2.78318 2.34168e+08 3604.32 3604.32 539804 0 4.63649e+07
2979 2.75216 1.00357 0.0833333 1.62485e+07 3514.5 1.6245e+07 231.875 4.6996 2.8004 2.33957e+08 3604.32 3604.32 539804 0 4.6441e+07
2980 2.75216 1.00357 0.116667 1.63326e+07 3514.5 1.63291e+07 233.417 4.67762 2.82238 2.33645e+08 3604.32 3604.32 539804 0 4.65266e+07
2981 2.75216 1.00357 0.15 1.64162e+07 3514.5 1.64127e+07 235.458 4.65138 2.84862 2.33234e+08 3604.32 3604.32 539804 0 4.66121e+07
2982 2.75216 1.03214 -0.05 1.02099e+07 3514.5 1.02064e+07 188.583 6.15653 1.34347 2.48661e+08 3706.94 3706.94 525142 0 4.03004e+07
2983 2.75216 1.03214 -0.0166667 1.01948e+07 3514.5 1.01913e+07 188.271 6.16401 1.33599 2.4879e+08 3706.94 3706.94 525142 0 4.02848e+07
2984 2.75216 1.03214 0.0166667 1.02587e+07 3514.5 1.02551e+07 188.188 6.15742 1.34258 2.4879e+08 3706.94 3706.94 525142 0 4.03491e+07
2985 2.75216 1.03214 0.05 1.04012e+07 3514.5 1.03977e+07 188.354 6.13686 1.36314 2.48661e+08 3706.94 3706.94 525142 0 4.04931e+07
2986 2.75216 1.03214 0.0833333 1.06199e+07 3514.5 1.06164e+07 188.75 6.10222 1.39778 2.48405e+08 3706.94 3706.94 525142 0 4.07142e+07
2987 2.75216 1.03214 0.116667 1.09099e+07 3514.5 1.09064e+07 189.396 6.05396 1.44604 2.48024e+08 3706.94 3706.94 525142 0 4.10077e+07
2988 2.75216 1.03214 0.15 1.1265e+07 3514.5 1.12615e+07 190.312 5.99276 1.50724 2.47523e+08 3706.94 3706.94 525142 0 4.1367e+07
2989 2.75216 1.06071 -0.05 3.93116e+06 3514.5 3.92765e+06 170.333 7.70966 0.209661 2.62868e+08 3809.55 3809.55 510879 0 3.39423e+07
2990 2.75216 1.06071 -0.0166667 3.82134e+06 3514.5 3.81782e+06 170.083 7.72084 0.220843 2.6302e+08 3809.55 3809.55 510879 0 3.38333e+07
2991 2.75216 1.06071 0.0166667 3.86498e+06 3514.5 3.86146e+06 170 7.71696 0.216959 2.63021e+08 3809.55 3809.55 510879 0 3.38767e+07
2992 2.75216 1.06071 0.05 4.06141e+06 3514.5 4.0579e+06 170.062 7.69789 0.197886 2.6287e+08 3809.55 3809.55 510879 0 3.40717e+07
2993 2.75216 1.06071 0.0833333 4.394e+06 3514.5 4.39049e+06 170.292 7.66374 0.163741 2.62569e+08 3809.55 3809.55 510879 0 3.44019e+07
2994 2.75216 1.06071 0.116667 4.83798e+06 3514.5 4.83447e+06 170.667 7.61465 0.114649 2.6212e+08 3809.55 3809.55 510879 0 3.48425e+07
2995 2.75216 1.06071 0.15 5.3684e+06 3514.5 5.36488e+06 171.229 7.551 0.0509999 2.61529e+08 3809.55 3809.55 510879 0 3.53685e+07
2996 2.75216 1.08929 -0.05 2.08578e+06 3514.5 2.08226e+06 159.146 9.02917 1.52917 2.77112e+08 3912.16 3912.16 497004 0 3.23601e+07
2997 2.75216 1.08929 -0.0166667 1.69425e+06 3514.5 1.69073e+06 158.938 9.04229 1.54229 2.77318e+08 3912.16 3912.16 497004 0 3.20112e+07
2998 2.75216 1.08929 0.0166667 1.48816e+06 3514.5 1.48464e+06 158.854 9.0404 1.5404 2.77341e+08 3912.16 3912.16 497004 0 3.18216e+07
2999 2.75216 1.08929 0.05 1.55631e+06 3514.5 1.5528e+06 158.896 9.02305 1.52305 2.77153e+08 3912.16 3912.16 497004 0 3.18802e+07
3000 2.75216 1.08929 0.0833333 1.87903e+06 3514.5 1.87552e+06 159.083 8.99043 1.49043 2.76769e+08 3912.16 3912.16 497004 0 3.21632e+07
3001 2.75216 1.08929 0.116667 2.36145e+06 3514.5 2.35793e+06 159.375 8.94309 1.44309 2.76219e+08 3912.16 3912.16 497004 0 3.25839e+07
3002 2.75216 1.08929 0.15 2.93129e+06 3514.5 2.92777e+06 159.792 8.88139 1.38139 2.75513e+08 3912.16 3912.16 497004 0 3.30661e+07
3003 2.75216 1.11786 -0.05 6.2399e+06 3514.5 6.23638e+06 151.021 10.1477 2.64766 2.91355e+08 4014.78 4014.78 483505 0 3.82176e+07
3004 2.75216 1.11786 -0.0166667 6.05901e+06 3514.5 6.0555e+06 150.854 10.161 2.661 2.91562e+08 4014.78 4014.78 483505 0 3.80709e+07
3005 2.75216 1.11786 0.0166667 5.92457e+06 3514.5 5.92105e+06 150.771 10.1598 2.65978 2.91563e+08 4014.78 4014.78 483505 0 3.79531e+07
3006 2.75216 1.11786 0.05 5.84343e+06 3514.5 5.83991e+06 150.812 10.1439 2.64387 2.91358e+08 4014.78 4014.78 483505 0 3.78625e+07
3007 2.75216 1.11786 0.0833333 5.82115e+06 3514.5 5.81764e+06 150.958 10.1134 2.61337 2.90951e+08 4014.78 4014.78 483505 0 3.78089e+07
3008 2.75216 1.11786 0.116667 5.86134e+06 3514.5 5.85782e+06 151.208 10.0684 2.56843 2.90344e+08 4014.78 4014.78 483505 0 3.77959e+07
3009 2.75216 1.11786 0.15 5.96521e+06 3514.5 5.96169e+06 151.562 10.0093 2.50929 2.89548e+08 4014.78 4014.78 483505 0 3.78248e+07
3010 2.75216 1.14643 -0.05 9.93919e+06 3514.5 9.93568e+06 144.646 11.1181 3.61814 3.05819e+08 4117.39 4117.39 470373 0 4.32598e+07
3011 2.75216 1.14643 -0.0166667 9.78468e+06 3514.5 9.78117e+06 144.479 11.132 3.63198 3.06053e+08 4117.39 4117.39 470373 0 4.31396e+07
3012 2.75216 1.14643 0.0166667 9.65486e+06 3514.5 9.65135e+06 144.417 11.1314 3.63144 3.06053e+08 4117.39 4117.39 470373 0 4.30222e+07
3013 2.75216 1.14643 0.05 9.55311e+06 3514.5 9.5496e+06 144.438 11.1166 3.61655 3.0582e+08 4117.39 4117.39 470373 0 4.29153e+07
3014 2.75216 1.14643 0.0833333 9.48237e+06 3514.5 9.47886e+06 144.583 11.0872 3.58725 3.05356e+08 4117.39 4117.39 470373 0 4.28133e+07
3015 2.75216 1.14643 0.116667 9.44496e+06 3514.5 9.44144e+06 144.792 11.0439 3.54387 3.04668e+08 4117.39 4117.39 470373 0 4.27312e+07
3016 2.75216 1.14643 0.15 9.44252e+06 3514.5 9.43901e+06 145.125 10.9865 3.48646 3.03764e+08 4117.39 4117.39 470373 0 4.26581e+07
3017 2.75216 1.175 -0.05 1.31196e+07 3514.5 1.31161e+07 139.375 11.9752 4.47517 3.20586e+08 4220.01 4220.01 457597 0 4.75543e+07
3018 2.75216 1.175 -0.0166667 1.29695e+07 3514.5 1.2966e+07 139.229 11.9893 4.48934 3.2085e+08 4220.01 4220.01 457597 0 4.74344e+07
3019 2.75216 1.175 0.0166667 1.2838e+07 3514.5 1.28344e+07 139.167 11.9894 4.48937 3.20851e+08 4220.01 4220.01 457597 0 4.73154e+07
3020 2.75216 1.175 0.05 1.27275e+07 3514.5 1.2724e+07 139.208 11.9752 4.47517 3.20587e+08 4220.01 4220.01 457597 0 4.71956e+07
3021 2.75216 1.175 0.0833333 1.26401e+07 3514.5 1.26366e+07 139.312 11.947 4.44696 3.20063e+08 4220.01 4220.01 457597 0 4.70854e+07
3022 2.75216 1.175 0.116667 1.25774e+07 3514.5 1.25739e+07 139.521 11.9047 4.40472 3.19287e+08 4220.01 4220.01 457597 0 4.6978e+07
3023 2.75216 1.175 0.15 1.25403e+07 3514.5 1.25368e+07 139.812 11.8488 4.34878 3.18266e+08 4220.01 4220.01 457597 0 4.68787e+07
3024 2.77882 0.975 -0.05 8.17328e+06 3514.5 8.16976e+06 312.146 3.8541 3.6459 2.19035e+08 3501.71 3501.71 554874 0 3.8425e+07
3025 2.77882 0.975 -0.0166667 8.0182e+06 3514.5 8.01469e+06 311.75 3.84731 3.65269 2.19117e+08 3501.71 3501.71 554874 0 3.82704e+07
3026 2.77882 0.975 0.0166667 7.76928e+06 3514.5 7.76577e+06 312 3.84525 3.65475 2.19117e+08 3501.71 3501.71 554874 0 3.80216e+07
3027 2.77882 0.975 0.05 7.41048e+06 3514.5 7.40696e+06 312.854 3.84851 3.65149 2.19035e+08 3501.71 3501.71 554874 0 3.76626e+07
3028 2.77882 0.975 0.0833333 6.93308e+06 3514.5 6.92956e+06 314.271 3.85933 3.64067 2.1887e+08 3501.71 3501.71 554874 0 3.71844e+07
3029 2.77882 0.975 0.116667 6.3411e+06 3514.5 6.33758e+06 316.167 3.8819 3.6181 2.18626e+08 3501.71 3501.71 554874 0 3.65908e+07
3030 2.77882 0.975 0.15 5.66626e+06 3514.5 5.66274e+06 318.396 3.92228 3.57772 2.18305e+08 3501.71 3501.71 554874 0 3.59132e+07
3031 2.77882 1.00357 -0.05 1.2165e+07 3514.5 1.21615e+07 216.25 4.91826 2.58174 2.34166e+08 3604.32 3604.32 539804 0 4.23422e+07
3032 2.77882 1.00357 -0.0166667 1.21798e+07 3514.5 1.21763e+07 215.875 4.92127 2.57873 2.34272e+08 3604.32 3604.32 539804 0 4.23568e+07
3033 2.77882 1.00357 0.0166667 1.2242e+07 3514.5 1.22385e+07 215.875 4.9137 2.5863 2.34272e+08 3604.32 3604.32 539804 0 4.24196e+07
3034 2.77882 1.00357 0.05 1.23502e+07 3514.5 1.23467e+07 216.312 4.89657 2.60343 2.34166e+08 3604.32 3604.32 539804 0 4.25289e+07
3035 2.77882 1.00357 0.0833333 1.25005e+07 3514.5 1.2497e+07 217.125 4.86909 2.63091 2.33956e+08 3604.32 3604.32 539804 0 4.26812e+07
3036 2.77882 1.00357 0.116667 1.26868e+07 3514.5 1.26833e+07 218.396 4.83317 2.66683 2.33644e+08 3604.32 3604.32 539804 0 4.287e+07
3037 2.77882 1.00357 0.15 1.29008e+07 3514.5 1.28973e+07 220.104 4.78925 2.71075 2.33234e+08 3604.32 3604.32 539804 0 4.30871e+07
3038 2.77882 1.03214 -0.05 4.82901e+06 3514.5 4.8255e+06 183 6.70554 0.794458 2.48651e+08 3706.94 3706.94 525142 0 3.48811e+07
3039 2.77882 1.03214 -0.0166667 4.84533e+06 3514.5 4.84181e+06 182.729 6.71544 0.784561 2.48781e+08 3706.94 3706.94 525142 0 3.48967e+07
3040 2.77882 1.03214 0.0166667 4.96879e+06 3514.5 4.96527e+06 182.646 6.71006 0.789945 2.48782e+08 3706.94 3706.94 525142 0 3.50206e+07
3041 2.77882 1.03214 0.05 5.19396e+06 3514.5 5.19045e+06 182.771 6.6894 0.810601 2.48654e+08 3706.94 3706.94 525142 0 3.52472e+07
3042 2.77882 1.03214 0.0833333 5.51059e+06 3514.5 5.50708e+06 183.083 6.65345 0.846549 2.48399e+08 3706.94 3706.94 525142 0 3.55663e+07
3043 2.77882 1.03214 0.116667 5.90601e+06 3514.5 5.9025e+06 183.604 6.60249 0.897506 2.4802e+08 3706.94 3706.94 525142 0 3.59653e+07
3044 2.77882 1.03214 0.15 6.36725e+06 3514.5 6.36374e+06 184.333 6.53687 0.96313 2.4752e+08 3706.94 3706.94 525142 0 3.64312e+07
3045 2.77882 1.06071 -0.05 1.85869e+06 3514.5 1.85518e+06 167.333 8.31002 0.810022 2.62959e+08 3809.55 3809.55 510879 0 3.19119e+07
3046 2.77882 1.06071 -0.0166667 1.81323e+06 3514.5 1.80971e+06 167.125 8.32221 0.822207 2.63119e+08 3809.55 3809.55 510879 0 3.18673e+07
3047 2.77882 1.06071 0.0166667 1.90392e+06 3514.5 1.90041e+06 167.042 8.31894 0.818941 2.63114e+08 3809.55 3809.55 510879 0 3.19577e+07
3048 2.77882 1.06071 0.05 2.12078e+06 3514.5 2.11727e+06 167.104 8.30021 0.800206 2.62948e+08 3809.55 3809.55 510879 0 3.21733e+07
3049 2.77882 1.06071 0.0833333 2.43774e+06 3514.5 2.43422e+06 167.312 8.26615 0.766148 2.62629e+08 3809.55 3809.55 510879 0 3.24879e+07
3050 2.77882 1.06071 0.116667 2.8284e+06 3514.5 2.82489e+06 167.646 8.21701 0.717007 2.62165e+08 3809.55 3809.55 510879 0 3.28751e+07
3051 2.77882 1.06071 0.15 3.27308e+06 3514.5 3.26956e+06 168.146 8.15299 0.652994 2.61562e+08 3809.55 3809.55 510879 0 3.33153e+07
3052 2.77882 1.08929 -0.05 7.26655e+06 3514.5 7.26304e+06 157.083 9.63143 2.13143 2.77085e+08 3912.16 3912.16 497004 0 3.79956e+07
3053 2.77882 1.08929 -0.0166667 7.2165e+06 3514.5 7.21299e+06 156.896 9.6445 2.1445 2.77264e+08 3912.16 3912.16 497004 0 3.79839e+07
3054 2.77882 1.08929 0.0166667 7.17645e+06 3514.5 7.17293e+06 156.833 9.64262 2.14262 2.77265e+08 3912.16 3912.16 497004 0 3.79563e+07
3055 2.77882 1.08929 0.05 7.14912e+06 3514.5 7.14561e+06 156.875 9.62584 2.12584 2.77086e+08 3912.16 3912.16 497004 0 3.79194e+07
3056 2.77882 1.08929 0.0833333 7.13742e+06 3514.5 7.1339e+06 157.042 9.59411 2.09411 2.76731e+08 3912.16 3912.16 497004 0 3.78722e+07
3057 2.77882 1.08929 0.116667 7.14431e+06 3514.5 7.1408e+06 157.312 9.54768 2.04768 2.76204e+08 3912.16 3912.16 497004 0 3.78216e+07
3058 2.77882 1.08929 0.15 7.17277e+06 3514.5 7.16926e+06 157.708 9.48669 1.98669 2.75511e+08 3912.16 3912.16 497004 0 3.77667e+07
3059 2.77882 1.11786 -0.05 1.17359e+07 3514.5 1.17324e+07 149.417 10.749 3.24896 2.91344e+08 4014.78 4014.78 483505 0 4.40765e+07
3060 2.77882 1.11786 -0.0166667 1.16744e+07 3514.5 1.16709e+07 149.25 10.7626 3.26256 2.91549e+08 4014.78 4014.78 483505 0 4.40493e+07
3061 2.77882 1.11786 0.0166667 1.16111e+07 3514.5 1.16076e+07 149.188 10.7616 3.26157 2.91549e+08 4014.78 4014.78 483505 0 4.39984e+07
3062 2.77882 1.11786 0.05 1.15477e+07 3514.5 1.15442e+07 149.229 10.746 3.24596 2.91344e+08 4014.78 4014.78 483505 0 4.39256e+07
3063 2.77882 1.11786 0.0833333 1.1486e+07 3514.5 1.14825e+07 149.375 10.7158 3.21577 2.90937e+08 4014.78 4014.78 483505 0 4.38326e+07
3064 2.77882 1.11786 0.116667 1.14276e+07 3514.5 1.14241e+07 149.604 10.6713 3.17127 2.90331e+08 4014.78 4014.78 483505 0 4.37253e+07
3065 2.77882 1.11786 0.15 1.13743e+07 3514.5 1.13708e+07 149.958 10.6125 3.11248 2.89536e+08 4014.78 4014.78 483505 0 4.3597e+07
3066 2.77882 1.14643 -0.05 1.54849e+07 3514.5 1.54814e+07 143.292 11.7161 4.21613 3.05812e+08 4117.39 4117.39 470373 0 4.91182e+07
3067 2.77882 1.14643 -0.0166667 1.54121e+07 3514.5 1.54086e+07 143.146 11.7301 4.23007 3.06046e+08 4117.39 4117.39 470373 0 4.90756e+07
3068 2.77882 1.14643 0.0166667 1.5336e+07 3514.5 1.53325e+07 143.083 11.7297 4.22974 3.06046e+08 4117.39 4117.39 470373 0 4.90119e+07
3069 2.77882 1.14643 0.05 1.52578e+07 3514.5 1.52543e+07 143.125 11.715 4.21501 3.05813e+08 4117.39 4117.39 470373 0 4.89244e+07
3070 2.77882 1.14643 0.0833333 1.51789e+07 3514.5 1.51754e+07 143.25 11.6861 4.18605 3.05349e+08 4117.39 4117.39 470373 0 4.88184e+07
3071 2.77882 1.14643 0.116667 1.51004e+07 3514.5 1.50969e+07 143.458 11.643 4.14301 3.04661e+08 4117.39 4117.39 470373 0 4.86952e+07
3072 2.77882 1.14643 0.15 1.50233e+07 3514.5 1.50197e+07 143.771 11.586 4.08601 3.03757e+08 4117.39 4117.39 470373 0 4.85516e+07
3073 2.77882 1.175 -0.05 1.8681e+07 3514.5 1.86774e+07 138.208 12.5696 5.06963 3.20582e+08 4220.01 4220.01 457597 0 5.33907e+07
3074 2.77882 1.175 -0.0166667 1.85976e+07 3514.5 1.85941e+07 138.062 12.5839 5.08391 3.20846e+08 4220.01 4220.01 457597 0 5.33374e+07
3075 2.77882 1.175 0.0166667 1.8512e+07 3514.5 1.85085e+07 138.021 12.584 5.084 3.20846e+08 4220.01 4220.01 457597 0 5.32602e+07
3076 2.77882 1.175 0.05 1.84256e+07 3514.5 1.84221e+07 138.042 12.5701 5.07008 3.20582e+08 4220.01 4220.01 457597 0 5.31686e+07
3077 2.77882 1.175 0.0833333 1.83392e+07 3514.5 1.83357e+07 138.167 12.542 5.04201 3.20058e+08 4220.01 4220.01 457597 0 5.30553e+07
3078 2.77882 1.175 0.116667 1.82538e+07 3514.5 1.82503e+07 138.375 12.5 5.00005 3.19282e+08 4220.01 4220.01 457597 0 5.29253e+07
3079 2.77882 1.175 0.15 1.81699e+07 3514.5 1.81664e+07 138.646 12.4445 4.94453 3.18261e+08 4220.01 4220.01 457597 0 5.27833e+07
3080 2.80549 0.975 -0.05 9.28786e+06 3514.5 9.28435e+06 290.167 3.73451 3.76549 2.19035e+08 3501.71 3501.71 554874 0 3.95479e+07
3081 2.80549 0.975 -0.0166667 9.21446e+06 3514.5 9.21094e+06 289.729 3.73505 3.76495 2.19117e+08 3501.71 3501.71 554874 0 3.94745e+07
3082 2.80549 0.975 0.0166667 9.06859e+06 3514.5 9.06508e+06 290.021 3.73141 3.76859 2.19117e+08 3501.71 3501.71 554874 0 3.93289e+07
3083 2.80549 0.975 0.05 8.83861e+06 3514.5 8.8351e+06 291.042 3.72368 3.77632 2.19035e+08 3501.71 3501.71 554874 0 3.90994e+07
3084 2.80549 0.975 0.0833333 8.51028e+06 3514.5 8.50676e+06 292.771 3.71267 3.78733 2.18871e+08 3501.71 3501.71 554874 0 3.87719e+07
3085 2.80549 0.975 0.116667 8.06689e+06 3514.5 8.06337e+06 295.188 3.70008 3.79992 2.18626e+08 3501.71 3501.71 554874 0 3.83294e+07
3086 2.80549 0.975 0.15 7.49109e+06 3514.5 7.48758e+06 298.271 3.68899 3.81101 2.18305e+08 3501.71 3501.71 554874 0 3.77544e+07
3087 2.80549 1.00357 -0.05 7.60557e+06 3514.5 7.60205e+06 205.208 5.3071 2.1929 2.34164e+08 3604.32 3604.32 539804 0 3.77556e+07
3088 2.80549 1.00357 -0.0166667 7.64233e+06 3514.5 7.63882e+06 204.875 5.31395 2.18605 2.34269e+08 3604.32 3604.32 539804 0 3.77918e+07
3089 2.80549 1.00357 0.0166667 7.74623e+06 3514.5 7.74271e+06 204.854 5.30682 2.19318 2.3427e+08 3604.32 3604.32 539804 0 3.78962e+07
3090 2.80549 1.00357 0.05 7.91428e+06 3514.5 7.91077e+06 205.146 5.28566 2.21434 2.34164e+08 3604.32 3604.32 539804 0 3.80658e+07
3091 2.80549 1.00357 0.0833333 8.14149e+06 3514.5 8.13798e+06 205.771 5.25082 2.24918 2.33954e+08 3604.32 3604.32 539804 0 3.82954e+07
3092 2.80549 1.00357 0.116667 8.42116e+06 3514.5 8.41765e+06 206.708 5.2025 2.2975 2.33642e+08 3604.32 3604.32 539804 0 3.85785e+07
3093 2.80549 1.00357 0.15 8.74517e+06 3514.5 8.74165e+06 208 5.14174 2.35826 2.33232e+08 3604.32 3604.32 539804 0 3.89067e+07
3094 2.80549 1.03214 -0.05 891661 3514.5 888147 178.75 7.3047 0.195296 2.48773e+08 3706.94 3706.94 525142 0 3.09018e+07
3095 2.80549 1.03214 -0.0166667 1.26155e+06 3514.5 1.25803e+06 178.5 7.3142 0.185804 2.48859e+08 3706.94 3706.94 525142 0 3.1271e+07
3096 2.80549 1.03214 0.0166667 1.66225e+06 3514.5 1.65874e+06 178.438 7.30873 0.191275 2.48836e+08 3706.94 3706.94 525142 0 3.16721e+07
3097 2.80549 1.03214 0.05 2.08102e+06 3514.5 2.0775e+06 178.542 7.28784 0.212158 2.48694e+08 3706.94 3706.94 525142 0 3.20924e+07
3098 2.80549 1.03214 0.0833333 2.51496e+06 3514.5 2.51145e+06 178.812 7.25141 0.248591 2.48429e+08 3706.94 3706.94 525142 0 3.25289e+07
3099 2.80549 1.03214 0.116667 2.96415e+06 3514.5 2.96064e+06 179.25 7.1995 0.300503 2.48042e+08 3706.94 3706.94 525142 0 3.29817e+07
3100 2.80549 1.03214 0.15 3.42948e+06 3514.5 3.42597e+06 179.875 7.13231 0.367686 2.47536e+08 3706.94 3706.94 525142 0 3.34517e+07
3101 2.80549 1.06071 -0.05 7.44222e+06 3514.5 7.43871e+06 164.812 8.91945 1.41945 2.62912e+08 3809.55 3809.55 510879 0 3.75381e+07
3102 2.80549 1.06071 -0.0166667 7.48116e+06 3514.5 7.47765e+06 164.604 8.93225 1.43225 2.63065e+08 3809.55 3809.55 510879 0 3.75779e+07
3103 2.80549 1.06071 0.0166667 7.50619e+06 3514.5 7.50268e+06 164.542 8.92964 1.42964 2.63065e+08 3809.55 3809.55 510879 0 3.76028e+07
3104 2.80549 1.06071 0.05 7.51937e+06 3514.5 7.51586e+06 164.604 8.91165 1.41165 2.62912e+08 3809.55 3809.55 510879 0 3.76147e+07
3105 2.80549 1.06071 0.0833333 7.52335e+06 3514.5 7.51984e+06 164.792 8.87834 1.37834 2.62607e+08 3809.55 3809.55 510879 0 3.76163e+07
3106 2.80549 1.06071 0.116667 7.52131e+06 3514.5 7.51779e+06 165.125 8.82975 1.32975 2.62154e+08 3809.55 3809.55 510879 0 3.76109e+07
3107 2.80549 1.06071 0.15 7.51695e+06 3514.5 7.51344e+06 165.562 8.76633 1.26633 2.61559e+08 3809.55 3809.55 510879 0 3.76021e+07
3108 2.80549 1.08929 -0.05 1.28925e+07 3514.5 1.2889e+07 155.229 10.241 2.74095 2.77077e+08 3912.16 3912.16 497004 0 4.4035e+07
3109 2.80549 1.08929 -0.0166667 1.28948e+07 3514.5 1.28912e+07 155.062 10.2543 2.7543 2.77255e+08 3912.16 3912.16 497004 0 4.40715e+07
3110 2.80549 1.08929 0.0166667 1.28763e+07 3514.5 1.28728e+07 155 10.2528 2.75279 2.77255e+08 3912.16 3912.16 497004 0 4.40655e+07
3111 2.80549 1.08929 0.05 1.28383e+07 3514.5 1.28348e+07 155.042 10.2364 2.73638 2.77077e+08 3912.16 3912.16 497004 0 4.4018e+07
3112 2.80549 1.08929 0.0833333 1.27822e+07 3514.5 1.27787e+07 155.208 10.205 2.705 2.76722e+08 3912.16 3912.16 497004 0 4.39264e+07
3113 2.80549 1.08929 0.116667 1.27097e+07 3514.5 1.27062e+07 155.458 10.1591 2.65905 2.76195e+08 3912.16 3912.16 497004 0 4.38006e+07
3114 2.80549 1.08929 0.15 1.26225e+07 3514.5 1.26189e+07 155.833 10.0985 2.59851 2.75503e+08 3912.16 3912.16 497004 0 4.36342e+07
3115 2.80549 1.11786 -0.05 1.73665e+07 3514.5 1.73629e+07 147.917 11.3542 3.85425 2.91339e+08 4014.78 4014.78 483505 0 5.00494e+07
3116 2.80549 1.11786 -0.0166667 1.7348e+07 3514.5 1.73445e+07 147.771 11.368 3.86796 2.91544e+08 4014.78 4014.78 483505 0 5.00611e+07
3117 2.80549 1.11786 0.0166667 1.73098e+07 3514.5 1.73063e+07 147.708 11.3672 3.86723 2.91544e+08 4014.78 4014.78 483505 0 5.00353e+07
3118 2.80549 1.11786 0.05 1.72528e+07 3514.5 1.72493e+07 147.75 11.3519 3.85189 2.91339e+08 4014.78 4014.78 483505 0 4.99689e+07
3119 2.80549 1.11786 0.0833333 1.71781e+07 3514.5 1.71746e+07 147.875 11.3221 3.82214 2.90932e+08 4014.78 4014.78 483505 0 4.98671e+07
3120 2.80549 1.11786 0.116667 1.70866e+07 3514.5 1.70831e+07 148.125 11.2779 3.77786 2.90326e+08 4014.78 4014.78 483505 0 4.97225e+07
3121 2.80549 1.11786 0.15 1.69795e+07 3514.5 1.6976e+07 148.458 11.2195 3.71954 2.89531e+08 4014.78 4014.78 483505 0 4.95447e+07
3122 2.80549 1.14643 -0.05 2.11116e+07 3514.5 2.11081e+07 142.021 12.3169 4.81694 3.05809e+08 4117.39 4117.39 470373 0 5.50411e+07
3123 2.80549 1.14643 -0.0166667 2.10774e+07 3514.5 2.10739e+07 141.875 12.331 4.83102 3.06043e+08 4117.39 4117.39 470373 0 5.50371e+07
3124 2.80549 1.14643 0.0166667 2.10263e+07 3514.5 2.10228e+07 141.812 12.3309 4.83089 3.06043e+08 4117.39 4117.39 470373 0 5.49985e+07
3125 2.80549 1.14643 0.05 2.09592e+07 3514.5 2.09557e+07 141.854 12.3164 4.81637 3.05809e+08 4117.39 4117.39 470373 0 5.4922e+07
3126 2.80549 1.14643 0.0833333 2.08768e+07 3514.5 2.08733e+07 141.979 12.2877 4.78768 3.05346e+08 4117.39 4117.39 470373 0 5.48126e+07
3127 2.80549 1.14643 0.116667 2.078e+07 3514.5 2.07765e+07 142.188 12.245 4.74495 3.04657e+08 4117.39 4117.39 470373 0 5.46711e+07
3128 2.80549 1.14643 0.15 2.06694e+07 3514.5 2.06658e+07 142.5 12.1883 4.68829 3.03753e+08 4117.39 4117.39 470373 0 5.4494e+07
3129 2.80549 1.175 -0.05 2.43011e+07 3514.5 2.42976e+07 137.083 13.1664 5.66643 3.20579e+08 4220.01 4220.01 457597 0 5.92776e+07
3130 2.80549 1.175 -0.0166667 2.42537e+07 3514.5 2.42502e+07 136.938 13.1808 5.68082 3.20843e+08 4220.01 4220.01 457597 0 5.92604e+07
3131 2.80549 1.175 0.0166667 2.41929e+07 3514.5 2.41893e+07 136.896 13.181 5.68103 3.20843e+08 4220.01 4220.01 457597 0 5.92078e+07
3132 2.80549 1.175 0.05 2.41192e+07 3514.5 2.41157e+07 136.917 13.1673 5.66731 3.20579e+08 4220.01 4220.01 457597 0 5.91291e+07
3133 2.80549 1.175 0.0833333 2.40336e+07 3514.5 2.40301e+07 137.042 13.1395 5.63946 3.20056e+08 4220.01 4220.01 457597 0 5.90165e+07
3134 2.80549 1.175 0.116667 2.39365e+07 3514.5 2.3933e+07 137.229 13.0979 5.59789 3.19279e+08 4220.01 4220.01 457597 0 5.8879e+07
3135 2.80549 1.175 0.15 2.38284e+07 3514.5 2.38249e+07 137.521 13.0426 5.54258 3.18259e+08 4220.01 4220.01 457597 0 5.87087e+07
3136 2.83216 0.975 -0.05 9.07167e+06 3514.5 9.06815e+06 266.896 3.73747 3.76253 2.19035e+08 3501.71 3501.71 554874 0 3.93315e+07
3137 2.83216 0.975 -0.0166667 9.02778e+06 3514.5 9.02427e+06 266.5 3.7402 3.7598 2.19118e+08 3501.71 3501.71 554874 0 3.92875e+07
3138 2.83216 0.975 0.0166667 8.95967e+06 3514.5 8.95615e+06 266.792 3.73617 3.76383 2.19118e+08 3501.71 3501.71 554874 0 3.92196e+07
3139 2.83216 0.975 0.05 8.85901e+06 3514.5 8.8555e+06 267.75 3.72531 3.77469 2.19035e+08 3501.71 3501.71 554874 0 3.91197e+07
3140 2.83216 0.975 0.0833333 8.71378e+06 3514.5 8.71026e+06 269.438 3.70806 3.79194 2.18871e+08 3501.71 3501.71 554874 0 3.89757e+07
3141 2.83216 0.975 0.116667 8.50783e+06 3514.5 8.50432e+06 271.812 3.68472 3.81528 2.18627e+08 3501.71 3501.71 554874 0 3.87714e+07
3142 2.83216 0.975 0.15 8.22076e+06 3514.5 8.21724e+06 274.896 3.65613 3.84387 2.18305e+08 3501.71 3501.71 554874 0 3.84863e+07
3143 2.83216 1.00357 -0.05 3.00554e+06 3514.5 3.00202e+06 197.375 5.84051 1.65949 2.34158e+08 3604.32 3604.32 539804 0 3.31182e+07
3144 2.83216 1.00357 -0.0166667 3.18034e+06 3514.5 3.17682e+06 197.104 5.8502 1.6498 2.34266e+08 3604.32 3604.32 539804 0 3.32923e+07
3145 2.83216 1.00357 0.0166667 3.42449e+06 3514.5 3.42098e+06 197.062 5.84383 1.65617 2.34268e+08 3604.32 3604.32 539804 0 3.35369e+07
3146 2.83216 1.00357 0.05 3.72447e+06 3514.5 3.72096e+06 197.292 5.82144 1.67856 2.34164e+08 3604.32 3604.32 539804 0 3.38385e+07
3147 2.83216 1.00357 0.0833333 4.06912e+06 3514.5 4.0656e+06 197.729 5.78302 1.71698 2.33954e+08 3604.32 3604.32 539804 0 3.41858e+07
3148 2.83216 1.00357 0.116667 4.44988e+06 3514.5 4.44637e+06 198.458 5.729 1.771 2.33643e+08 3604.32 3604.32 539804 0 3.45703e+07
3149 2.83216 1.00357 0.15 4.86022e+06 3514.5 4.85671e+06 199.417 5.65969 1.84031 2.33232e+08 3604.32 3604.32 539804 0 3.49855e+07
3150 2.83216 1.03214 -0.05 6.35186e+06 3514.5 6.34835e+06 175.354 7.91674 0.416743 2.48686e+08 3706.94 3706.94 525142 0 3.63775e+07
3151 2.83216 1.03214 -0.0166667 6.47167e+06 3514.5 6.46816e+06 175.146 7.92907 0.429068 2.48815e+08 3706.94 3706.94 525142 0 3.64982e+07
3152 2.83216 1.03214 0.0166667 6.56168e+06 3514.5 6.55817e+06 175.083 7.92545 0.42545 2.48814e+08 3706.94 3706.94 525142 0 3.6588e+07
3153 2.83216 1.03214 0.05 6.62454e+06 3514.5 6.62102e+06 175.167 7.90584 0.405838 2.48685e+08 3706.94 3706.94 525142 0 3.66494e+07
3154 2.83216 1.03214 0.0833333 6.66366e+06 3514.5 6.66015e+06 175.417 7.87017 0.370172 2.48428e+08 3706.94 3706.94 525142 0 3.66861e+07
3155 2.83216 1.03214 0.116667 6.68329e+06 3514.5 6.67978e+06 175.812 7.81871 0.318711 2.48046e+08 3706.94 3706.94 525142 0 3.67021e+07
3156 2.83216 1.03214 0.15 6.68847e+06 3514.5 6.68495e+06 176.354 7.7517 0.251704 2.47544e+08 3706.94 3706.94 525142 0 3.67026e+07
3157 2.83216 1.06071 -0.05 1.31177e+07 3514.5 1.31142e+07 162.604 9.53878 2.03878 2.62904e+08 3809.55 3809.55 510879 0 4.32569e+07
3158 2.83216 1.06071 -0.0166667 1.31698e+07 3514.5 1.31663e+07 162.417 9.55201 2.05201 2.63057e+08 3809.55 3809.55 510879 0 4.33099e+07
3159 2.83216 1.06071 0.0166667 1.31864e+07 3514.5 1.31829e+07 162.354 9.54986 2.04986 2.63057e+08 3809.55 3809.55 510879 0 4.33264e+07
3160 2.83216 1.06071 0.05 1.31688e+07 3514.5 1.31653e+07 162.417 9.5323 2.0323 2.62904e+08 3809.55 3809.55 510879 0 4.33076e+07
3161 2.83216 1.06071 0.0833333 1.31184e+07 3514.5 1.31149e+07 162.604 9.49937 1.99937 2.62599e+08 3809.55 3809.55 510879 0 4.32548e+07
3162 2.83216 1.06071 0.116667 1.30368e+07 3514.5 1.30333e+07 162.896 9.45138 1.95138 2.62147e+08 3809.55 3809.55 510879 0 4.31699e+07
3163 2.83216 1.06071 0.15 1.2926e+07 3514.5 1.29225e+07 163.312 9.38841 1.88841 2.61552e+08 3809.55 3809.55 510879 0 4.30547e+07
3164 2.83216 1.08929 -0.05 1.85673e+07 3514.5 1.85638e+07 153.542 10.855 3.35503 2.77073e+08 3912.16 3912.16 497004 0 5.00903e+07
3165 2.83216 1.08929 -0.0166667 1.85905e+07 3514.5 1.8587e+07 153.375 10.8687 3.36867 2.77251e+08 3912.16 3912.16 497004 0 5.01478e+07
3166 2.83216 1.08929 0.0166667 1.85808e+07 3514.5 1.85773e+07 153.312 10.8675 3.36748 2.77252e+08 3912.16 3912.16 497004 0 5.01505e+07
3167 2.83216 1.08929 0.05 1.85391e+07 3514.5 1.85356e+07 153.354 10.8514 3.35141 2.77073e+08 3912.16 3912.16 497004 0 5.00993e+07
3168 2.83216 1.08929 0.0833333 1.84663e+07 3514.5 1.84628e+07 153.521 10.8204 3.32036 2.76718e+08 3912.16 3912.16 497004 0 4.9991e+07
3169 2.83216 1.08929 0.116667 1.83634e+07 3514.5 1.83599e+07 153.771 10.7748 3.2748 2.76191e+08 3912.16 3912.16 497004 0 4.9835e+07
3170 2.83216 1.08929 0.15 1.82317e+07 3514.5 1.82282e+07 154.125 10.7148 3.21481 2.75499e+08 3912.16 3912.16 497004 0 4.96282e+07
3171 2.83216 1.11786 -0.05 2.30313e+07 3514.5 2.30278e+07 146.5 11.9628 4.46276 2.91337e+08 4014.78 4014.78 483505 0 5.60402e+07
3172 2.83216 1.11786 -0.0166667 2.30349e+07 3514.5 2.30314e+07 146.354 11.9767 4.47665 2.91542e+08 4014.78 4014.78 483505 0 5.60739e+07
3173 2.83216 1.11786 0.0166667 2.30096e+07 3514.5 2.30061e+07 146.292 11.9762 4.47615 2.91542e+08 4014.78 4014.78 483505 0 5.6061e+07
3174 2.83216 1.11786 0.05 2.29561e+07 3514.5 2.29526e+07 146.333 11.9611 4.46108 2.91337e+08 4014.78 4014.78 483505 0 5.59982e+07
3175 2.83216 1.11786 0.0833333 2.28751e+07 3514.5 2.28716e+07 146.479 11.9315 4.43148 2.90929e+08 4014.78 4014.78 483505 0 5.5886e+07
3176 2.83216 1.11786 0.116667 2.27674e+07 3514.5 2.27639e+07 146.708 11.8877 4.38767 2.90324e+08 4014.78 4014.78 483505 0 5.57294e+07
3177 2.83216 1.11786 0.15 2.26338e+07 3514.5 2.26303e+07 147.021 11.8299 4.3299 2.89529e+08 4014.78 4014.78 483505 0 5.55293e+07
3178 2.83216 1.14643 -0.05 2.67646e+07 3514.5 2.67611e+07 140.771 12.9205 5.42049 3.05807e+08 4117.39 4117.39 470373 0 6.09864e+07
3179 2.83216 1.14643 -0.0166667 2.67528e+07 3514.5 2.67492e+07 140.625 12.9347 5.4347 3.06041e+08 4117.39 4117.39 470373 0 6.10047e+07
3180 2.83216 1.14643 0.0166667 2.67162e+07 3514.5 2.67127e+07 140.583 12.9346 5.43458 3.06041e+08 4117.39 4117.39 470373 0 6.09764e+07
3181 2.83216 1.14643 0.05 2.66555e+07 3514.5 2.6652e+07 140.625 12.9203 5.42027 3.05807e+08 4117.39 4117.39 470373 0 6.09065e+07
3182 2.83216 1.14643 0.0833333 2.65714e+07 3514.5 2.65679e+07 140.75 12.8918 5.39184 3.05344e+08 4117.39 4117.39 470373 0 6.07954e+07
3183 2.83216 1.14643 0.116667 2.64645e+07 3514.5 2.64609e+07 140.958 12.8494 5.34943 3.04655e+08 4117.39 4117.39 470373 0 6.06437e+07
3184 2.83216 1.14643 0.15 2.63351e+07 3514.5 2.63316e+07 141.25 12.7933 5.29327 3.03751e+08 4117.39 4117.39 470373 0 6.04522e+07
3185 2.83216 1.175 -0.05 2.99425e+07 3514.5 2.9939e+07 135.958 13.7656 6.26561 3.20578e+08 4220.01 4220.01 457597 0 6.51859e+07
3186 2.83216 1.175 -0.0166667 2.99176e+07 3514.5 2.99141e+07 135.833 13.7799 6.27993 3.20841e+08 4220.01 4220.01 457597 0 6.5187e+07
3187 2.83216 1.175 0.0166667 2.98721e+07 3514.5 2.98686e+07 135.771 13.7804 6.28042 3.20841e+08 4220.01 4220.01 457597 0 6.51541e+07
3188 2.83216 1.175 0.05 2.98066e+07 3514.5 2.98031e+07 135.812 13.7667 6.26673 3.20578e+08 4220.01 4220.01 457597 0 6.50792e+07
3189 2.83216 1.175 0.0833333 2.97216e+07 3514.5 2.9718e+07 135.938 13.7391 6.23909 3.20054e+08 4220.01 4220.01 457597 0 6.49673e+07
3190 2.83216 1.175 0.116667 2.96175e+07 3514.5 2.9614e+07 136.125 13.6978 6.19782 3.19277e+08 4220.01 4220.01 457597 0 6.48229e+07
3191 2.83216 1.175 0.15 2.94949e+07 3514.5 2.94914e+07 136.396 13.643 6.14298 3.18257e+08 4220.01 4220.01 457597 0 6.46422e+07
3192 2.85882 0.975 -0.05 7.34264e+06 3514.5 7.33913e+06 245.229 3.85363 3.64637 2.19036e+08 3501.71 3501.71 554874 0 3.75944e+07
3193 2.85882 0.975 -0.0166667 7.3217e+06 3514.5 7.31818e+06 244.875 3.85855 3.64145 2.19118e+08 3501.71 3501.71 554874 0 3.75731e+07
3194 2.85882 0.975 0.0166667 7.32062e+06 3514.5 7.31711e+06 245.104 3.85312 3.64688 2.19118e+08 3501.71 3501.71 554874 0 3.75724e+07
3195 2.85882 0.975 0.05 7.33267e+06 3514.5 7.32915e+06 245.917 3.83739 3.66261 2.19036e+08 3501.71 3501.71 554874 0 3.75855e+07
3196 2.85882 0.975 0.0833333 7.3481e+06 3514.5 7.34459e+06 247.333 3.81187 3.68813 2.18871e+08 3501.71 3501.71 554874 0 3.76028e+07
3197 2.85882 0.975 0.116667 7.35394e+06 3514.5 7.35043e+06 249.354 3.77722 3.72278 2.18627e+08 3501.71 3501.71 554874 0 3.7611e+07
3198 2.85882 0.975 0.15 7.3336e+06 3514.5 7.33009e+06 252.062 3.73484 3.76516 2.18306e+08 3501.71 3501.71 554874 0 3.75937e+07
3199 2.85882 1.00357 -0.05 3.783e+06 3514.5 3.77948e+06 191.729 6.44474 1.05526 2.34191e+08 3604.32 3604.32 539804 0 3.38534e+07
3200 2.85882 1.00357 -0.0166667 4.0133e+06 3514.5 4.00979e+06 191.5 6.45617 1.04383 2.34295e+08 3604.32 3604.32 539804 0 3.40829e+07
3201 2.85882 1.00357 0.0166667 4.21082e+06 3514.5 4.20731e+06 191.458 6.45086 1.04914 2.34294e+08 3604.32 3604.32 539804 0 3.42807e+07
3202 2.85882 1.00357 0.05 4.38028e+06 3514.5 4.37676e+06 191.625 6.42867 1.07133 2.34187e+08 3604.32 3604.32 539804 0 3.44518e+07
3203 2.85882 1.00357 0.0833333 4.52741e+06 3514.5 4.52389e+06 192 6.38964 1.11036 2.33975e+08 3604.32 3604.32 539804 0 3.46016e+07
3204 2.85882 1.00357 0.116667 4.65888e+06 3514.5 4.65536e+06 192.562 6.33406 1.16594 2.33661e+08 3604.32 3604.32 539804 0 3.4737e+07
3205 2.85882 1.00357 0.15 4.78215e+06 3514.5 4.77864e+06 193.354 6.26207 1.23793 2.33249e+08 3604.32 3604.32 539804 0 3.48653e+07
3206 2.85882 1.03214 -0.05 1.1997e+07 3514.5 1.19935e+07 172.521 8.54748 1.04748 2.48677e+08 3706.94 3706.94 525142 0 4.20669e+07
3207 2.85882 1.03214 -0.0166667 1.2094e+07 3514.5 1.20905e+07 172.333 8.5604 1.0604 2.48806e+08 3706.94 3706.94 525142 0 4.21647e+07
3208 2.85882 1.03214 0.0166667 1.21436e+07 3514.5 1.21401e+07 172.292 8.55723 1.05723 2.48806e+08 3706.94 3706.94 525142 0 4.22141e+07
3209 2.85882 1.03214 0.05 1.21473e+07 3514.5 1.21438e+07 172.375 8.53812 1.03812 2.48677e+08 3706.94 3706.94 525142 0 4.22165e+07
3210 2.85882 1.03214 0.0833333 1.21067e+07 3514.5 1.21032e+07 172.583 8.50311 1.00311 2.4842e+08 3706.94 3706.94 525142 0 4.21734e+07
3211 2.85882 1.03214 0.116667 1.20238e+07 3514.5 1.20203e+07 172.938 8.45217 0.952174 2.48039e+08 3706.94 3706.94 525142 0 4.20869e+07
3212 2.85882 1.03214 0.15 1.1901e+07 3514.5 1.18975e+07 173.438 8.38554 0.885541 2.47538e+08 3706.94 3706.94 525142 0 4.19595e+07
3213 2.85882 1.06071 -0.05 1.88133e+07 3514.5 1.88098e+07 160.604 10.1641 2.66413 2.62901e+08 3809.55 3809.55 510879 0 4.89963e+07
3214 2.85882 1.06071 -0.0166667 1.88712e+07 3514.5 1.88677e+07 160.438 10.1776 2.67758 2.63054e+08 3809.55 3809.55 510879 0 4.90551e+07
3215 2.85882 1.06071 0.0166667 1.8885e+07 3514.5 1.88815e+07 160.396 10.1756 2.67563 2.63054e+08 3809.55 3809.55 510879 0 4.90688e+07
3216 2.85882 1.06071 0.05 1.88555e+07 3514.5 1.8852e+07 160.458 10.1584 2.65845 2.62901e+08 3809.55 3809.55 510879 0 4.90381e+07
3217 2.85882 1.06071 0.0833333 1.87837e+07 3514.5 1.87802e+07 160.625 10.1261 2.62609 2.62596e+08 3809.55 3809.55 510879 0 4.8964e+07
3218 2.85882 1.06071 0.116667 1.86706e+07 3514.5 1.86671e+07 160.917 10.0785 2.5785 2.62144e+08 3809.55 3809.55 510879 0 4.88476e+07
3219 2.85882 1.06071 0.15 1.85176e+07 3514.5 1.85141e+07 161.312 10.0161 2.5161 2.61549e+08 3809.55 3809.55 510879 0 4.86902e+07
3220 2.85882 1.08929 -0.05 2.4257e+07 3514.5 2.42535e+07 151.938 11.473 3.97301 2.77071e+08 3912.16 3912.16 497004 0 5.61441e+07
3221 2.85882 1.08929 -0.0166667 2.42914e+07 3514.5 2.42879e+07 151.792 11.4867 3.98671 2.77249e+08 3912.16 3912.16 497004 0 5.62087e+07
3222 2.85882 1.08929 0.0166667 2.42867e+07 3514.5 2.42831e+07 151.729 11.4858 3.9858 2.77249e+08 3912.16 3912.16 497004 0 5.62163e+07
3223 2.85882 1.08929 0.05 2.42433e+07 3514.5 2.42397e+07 151.792 11.4698 3.96984 2.77071e+08 3912.16 3912.16 497004 0 5.61593e+07
3224 2.85882 1.08929 0.0833333 2.41619e+07 3514.5 2.41584e+07 151.938 11.4393 3.9393 2.76716e+08 3912.16 3912.16 497004 0 5.60467e+07
3225 2.85882 1.08929 0.116667 2.40435e+07 3514.5 2.404e+07 152.188 11.3941 3.89413 2.76189e+08 3912.16 3912.16 497004 0 5.5875e+07
3226 2.85882 1.08929 0.15 2.38888e+07 3514.5 2.38853e+07 152.521 11.3348 3.83476 2.75497e+08 3912.16 3912.16 497004 0 5.56495e+07
3227 2.85882 1.11786 -0.05 2.87073e+07 3514.5 2.87038e+07 145.146 12.5741 5.07408 2.91335e+08 4014.78 4014.78 483505 0 6.20298e+07
3228 2.85882 1.11786 -0.0166667 2.87243e+07 3514.5 2.87208e+07 145 12.5881 5.08812 2.9154e+08 4014.78 4014.78 483505 0 6.2077e+07
3229 2.85882 1.11786 0.0166667 2.87069e+07 3514.5 2.87034e+07 144.938 12.5878 5.08784 2.9154e+08 4014.78 4014.78 483505 0 6.20721e+07
3230 2.85882 1.11786 0.05 2.86557e+07 3514.5 2.86522e+07 145 12.5728 5.0728 2.91335e+08 4014.78 4014.78 483505 0 6.20073e+07
3231 2.85882 1.11786 0.0833333 2.85713e+07 3514.5 2.85677e+07 145.125 12.5437 5.04368 2.90927e+08 4014.78 4014.78 483505 0 6.18958e+07
3232 2.85882 1.11786 0.116667 2.84542e+07 3514.5 2.84507e+07 145.354 12.5002 5.00021 2.90322e+08 4014.78 4014.78 483505 0 6.17298e+07
3233 2.85882 1.11786 0.15 2.83051e+07 3514.5 2.83016e+07 145.667 12.4428 4.94284 2.89527e+08 4014.78 4014.78 483505 0 6.15143e+07
3234 2.85882 1.14643 -0.05 3.24263e+07 3514.5 3.24228e+07 139.562 13.5264 6.02638 3.05806e+08 4117.39 4117.39 470373 0 6.69321e+07
3235 2.85882 1.14643 -0.0166667 3.2429e+07 3514.5 3.24255e+07 139.438 13.5405 6.04051 3.0604e+08 4117.39 4117.39 470373 0 6.69608e+07
3236 2.85882 1.14643 0.0166667 3.24019e+07 3514.5 3.23984e+07 139.375 13.5407 6.04073 3.0604e+08 4117.39 4117.39 470373 0 6.69463e+07
3237 2.85882 1.14643 0.05 3.23456e+07 3514.5 3.23421e+07 139.417 13.5266 6.02661 3.05806e+08 4117.39 4117.39 470373 0 6.68806e+07
3238 2.85882 1.14643 0.0833333 3.22606e+07 3514.5 3.22571e+07 139.542 13.4984 5.99843 3.05342e+08 4117.39 4117.39 470373 0 6.67686e+07
3239 2.85882 1.14643 0.116667 3.21473e+07 3514.5 3.21438e+07 139.75 13.4563 5.95633 3.04654e+08 4117.39 4117.39 470373 0 6.66107e+07
3240 2.85882 1.14643 0.15 3.20063e+07 3514.5 3.20028e+07 140.042 13.4005 5.90054 3.0375e+08 4117.39 4117.39 470373 0 6.64075e+07
3241 2.85882 1.175 -0.05 3.55908e+07 3514.5 3.55873e+07 134.854 14.3669 6.86689 3.20577e+08 4220.01 4220.01 457597 0 7.10971e+07
3242 2.85882 1.175 -0.0166667 3.55812e+07 3514.5 3.55777e+07 134.729 14.3813 6.88127 3.2084e+08 4220.01 4220.01 457597 0 7.11135e+07
3243 2.85882 1.175 0.0166667 3.55462e+07 3514.5 3.55427e+07 134.688 14.3817 6.88171 3.2084e+08 4220.01 4220.01 457597 0 7.10869e+07
3244 2.85882 1.175 0.05 3.54862e+07 3514.5 3.54827e+07 134.729 14.3682 6.86818 3.20577e+08 4220.01 4220.01 457597 0 7.10177e+07
3245 2.85882 1.175 0.0833333 3.54018e+07 3514.5 3.53983e+07 134.833 14.3409 6.84095 3.20053e+08 4220.01 4220.01 457597 0 7.09105e+07
3246 2.85882 1.175 0.116667 3.52933e+07 3514.5 3.52898e+07 135.042 14.2998 6.79976 3.19276e+08 4220.01 4220.01 457597 0 7.07574e+07
3247 2.85882 1.175 0.15 3.51611e+07 3514.5 3.51576e+07 135.312 14.2453 6.74525 3.18256e+08 4220.01 4220.01 457597 0 7.05673e+07
3248 2.88549 0.975 -0.05 4.90124e+06 3514.5 4.89773e+06 228.25 4.19472 3.30528 2.19037e+08 3501.71 3501.71 554874 0 3.51291e+07
3249 2.88549 0.975 -0.0166667 4.93776e+06 3514.5 4.93425e+06 227.958 4.20307 3.29693 2.1912e+08 3501.71 3501.71 554874 0 3.5165e+07
3250 2.88549 0.975 0.0166667 5.01042e+06 3514.5 5.0069e+06 228.083 4.19598 3.30402 2.1912e+08 3501.71 3501.71 554874 0 3.52382e+07
3251 2.88549 0.975 0.05 5.11201e+06 3514.5 5.10849e+06 228.667 4.17357 3.32643 2.19037e+08 3501.71 3501.71 554874 0 3.53413e+07
3252 2.88549 0.975 0.0833333 5.235e+06 3514.5 5.23148e+06 229.688 4.13616 3.36384 2.18873e+08 3501.71 3501.71 554874 0 3.5467e+07
3253 2.88549 0.975 0.116667 5.37125e+06 3514.5 5.36773e+06 231.167 4.08448 3.41552 2.18629e+08 3501.71 3501.71 554874 0 3.56068e+07
3254 2.88549 0.975 0.15 5.51148e+06 3514.5 5.50797e+06 233.167 4.01972 3.48028 2.18307e+08 3501.71 3501.71 554874 0 3.57516e+07
3255 2.88549 1.00357 -0.05 8.95179e+06 3514.5 8.94827e+06 187.417 7.08318 0.416821 2.34179e+08 3604.32 3604.32 539804 0 3.89774e+07
3256 2.88549 1.00357 -0.0166667 9.09673e+06 3514.5 9.09322e+06 187.229 7.0956 0.404404 2.34285e+08 3604.32 3604.32 539804 0 3.91215e+07
3257 2.88549 1.00357 0.0166667 9.18697e+06 3514.5 9.18345e+06 187.188 7.09117 0.408826 2.34285e+08 3604.32 3604.32 539804 0 3.92121e+07
3258 2.88549 1.00357 0.05 9.22427e+06 3514.5 9.22075e+06 187.333 7.0695 0.430501 2.34179e+08 3604.32 3604.32 539804 0 3.92509e+07
3259 2.88549 1.00357 0.0833333 9.21099e+06 3514.5 9.20747e+06 187.646 7.03081 0.469189 2.33968e+08 3604.32 3604.32 539804 0 3.92403e+07
3260 2.88549 1.00357 0.116667 9.15011e+06 3514.5 9.1466e+06 188.125 6.97527 0.524731 2.33656e+08 3604.32 3604.32 539804 0 3.91833e+07
3261 2.88549 1.00357 0.15 9.04531e+06 3514.5 9.0418e+06 188.792 6.90295 0.597046 2.33245e+08 3604.32 3604.32 539804 0 3.90836e+07
3262 2.88549 1.03214 -0.05 1.76801e+07 3514.5 1.76766e+07 170.083 9.18656 1.68656 2.48674e+08 3706.94 3706.94 525142 0 4.77947e+07
3263 2.88549 1.03214 -0.0166667 1.77695e+07 3514.5 1.7766e+07 169.896 9.20003 1.70003 2.48803e+08 3706.94 3706.94 525142 0 4.7885e+07
3264 2.88549 1.03214 0.0166667 1.78048e+07 3514.5 1.78013e+07 169.854 9.19734 1.69734 2.48803e+08 3706.94 3706.94 525142 0 4.79201e+07
3265 2.88549 1.03214 0.05 1.77868e+07 3514.5 1.77832e+07 169.938 9.17867 1.67867 2.48674e+08 3706.94 3706.94 525142 0 4.79007e+07
3266 2.88549 1.03214 0.0833333 1.77164e+07 3514.5 1.77129e+07 170.146 9.14408 1.64408 2.48417e+08 3706.94 3706.94 525142 0 4.7828e+07
3267 2.88549 1.03214 0.116667 1.75951e+07 3514.5 1.75916e+07 170.479 9.09372 1.59372 2.48036e+08 3706.94 3706.94 525142 0 4.77032e+07
3268 2.88549 1.03214 0.15 1.74244e+07 3514.5 1.74208e+07 170.938 9.0278 1.5278 2.47535e+08 3706.94 3706.94 525142 0 4.75278e+07
3269 2.88549 1.06071 -0.05 2.45187e+07 3514.5 2.45152e+07 158.792 10.7936 3.29361 2.62899e+08 3809.55 3809.55 510879 0 5.49874e+07
3270 2.88549 1.06071 -0.0166667 2.45799e+07 3514.5 2.45764e+07 158.625 10.8074 3.30737 2.63052e+08 3809.55 3809.55 510879 0 5.50829e+07
3271 2.88549 1.06071 0.0166667 2.45925e+07 3514.5 2.4589e+07 158.583 10.8057 3.30573 2.63052e+08 3809.55 3809.55 510879 0 5.51037e+07
3272 2.88549 1.06071 0.05 2.45569e+07 3514.5 2.45534e+07 158.646 10.7889 3.2889 2.62899e+08 3809.55 3809.55 510879 0 5.50545e+07
3273 2.88549 1.06071 0.0833333 2.4474e+07 3514.5 2.44704e+07 158.812 10.7569 3.25693 2.62594e+08 3809.55 3809.55 510879 0 5.49359e+07
3274 2.88549 1.06071 0.116667 2.43445e+07 3514.5 2.4341e+07 159.083 10.71 3.20997 2.62142e+08 3809.55 3809.55 510879 0 5.4749e+07
3275 2.88549 1.06071 0.15 2.41695e+07 3514.5 2.4166e+07 159.479 10.648 3.148 2.61547e+08 3809.55 3809.55 510879 0 5.44905e+07
3276 2.88549 1.08929 -0.05 2.99514e+07 3514.5 2.99479e+07 150.438 12.0939 4.59392 2.7707e+08 3912.16 3912.16 497004 0 6.21819e+07
3277 2.88549 1.08929 -0.0166667 2.99929e+07 3514.5 2.99894e+07 150.292 12.1078 4.6078 2.77248e+08 3912.16 3912.16 497004 0 6.22536e+07
3278 2.88549 1.08929 0.0166667 2.99914e+07 3514.5 2.99878e+07 150.25 12.1069 4.60691 2.77248e+08 3912.16 3912.16 497004 0 6.22603e+07
3279 2.88549 1.08929 0.05 2.99471e+07 3514.5 2.99436e+07 150.292 12.0915 4.59145 2.7707e+08 3912.16 3912.16 497004 0 6.22067e+07
3280 2.88549 1.08929 0.0833333 2.98608e+07 3514.5 2.98573e+07 150.438 12.0613 4.56125 2.76715e+08 3912.16 3912.16 497004 0 6.20891e+07
3281 2.88549 1.08929 0.116667 2.97331e+07 3514.5 2.97296e+07 150.688 12.0164 4.51645 2.76188e+08 3912.16 3912.16 497004 0 6.19082e+07
3282 2.88549 1.08929 0.15 2.95647e+07 3514.5 2.95612e+07 151.021 11.9575 4.45752 2.75496e+08 3912.16 3912.16 497004 0 6.16691e+07
3283 2.88549 1.11786 -0.05 3.43857e+07 3514.5 3.43822e+07 143.812 13.1882 5.68821 2.91334e+08 4014.78 4014.78 483505 0 6.80179e+07
3284 2.88549 1.11786 -0.0166667 3.44117e+07 3514.5 3.44082e+07 143.688 13.2022 5.70215 2.91539e+08 4014.78 4014.78 483505 0 6.80698e+07
3285 2.88549 1.11786 0.0166667 3.43997e+07 3514.5 3.43962e+07 143.646 13.2018 5.70184 2.91539e+08 4014.78 4014.78 483505 0 6.80661e+07
3286 2.88549 1.11786 0.05 3.43502e+07 3514.5 3.43466e+07 143.688 13.1872 5.68723 2.91334e+08 4014.78 4014.78 483505 0 6.80073e+07
3287 2.88549 1.11786 0.0833333 3.42636e+07 3514.5 3.42601e+07 143.812 13.1584 5.65841 2.90926e+08 4014.78 4014.78 483505 0 6.78937e+07
3288 2.88549 1.11786 0.116667 3.41406e+07 3514.5 3.4137e+07 144.042 13.1153 5.61528 2.90321e+08 4014.78 4014.78 483505 0 6.77218e+07
3289 2.88549 1.11786 0.15 3.39816e+07 3514.5 3.39781e+07 144.354 13.0583 5.55829 2.89526e+08 4014.78 4014.78 483505 0 6.74964e+07
3290 2.88549 1.14643 -0.05 3.80888e+07 3514.5 3.80853e+07 138.375 14.1345 6.63454 3.05805e+08 4117.39 4117.39 470373 0 7.28747e+07
3291 2.88549 1.14643 -0.0166667 3.81017e+07 3514.5 3.80982e+07 138.25 14.1488 6.64875 3.06039e+08 4117.39 4117.39 470373 0 7.29136e+07
3292 2.88549 1.14643 0.0166667 3.80814e+07 3514.5 3.80778e+07 138.208 14.1489 6.6489 3.06039e+08 4117.39 4117.39 470373 0 7.29016e+07
3293 2.88549 1.14643 0.05 3.80282e+07 3514.5 3.80247e+07 138.25 14.135 6.63498 3.05805e+08 4117.39 4117.39 470373 0 7.28392e+07
3294 2.88549 1.14643 0.0833333 3.79427e+07 3514.5 3.79392e+07 138.375 14.107 6.60704 3.05341e+08 4117.39 4117.39 470373 0 7.27267e+07
3295 2.88549 1.14643 0.116667 3.78253e+07 3514.5 3.78218e+07 138.583 14.0652 6.56524 3.04653e+08 4117.39 4117.39 470373 0 7.25647e+07
3296 2.88549 1.14643 0.15 3.76764e+07 3514.5 3.76729e+07 138.854 14.01 6.51004 3.03749e+08 4117.39 4117.39 470373 0 7.23578e+07
3297 2.88549 1.175 -0.05 4.12388e+07 3514.5 4.12353e+07 133.771 14.9701 7.4701 3.20576e+08 4220.01 4220.01 457597 0 7.7004e+07
3298 2.88549 1.175 -0.0166667 4.12403e+07 3514.5 4.12368e+07 133.646 14.9845 7.48455 3.2084e+08 4220.01 4220.01 457597 0 7.70315e+07
3299 2.88549 1.175 0.0166667 4.12129e+07 3514.5 4.12094e+07 133.604 14.9851 7.48509 3.2084e+08 4220.01 4220.01 457597 0 7.70125e+07
3300 2.88549 1.175 0.05 4.11571e+07 3514.5 4.11536e+07 133.646 14.9717 7.47172 3.20576e+08 4220.01 4220.01 457597 0 7.69474e+07
3301 2.88549 1.175 0.0833333 4.10732e+07 3514.5 4.10697e+07 133.75 14.9447 7.44472 3.20052e+08 4220.01 4220.01 457597 0 7.68408e+07
3302 2.88549 1.175 0.116667 4.09617e+07 3514.5 4.09582e+07 133.958 14.9038 7.40378 3.19275e+08 4220.01 4220.01 457597 0 7.66848e+07
3303 2.88549 1.175 0.15 4.08229e+07 3514.5 4.08194e+07 134.208 14.8498 7.34984 3.18255e+08 4220.01 4220.01 457597 0 7.64922e+07
3304 2.91216 0.975 -0.05 4.86563e+06 3514.5 4.86211e+06 216.854 4.74253 2.75747 2.19044e+08 3501.71 3501.71 554874 0 3.50551e+07
3305 2.91216 0.975 -0.0166667 4.99099e+06 3514.5 4.98747e+06 216.625 4.75355 2.74645 2.19127e+08 3501.71 3501.71 554874 0 3.51797e+07
3306 2.91216 0.975 0.0166667 5.09948e+06 3514.5 5.09596e+06 216.688 4.74644 2.75356 2.19126e+08 3501.71 3501.71 554874 0 3.52887e+07
3307 2.91216 0.975 0.05 5.1888e+06 3514.5 5.18529e+06 217.083 4.72096 2.77904 2.19043e+08 3501.71 3501.71 554874 0 3.53798e+07
3308 2.91216 0.975 0.0833333 5.25898e+06 3514.5 5.25547e+06 217.792 4.6774 2.8226 2.18879e+08 3501.71 3501.71 554874 0 3.5453e+07
3309 2.91216 0.975 0.116667 5.31174e+06 3514.5 5.30822e+06 218.833 4.61607 2.88393 2.18634e+08 3501.71 3501.71 554874 0 3.55101e+07
3310 2.91216 0.975 0.15 5.34993e+06 3514.5 5.34641e+06 220.229 4.53751 2.96249 2.18312e+08 3501.71 3501.71 554874 0 3.55538e+07
3311 2.91216 1.00357 -0.05 1.44827e+07 3514.5 1.44792e+07 183.958 7.73951 0.239507 2.34175e+08 3604.32 3604.32 539804 0 4.4496e+07
3312 2.91216 1.00357 -0.0166667 1.46029e+07 3514.5 1.45993e+07 183.771 7.75275 0.252751 2.34281e+08 3604.32 3604.32 539804 0 4.4617e+07
3313 2.91216 1.00357 0.0166667 1.46606e+07 3514.5 1.46571e+07 183.75 7.74875 0.248748 2.34281e+08 3604.32 3604.32 539804 0 4.46745e+07
3314 2.91216 1.00357 0.05 1.46568e+07 3514.5 1.46533e+07 183.875 7.72772 0.227718 2.34175e+08 3604.32 3604.32 539804 0 4.46692e+07
3315 2.91216 1.00357 0.0833333 1.45927e+07 3514.5 1.45892e+07 184.146 7.68972 0.189718 2.33965e+08 3604.32 3604.32 539804 0 4.46025e+07
3316 2.91216 1.00357 0.116667 1.44699e+07 3514.5 1.44664e+07 184.583 7.63463 0.13463 2.33652e+08 3604.32 3604.32 539804 0 4.44758e+07
3317 2.91216 1.00357 0.15 1.42905e+07 3514.5 1.4287e+07 185.167 7.56295 0.0629525 2.33242e+08 3604.32 3604.32 539804 0 4.42914e+07
3318 2.91216 1.03214 -0.05 2.33851e+07 3514.5 2.33816e+07 167.896 9.83142 2.33142 2.48672e+08 3706.94 3706.94 525142 0 5.35448e+07
3319 2.91216 1.03214 -0.0166667 2.34709e+07 3514.5 2.34674e+07 167.729 9.84506 2.34506 2.48801e+08 3706.94 3706.94 525142 0 5.36316e+07
3320 2.91216 1.03214 0.0166667 2.34991e+07 3514.5 2.34956e+07 167.688 9.84277 2.34277 2.48801e+08 3706.94 3706.94 525142 0 5.36596e+07
3321 2.91216 1.03214 0.05 2.34701e+07 3514.5 2.34666e+07 167.75 9.82479 2.32479 2.48672e+08 3706.94 3706.94 525142 0 5.36294e+07
3322 2.91216 1.03214 0.0833333 2.33848e+07 3514.5 2.33813e+07 167.958 9.7906 2.2906 2.48416e+08 3706.94 3706.94 525142 0 5.35416e+07
3323 2.91216 1.03214 0.116667 2.3244e+07 3514.5 2.32405e+07 168.271 9.74093 2.24093 2.48034e+08 3706.94 3706.94 525142 0 5.33973e+07
3324 2.91216 1.03214 0.15 2.3049e+07 3514.5 2.30455e+07 168.708 9.6757 2.1757 2.47533e+08 3706.94 3706.94 525142 0 5.31978e+07
3325 2.91216 1.06071 -0.05 3.02285e+07 3514.5 3.0225e+07 157.083 11.4268 3.92677 2.62898e+08 3809.55 3809.55 510879 0 6.10832e+07
3326 2.91216 1.06071 -0.0166667 3.0292e+07 3514.5 3.02884e+07 156.938 11.4405 3.94052 2.63051e+08 3809.55 3809.55 510879 0 6.11768e+07
3327 2.91216 1.06071 0.0166667 3.03039e+07 3514.5 3.03004e+07 156.896 11.4391 3.93915 2.63051e+08 3809.55 3809.55 510879 0 6.1197e+07
3328 2.91216 1.06071 0.05 3.02648e+07 3514.5 3.02613e+07 156.958 11.4226 3.92263 2.62898e+08 3809.55 3809.55 510879 0 6.11442e+07
3329 2.91216 1.06071 0.0833333 3.01753e+07 3514.5 3.01718e+07 157.125 11.391 3.89104 2.62593e+08 3809.55 3809.55 510879 0 6.10191e+07
3330 2.91216 1.06071 0.116667 3.0036e+07 3514.5 3.00325e+07 157.396 11.3445 3.8445 2.62141e+08 3809.55 3809.55 510879 0 6.08224e+07
3331 2.91216 1.06071 0.15 2.98478e+07 3514.5 2.98443e+07 157.75 11.2835 3.78353 2.61546e+08 3809.55 3809.55 510879 0 6.05592e+07
3332 2.91216 1.08929 -0.05 3.56457e+07 3514.5 3.56422e+07 149 12.7176 5.21756 2.77069e+08 3912.16 3912.16 497004 0 6.82074e+07
3333 2.91216 1.08929 -0.0166667 3.56921e+07 3514.5 3.56886e+07 148.854 12.7316 5.23161 2.77247e+08 3912.16 3912.16 497004 0 6.8284e+07
3334 2.91216 1.08929 0.0166667 3.56928e+07 3514.5 3.56893e+07 148.812 12.7309 5.23091 2.77247e+08 3912.16 3912.16 497004 0 6.82929e+07
3335 2.91216 1.08929 0.05 3.56482e+07 3514.5 3.56446e+07 148.854 12.7157 5.21573 2.77069e+08 3912.16 3912.16 497004 0 6.82389e+07
3336 2.91216 1.08929 0.0833333 3.55587e+07 3514.5 3.55552e+07 149 12.6859 5.18585 2.76714e+08 3912.16 3912.16 497004 0 6.81182e+07
3337 2.91216 1.08929 0.116667 3.5425e+07 3514.5 3.54215e+07 149.25 12.6414 5.14141 2.76187e+08 3912.16 3912.16 497004 0 6.79314e+07
3338 2.91216 1.08929 0.15 3.52478e+07 3514.5 3.52443e+07 149.562 12.5832 5.0832 2.75495e+08 3912.16 3912.16 497004 0 6.76876e+07
3339 2.91216 1.11786 -0.05 4.00619e+07 3514.5 4.00583e+07 142.542 13.8044 6.3044 2.91333e+08 4014.78 4014.78 483505 0 7.39913e+07
3340 2.91216 1.11786 -0.0166667 4.00943e+07 3514.5 4.00907e+07 142.417 13.8184 6.31844 2.91539e+08 4014.78 4014.78 483505 0 7.40497e+07
3341 2.91216 1.11786 0.0166667 4.00862e+07 3514.5 4.00827e+07 142.375 13.8183 6.31827 2.91539e+08 4014.78 4014.78 483505 0 7.405e+07
3342 2.91216 1.11786 0.05 4.0038e+07 3514.5 4.00345e+07 142.417 13.8039 6.30389 2.91333e+08 4014.78 4014.78 483505 0 7.39924e+07
3343 2.91216 1.11786 0.0833333 3.99501e+07 3514.5 3.99466e+07 142.542 13.7754 6.27536 2.90926e+08 4014.78 4014.78 483505 0 7.38776e+07
3344 2.91216 1.11786 0.116667 3.98231e+07 3514.5 3.98196e+07 142.771 13.7325 6.23255 2.90321e+08 4014.78 4014.78 483505 0 7.37017e+07
3345 2.91216 1.11786 0.15 3.96575e+07 3514.5 3.9654e+07 143.062 13.6762 6.17623 2.89525e+08 4014.78 4014.78 483505 0 7.34738e+07
3346 2.91216 1.14643 -0.05 4.37478e+07 3514.5 4.37443e+07 137.208 14.7448 7.2448 3.05805e+08 4117.39 4117.39 470373 0 7.88098e+07
3347 2.91216 1.14643 -0.0166667 4.37682e+07 3514.5 4.37647e+07 137.083 14.7591 7.25908 3.06038e+08 4117.39 4117.39 470373 0 7.88562e+07
3348 2.91216 1.14643 0.0166667 4.37529e+07 3514.5 4.37494e+07 137.062 14.7591 7.2591 3.06038e+08 4117.39 4117.39 470373 0 7.8845e+07
3349 2.91216 1.14643 0.05 4.37022e+07 3514.5 4.36987e+07 137.083 14.7456 7.24561 3.05805e+08 4117.39 4117.39 470373 0 7.87892e+07
3350 2.91216 1.14643 0.0833333 4.36165e+07 3514.5 4.3613e+07 137.208 14.7179 7.21791 3.05341e+08 4117.39 4117.39 470373 0 7.86766e+07
3351 2.91216 1.14643 0.116667 4.34963e+07 3514.5 4.34928e+07 137.417 14.6764 7.17641 3.04652e+08 4117.39 4117.39 470373 0 7.85118e+07
3352 2.91216 1.14643 0.15 4.33419e+07 3514.5 4.33384e+07 137.688 14.6216 7.12159 3.03748e+08 4117.39 4117.39 470373 0 7.82994e+07
3353 2.91216 1.175 -0.05 4.68824e+07 3514.5 4.68789e+07 132.688 15.5753 8.07534 3.20575e+08 4220.01 4220.01 457597 0 8.29067e+07
3354 2.91216 1.175 -0.0166667 4.68922e+07 3514.5 4.68887e+07 132.583 15.5896 8.08959 3.20839e+08 4220.01 4220.01 457597 0 8.29383e+07
3355 2.91216 1.175 0.0166667 4.68707e+07 3514.5 4.68671e+07 132.542 15.5902 8.09023 3.20839e+08 4220.01 4220.01 457597 0 8.29251e+07
3356 2.91216 1.175 0.05 4.68181e+07 3514.5 4.68145e+07 132.583 15.577 8.07701 3.20575e+08 4220.01 4220.01 457597 0 8.28633e+07
3357 2.91216 1.175 0.0833333 4.67348e+07 3514.5 4.67313e+07 132.688 15.5502 8.05024 3.20052e+08 4220.01 4220.01 457597 0 8.27573e+07
3358 2.91216 1.175 0.116667 4.66212e+07 3514.5 4.66176e+07 132.875 15.5098 8.00981 3.19275e+08 4220.01 4220.01 457597 0 8.26033e+07
3359 2.91216 1.175 0.15 4.64776e+07 3514.5 4.64741e+07 133.146 15.456 7.95597 3.18254e+08 4220.01 4220.01 457597 0 8.24018e+07
3360 2.93882 0.975 -0.05 8.58762e+06 3514.5 8.58411e+06 209.271 5.39219 2.10781 2.19042e+08 3501.71 3501.71 554874 0 3.87317e+07
3361 2.93882 0.975 -0.0166667 8.71662e+06 3514.5 8.7131e+06 209.062 5.40499 2.09501 2.19124e+08 3501.71 3501.71 554874 0 3.88598e+07
3362 2.93882 0.975 0.0166667 8.79077e+06 3514.5 8.78726e+06 209.104 5.39852 2.10148 2.19124e+08 3501.71 3501.71 554874 0 3.89344e+07
3363 2.93882 0.975 0.05 8.8101e+06 3514.5 8.80658e+06 209.396 5.37276 2.12724 2.19041e+08 3501.71 3501.71 554874 0 3.89555e+07
3364 2.93882 0.975 0.0833333 8.7758e+06 3514.5 8.77228e+06 209.917 5.32806 2.17194 2.18877e+08 3501.71 3501.71 554874 0 3.89243e+07
3365 2.93882 0.975 0.116667 8.69018e+06 3514.5 8.68667e+06 210.708 5.26416 2.23584 2.18633e+08 3501.71 3501.71 554874 0 3.88432e+07
3366 2.93882 0.975 0.15 8.55662e+06 3514.5 8.5531e+06 211.771 5.18148 2.31852 2.18311e+08 3501.71 3501.71 554874 0 3.87154e+07
3367 2.93882 1.00357 -0.05 2.01206e+07 3514.5 2.01171e+07 181.042 8.40542 0.905422 2.34173e+08 3604.32 3604.32 539804 0 5.01804e+07
3368 2.93882 1.00357 -0.0166667 2.02297e+07 3514.5 2.02262e+07 180.875 8.41899 0.918985 2.34279e+08 3604.32 3604.32 539804 0 5.02905e+07
3369 2.93882 1.00357 0.0166667 2.02727e+07 3514.5 2.02692e+07 180.854 8.41548 0.915483 2.34279e+08 3604.32 3604.32 539804 0 5.03333e+07
3370 2.93882 1.00357 0.05 2.02501e+07 3514.5 2.02466e+07 180.958 8.39521 0.895206 2.34173e+08 3604.32 3604.32 539804 0 5.03093e+07
3371 2.93882 1.00357 0.0833333 2.01628e+07 3514.5 2.01593e+07 181.208 8.35789 0.857886 2.33963e+08 3604.32 3604.32 539804 0 5.02193e+07
3372 2.93882 1.00357 0.116667 2.00118e+07 3514.5 2.00083e+07 181.604 8.30366 0.80366 2.3365e+08 3604.32 3604.32 539804 0 5.00645e+07
3373 2.93882 1.00357 0.15 1.97986e+07 3514.5 1.97951e+07 182.167 8.23243 0.732427 2.3324e+08 3604.32 3604.32 539804 0 4.98464e+07
3374 2.93882 1.03214 -0.05 2.91034e+07 3514.5 2.90998e+07 165.896 10.4805 2.98047 2.48671e+08 3706.94 3706.94 525142 0 5.93085e+07
3375 2.93882 1.03214 -0.0166667 2.91872e+07 3514.5 2.91837e+07 165.75 10.4941 2.99412 2.488e+08 3706.94 3706.94 525142 0 5.93933e+07
3376 2.93882 1.03214 0.0166667 2.92112e+07 3514.5 2.92077e+07 165.708 10.4922 2.99217 2.488e+08 3706.94 3706.94 525142 0 5.94172e+07
3377 2.93882 1.03214 0.05 2.91758e+07 3514.5 2.91723e+07 165.771 10.4746 2.9746 2.48671e+08 3706.94 3706.94 525142 0 5.93805e+07
3378 2.93882 1.03214 0.0833333 2.90816e+07 3514.5 2.90781e+07 165.979 10.4408 2.9408 2.48414e+08 3706.94 3706.94 525142 0 5.9284e+07
3379 2.93882 1.03214 0.116667 2.89295e+07 3514.5 2.89259e+07 166.271 10.3919 2.89191 2.48033e+08 3706.94 3706.94 525142 0 5.91284e+07
3380 2.93882 1.03214 0.15 2.87203e+07 3514.5 2.87168e+07 166.688 10.3275 2.82747 2.47532e+08 3706.94 3706.94 525142 0 5.89147e+07
3381 2.93882 1.06071 -0.05 3.59392e+07 3514.5 3.59357e+07 155.479 12.0627 4.56271 2.62897e+08 3809.55 3809.55 510879 0 6.71592e+07
3382 2.93882 1.06071 -0.0166667 3.60042e+07 3514.5 3.60007e+07 155.354 12.0763 4.57633 2.6305e+08 3809.55 3809.55 510879 0 6.72502e+07
3383 2.93882 1.06071 0.0166667 3.60159e+07 3514.5 3.60124e+07 155.312 12.0752 4.5752 2.6305e+08 3809.55 3809.55 510879 0 6.72701e+07
3384 2.93882 1.06071 0.05 3.59746e+07 3514.5 3.59711e+07 155.354 12.0593 4.55931 2.62897e+08 3809.55 3809.55 510879 0 6.72194e+07
3385 2.93882 1.06071 0.0833333 3.58808e+07 3514.5 3.58773e+07 155.521 12.0281 4.52807 2.62593e+08 3809.55 3809.55 510879 0 6.70901e+07
3386 2.93882 1.06071 0.116667 3.57352e+07 3514.5 3.57317e+07 155.792 11.9819 4.48194 2.6214e+08 3809.55 3809.55 510879 0 6.68871e+07
3387 2.93882 1.06071 0.15 3.55386e+07 3514.5 3.55351e+07 156.146 11.9215 4.42147 2.61545e+08 3809.55 3809.55 510879 0 6.66155e+07
3388 2.93882 1.08929 -0.05 4.13368e+07 3514.5 4.13333e+07 147.604 13.3438 5.84377 2.77068e+08 3912.16 3912.16 497004 0 7.42215e+07
3389 2.93882 1.08929 -0.0166667 4.13867e+07 3514.5 4.13832e+07 147.479 13.3576 5.85765 2.77247e+08 3912.16 3912.16 497004 0 7.42974e+07
3390 2.93882 1.08929 0.0166667 4.13891e+07 3514.5 4.13856e+07 147.438 13.3571 5.85714 2.77247e+08 3912.16 3912.16 497004 0 7.43081e+07
3391 2.93882 1.08929 0.05 4.13444e+07 3514.5 4.13409e+07 147.479 13.3422 5.84222 2.77068e+08 3912.16 3912.16 497004 0 7.4254e+07
3392 2.93882 1.08929 0.0833333 4.12529e+07 3514.5 4.12494e+07 147.625 13.3126 5.81265 2.76713e+08 3912.16 3912.16 497004 0 7.41313e+07
3393 2.93882 1.08929 0.116667 4.11153e+07 3514.5 4.11117e+07 147.854 13.2689 5.76887 2.76187e+08 3912.16 3912.16 497004 0 7.39447e+07
3394 2.93882 1.08929 0.15 4.09321e+07 3514.5 4.09286e+07 148.188 13.2108 5.71081 2.75494e+08 3912.16 3912.16 497004 0 7.36908e+07
3395 2.93882 1.11786 -0.05 4.57329e+07 3514.5 4.57293e+07 141.292 14.4229 6.92285 2.91333e+08 4014.78 4014.78 483505 0 7.99556e+07
3396 2.93882 1.11786 -0.0166667 4.57701e+07 3514.5 4.57665e+07 141.167 14.437 6.93697 2.91538e+08 4014.78 4014.78 483505 0 8.00188e+07
3397 2.93882 1.11786 0.0166667 4.5765e+07 3514.5 4.57615e+07 141.125 14.437 6.93695 2.91538e+08 4014.78 4014.78 483505 0 8.00221e+07
3398 2.93882 1.11786 0.05 4.57179e+07 3514.5 4.57144e+07 141.188 14.4225 6.92248 2.91333e+08 4014.78 4014.78 483505 0 7.99615e+07
3399 2.93882 1.11786 0.0833333 4.56293e+07 3514.5 4.56258e+07 141.312 14.3942 6.89423 2.90925e+08 4014.78 4014.78 483505 0 7.98459e+07
3400 2.93882 1.11786 0.116667 4.54995e+07 3514.5 4.5496e+07 141.521 14.352 6.85204 2.9032e+08 4014.78 4014.78 483505 0 7.96715e+07
3401 2.93882 1.11786 0.15 4.53292e+07 3514.5 4.53257e+07 141.812 14.2961 6.79613 2.89525e+08 4014.78 4014.78 483505 0 7.9439e+07
3402 2.93882 1.14643 -0.05 4.94005e+07 3514.5 4.93969e+07 136.062 15.357 7.85698 3.05804e+08 4117.39 4117.39 470373 0 8.47344e+07
3403 2.93882 1.14643 -0.0166667 4.94266e+07 3514.5 4.94231e+07 135.958 15.371 7.87103 3.06038e+08 4117.39 4117.39 470373 0 8.47824e+07
3404 2.93882 1.14643 0.0166667 4.94152e+07 3514.5 4.94116e+07 135.917 15.3714 7.87142 3.06038e+08 4117.39 4117.39 470373 0 8.47793e+07
3405 2.93882 1.14643 0.05 4.93664e+07 3514.5 4.93629e+07 135.958 15.3579 7.85785 3.05804e+08 4117.39 4117.39 470373 0 8.47213e+07
3406 2.93882 1.14643 0.0833333 4.92808e+07 3514.5 4.92773e+07 136.083 15.3304 7.83039 3.0534e+08 4117.39 4117.39 470373 0 8.46087e+07
3407 2.93882 1.14643 0.116667 4.91586e+07 3514.5 4.91551e+07 136.271 15.2895 7.78947 3.04652e+08 4117.39 4117.39 470373 0 8.44462e+07
3408 2.93882 1.14643 0.15 4.90003e+07 3514.5 4.89968e+07 136.542 15.235 7.73503 3.03748e+08 4117.39 4117.39 470373 0 8.42299e+07
3409 2.93882 1.175 -0.05 5.25188e+07 3514.5 5.25153e+07 131.625 16.1822 8.68224 3.20575e+08 4220.01 4220.01 457597 0 8.8798e+07
3410 2.93882 1.175 -0.0166667 5.25351e+07 3514.5 5.25316e+07 131.5 16.1968 8.69678 3.20838e+08 4220.01 4220.01 457597 0 8.88404e+07
3411 2.93882 1.175 0.0166667 5.25181e+07 3514.5 5.25146e+07 131.479 16.1973 8.69725 3.20838e+08 4220.01 4220.01 457597 0 8.88276e+07
3412 2.93882 1.175 0.05 5.24681e+07 3514.5 5.24646e+07 131.521 16.1842 8.68418 3.20575e+08 4220.01 4220.01 457597 0 8.87683e+07
3413 2.93882 1.175 0.0833333 5.23854e+07 3514.5 5.23819e+07 131.625 16.1576 8.65763 3.20051e+08 4220.01 4220.01 457597 0 8.86629e+07
3414 2.93882 1.175 0.116667 5.22703e+07 3514.5 5.22668e+07 131.812 16.1175 8.61749 3.19274e+08 4220.01 4220.01 457597 0 8.85076e+07
3415 2.93882 1.175 0.15 5.21233e+07 3514.5 5.21198e+07 132.083 16.064 8.56397 3.18254e+08 4220.01 4220.01 457597 0 8.83026e+07
3416 2.74549 0.997143 -0.085 1.69079e+07 3514.5 1.69044e+07 252.417 4.5371 2.9629 2.30624e+08 3581.23 3581.23 543159 0 4.71118e+07
3417 2.74549 0.997143 -0.0675 1.69285e+07 3514.5 1.6925e+07 251.833 4.53996 2.96004 2.30743e+08 3581.23 3581.23 543159 0 4.71322e+07
3418 2.74549 0.997143 -0.05 1.69453e+07 3514.5 1.69418e+07 251.396 4.54154 2.95846 2.30836e+08 3581.23 3581.23 543159 0 4.71488e+07
3419 2.74549 0.997143 -0.0325 1.69585e+07 3514.5 1.6955e+07 251.104 4.54186 2.95814 2.30901e+08 3581.23 3581.23 543159 0 4.7162e+07
3420 2.74549 0.997143 -0.015 1.69683e+07 3514.5 1.69647e+07 250.979 4.54126 2.95874 2.30939e+08 3581.23 3581.23 543159 0 4.71719e+07
3421 2.74549 1.00881 -0.085 1.63481e+07 3514.5 1.63446e+07 223.979 4.88517 2.61483 2.36627e+08 3623.13 3623.13 537086 0 4.65276e+07
3422 2.74549 1.00881 -0.0675 1.63346e+07 3514.5 1.63311e+07 223.479 4.88965 2.61035 2.36758e+08 3623.13 3623.13 537086 0 4.65138e+07
3423 2.74549 1.00881 -0.05 1.63292e+07 3514.5 1.63257e+07 223.083 4.89201 2.60799 2.36859e+08 3623.13 3623.13 537086 0 4.65082e+07
3424 2.74549 1.00881 -0.0325 1.63323e+07 3514.5 1.63288e+07 222.812 4.89265 2.60735 2.3693e+08 3623.13 3623.13 537086 0 4.65113e+07
3425 2.74549 1.00881 -0.015 1.63442e+07 3514.5 1.63407e+07 222.646 4.89108 2.60892 2.36972e+08 3623.13 3623.13 537086 0 4.65233e+07
3426 2.74549 1.02048 -0.085 1.42253e+07 3514.5 1.42218e+07 204.25 5.38958 2.11042 2.4254e+08 3665.03 3665.03 531080 0 4.43696e+07
3427 2.74549 1.02048 -0.0675 1.41869e+07 3514.5 1.41834e+07 203.812 5.39811 2.10189 2.42683e+08 3665.03 3665.03 531080 0 4.43305e+07
3428 2.74549 1.02048 -0.05 1.41636e+07 3514.5 1.41601e+07 203.479 5.404 2.096 2.42793e+08 3665.03 3665.03 531080 0 4.43068e+07
3429 2.74549 1.02048 -0.0325 1.41558e+07 3514.5 1.41523e+07 203.229 5.4068 2.0932 2.4287e+08 3665.03 3665.03 531080 0 4.42989e+07
3430 2.74549 1.02048 -0.015 1.4164e+07 3514.5 1.41605e+07 203.083 5.40684 2.09316 2.42915e+08 3665.03 3665.03 531080 0 4.4307e+07
3431 2.74549 1.03214 -0.085 1.16226e+07 3514.5 1.16191e+07 190.917 6.01021 1.48979 2.48389e+08 3706.94 3706.94 525142 0 4.17234e+07
3432 2.74549 1.03214 -0.0675 1.1565e+07 3514.5 1.15615e+07 190.562 6.02243 1.47757 2.48543e+08 3706.94 3706.94 525142 0 4.16649e+07
3433 2.74549 1.03214 -0.05 1.1527e+07 3514.5 1.15235e+07 190.292 6.03125 1.46875 2.48662e+08 3706.94 3706.94 525142 0 4.16263e+07
3434 2.74549 1.03214 -0.0325 1.1509e+07 3514.5 1.15055e+07 190.083 6.03634 1.46366 2.48746e+08 3706.94 3706.94 525142 0 4.16079e+07
3435 2.74549 1.03214 -0.015 1.15114e+07 3514.5 1.15079e+07 189.938 6.03766 1.46234 2.48794e+08 3706.94 3706.94 525142 0 4.16103e+07
3436 2.74549 1.04381 -0.085 9.00793e+06 3514.5 9.00441e+06 181.479 6.65182 0.848182 2.54193e+08 3748.84 3748.84 519271 0 3.90638e+07
3437 2.74549 1.04381 -0.0675 8.93005e+06 3514.5 8.92653e+06 181.188 6.66611 0.833886 2.54358e+08 3748.84 3748.84 519271 0 3.89849e+07
3438 2.74549 1.04381 -0.05 8.87545e+06 3514.5 8.87194e+06 180.958 6.67657 0.823426 2.54486e+08 3748.84 3748.84 519271 0 3.89296e+07
3439 2.74549 1.04381 -0.0325 8.84493e+06 3514.5 8.84141e+06 180.771 6.68298 0.817022 2.54576e+08 3748.84 3748.84 519271 0 3.88986e+07
3440 2.74549 1.04381 -0.015 8.83905e+06 3514.5 8.83553e+06 180.646 6.68546 0.814544 2.54628e+08 3748.84 3748.84 519271 0 3.88926e+07
3441 2.74549 1.05548 -0.085 6.56208e+06 3514.5 6.55856e+06 174.333 7.26955 0.23045 2.59967e+08 3790.74 3790.74 513465 0 3.65747e+07
3442 2.74549 1.05548 -0.0675 6.45384e+06 3514.5 6.45032e+06 174.083 7.28493 0.215075 2.60144e+08 3790.74 3790.74 513465 0 3.64654e+07
3443 2.74549 1.05548 -0.05 6.37346e+06 3514.5 6.36994e+06 173.875 7.29626 0.203738 2.6028e+08 3790.74 3790.74 513465 0 3.63842e+07
3444 2.74549 1.05548 -0.0325 6.32245e+06 3514.5 6.31894e+06 173.708 7.30352 0.196482 2.60377e+08 3790.74 3790.74 513465 0 3.63327e+07
3445 2.74549 1.05548 -0.015 6.30199e+06 3514.5 6.29848e+06 173.604 7.30676 0.193237 2.60433e+08 3790.74 3790.74 513465 0 3.6312e+07
3446 2.74549 1.06714 -0.085 4.39253e+06 3514.5 4.38902e+06 168.583 7.85038 0.350376 2.65723e+08 3832.64 3832.64 507724 0 3.44135e+07
3447 2.74549 1.06714 -0.0675 4.22746e+06 3514.5 4.22394e+06 168.354 7.86634 0.366342 2.6591e+08 3832.64 3832.64 507724 0 3.42496e+07
3448 2.74549 1.06714 -0.05 4.09619e+06 3514.5 4.09268e+06 168.167 7.87826 0.378262 2.66055e+08 3832.64 3832.64 507724 0 3.41192e+07
3449 2.74549 1.06714 -0.0325 4.00278e+06 3514.5 3.99927e+06 168.021 7.88609 0.386095 2.66158e+08 3832.64 3832.64 507724 0 3.40263e+07
3450 2.74549 1.06714 -0.015 3.95063e+06 3514.5 3.94711e+06 167.917 7.88981 0.389807 2.66217e+08 3832.64 3832.64 507724 0 3.39744e+07
3451 2.7564 0.997143 -0.085 1.59286e+07 3514.5 1.59251e+07 245.271 4.5345 2.9655 2.30623e+08 3581.23 3581.23 543159 0 4.61327e+07
3452 2.7564 0.997143 -0.0675 1.59384e+07 3514.5 1.59349e+07 244.688 4.5375 2.9625 2.30743e+08 3581.23 3581.23 543159 0 4.61423e+07
3453 2.7564 0.997143 -0.05 1.59481e+07 3514.5 1.59446e+07 244.25 4.53918 2.96082 2.30836e+08 3581.23 3581.23 543159 0 4.61518e+07
3454 2.7564 0.997143 -0.0325 1.5958e+07 3514.5 1.59545e+07 243.979 4.53991 2.96009 2.30901e+08 3581.23 3581.23 543159 0 4.61617e+07
3455 2.7564 0.997143 -0.015 1.59682e+07 3514.5 1.59647e+07 243.833 4.53892 2.96108 2.30939e+08 3581.23 3581.23 543159 0 4.6172e+07
3456 2.7564 1.00881 -0.085 1.47145e+07 3514.5 1.4711e+07 218.25 4.95399 2.54601 2.36626e+08 3623.13 3623.13 537086 0 4.48892e+07
3457 2.7564 1.00881 -0.0675 1.4693e+07 3514.5 1.46895e+07 217.75 4.95984 2.54016 2.36757e+08 3623.13 3623.13 537086 0 4.48673e+07
3458 2.7564 1.00881 -0.05 1.46824e+07 3514.5 1.46789e+07 217.375 4.96372 2.53628 2.36859e+08 3623.13 3623.13 537086 0 4.48565e+07
3459 2.7564 1.00881 -0.0325 1.46831e+07 3514.5 1.46796e+07 217.125 4.96557 2.53443 2.3693e+08 3623.13 3623.13 537086 0 4.4857e+07
3460 2.7564 1.00881 -0.015 1.46953e+07 3514.5 1.46918e+07 216.958 4.96449 2.53551 2.36971e+08 3623.13 3623.13 537086 0 4.48693e+07
3461 2.7564 1.02048 -0.085 1.22363e+07 3514.5 1.22328e+07 200.229 5.54567 1.95433 2.42539e+08 3665.03 3665.03 531080 0 4.23696e+07
3462 2.7564 1.02048 -0.0675 1.21934e+07 3514.5 1.21898e+07 199.833 5.5563 1.9437 2.42682e+08 3665.03 3665.03 531080 0 4.23259e+07
3463 2.7564 1.02048 -0.05 1.21675e+07 3514.5 1.2164e+07 199.521 5.56367 1.93633 2.42792e+08 3665.03 3665.03 531080 0 4.22996e+07
3464 2.7564 1.02048 -0.0325 1.21593e+07 3514.5 1.21557e+07 199.292 5.5677 1.9323 2.4287e+08 3665.03 3665.03 531080 0 4.2291e+07
3465 2.7564 1.02048 -0.015 1.21688e+07 3514.5 1.21653e+07 199.146 5.56835 1.93165 2.42914e+08 3665.03 3665.03 531080 0 4.23005e+07
3466 2.7564 1.03214 -0.085 9.46448e+06 3514.5 9.46097e+06 188.167 6.21614 1.28386 2.48388e+08 3706.94 3706.94 525142 0 3.95508e+07
3467 2.7564 1.03214 -0.0675 9.40385e+06 3514.5 9.40033e+06 187.833 6.22956 1.27044 2.48541e+08 3706.94 3706.94 525142 0 3.94893e+07
3468 2.7564 1.03214 -0.05 9.36467e+06 3514.5 9.36115e+06 187.583 6.23938 1.26062 2.4866e+08 3706.94 3706.94 525142 0 3.94494e+07
3469 2.7564 1.03214 -0.0325 9.34752e+06 3514.5 9.34401e+06 187.396 6.24533 1.25467 2.48744e+08 3706.94 3706.94 525142 0 3.94318e+07
3470 2.7564 1.03214 -0.015 9.3528e+06 3514.5 9.34929e+06 187.25 6.24717 1.25283 2.48793e+08 3706.94 3706.94 525142 0 3.9437e+07
3471 2.7564 1.04381 -0.085 6.77472e+06 3514.5 6.7712e+06 179.5 6.88019 0.619812 2.54189e+08 3748.84 3748.84 519271 0 3.68146e+07
3472 2.7564 1.04381 -0.0675 6.69076e+06 3514.5 6.68725e+06 179.229 6.89523 0.604768 2.54355e+08 3748.84 3748.84 519271 0 3.67296e+07
3473 2.7564 1.04381 -0.05 6.63301e+06 3514.5 6.6295e+06 179 6.90621 0.59379 2.54482e+08 3748.84 3748.84 519271 0 3.66711e+07
3474 2.7564 1.04381 -0.0325 6.60254e+06 3514.5 6.59902e+06 178.833 6.9132 0.586802 2.54573e+08 3748.84 3748.84 519271 0 3.66401e+07
3475 2.7564 1.04381 -0.015 6.60007e+06 3514.5 6.59656e+06 178.708 6.91604 0.58396 2.54625e+08 3748.84 3748.84 519271 0 3.66374e+07
3476 2.7564 1.05548 -0.085 4.3251e+06 3514.5 4.32159e+06 172.792 7.50788 0.0078759 2.59958e+08 3790.74 3790.74 513465 0 3.43221e+07
3477 2.7564 1.05548 -0.0675 4.19553e+06 3514.5 4.19201e+06 172.562 7.52375 0.0237474 2.60135e+08 3790.74 3790.74 513465 0 3.41937e+07
3478 2.7564 1.05548 -0.05 4.09946e+06 3514.5 4.09595e+06 172.354 7.53547 0.0354656 2.60271e+08 3790.74 3790.74 513465 0 3.40984e+07
3479 2.7564 1.05548 -0.0325 4.03987e+06 3514.5 4.03635e+06 172.208 7.54312 0.043124 2.60367e+08 3790.74 3790.74 513465 0 3.40394e+07
3480 2.7564 1.05548 -0.015 4.01897e+06 3514.5 4.01546e+06 172.104 7.54662 0.0466218 2.60423e+08 3790.74 3790.74 513465 0 3.40187e+07
3481 2.7564 1.06714 -0.085 2.3576e+06 3514.5 2.35409e+06 167.354 8.09381 0.593811 2.65708e+08 3832.64 3832.64 507724 0 3.23957e+07
3482 2.7564 1.06714 -0.0675 2.11194e+06 3514.5 2.10843e+06 167.125 8.11027 0.610269 2.65889e+08 3832.64 3832.64 507724 0 3.21511e+07
3483 2.7564 1.06714 -0.05 1.90243e+06 3514.5 1.89891e+06 166.958 8.1227 0.622703 2.66026e+08 3832.64 3832.64 507724 0 3.19425e+07
3484 2.7564 1.06714 -0.0325 1.74355e+06 3514.5 1.74004e+06 166.812 8.13098 0.63098 2.6612e+08 3832.64 3832.64 507724 0 3.17842e+07
3485 2.7564 1.06714 -0.015 1.65152e+06 3514.5 1.64801e+06 166.708 8.13504 0.635041 2.66174e+08 3832.64 3832.64 507724 0 3.16925e+07
3486 2.76731 0.997143 -0.085 1.47683e+07 3514.5 1.47648e+07 238.25 4.54827 2.95173 2.30623e+08 3581.23 3581.23 543159 0 4.49714e+07
3487 2.76731 0.997143 -0.0675 1.47679e+07 3514.5 1.47644e+07 237.688 4.55222 2.94778 2.30743e+08 3581.23 3581.23 543159 0 4.49708e+07
3488 2.76731 0.997143 -0.05 1.47711e+07 3514.5 1.47676e+07 237.271 4.55471 2.94529 2.30836e+08 3581.23 3581.23 543159 0 4.49737e+07
3489 2.76731 0.997143 -0.0325 1.4778e+07 3514.5 1.47745e+07 237 4.55571 2.94429 2.30901e+08 3581.23 3581.23 543159 0 4.49806e+07
3490 2.76731 0.997143 -0.015 1.4789e+07 3514.5 1.47855e+07 236.854 4.55482 2.94518 2.30939e+08 3581.23 3581.23 543159 0 4.49916e+07
3491 2.76731 1.00881 -0.085 1.29551e+07 3514.5 1.29516e+07 212.979 5.05767 2.44233 2.36626e+08 3623.13 3623.13 537086 0 4.31225e+07
3492 2.76731 1.00881 -0.0675 1.29273e+07 3514.5 1.29238e+07 212.521 5.06584 2.43416 2.36757e+08 3623.13 3623.13 537086 0 4.30942e+07
3493 2.76731 1.00881 -0.05 1.29129e+07 3514.5 1.29094e+07 212.188 5.07168 2.42832 2.36858e+08 3623.13 3623.13 537086 0 4.30794e+07
3494 2.76731 1.00881 -0.0325 1.29123e+07 3514.5 1.29088e+07 211.938 5.07439 2.42561 2.36929e+08 3623.13 3623.13 537086 0 4.30786e+07
3495 2.76731 1.00881 -0.015 1.29257e+07 3514.5 1.29222e+07 211.792 5.07427 2.42573 2.36971e+08 3623.13 3623.13 537086 0 4.3092e+07
3496 2.76731 1.02048 -0.085 1.01794e+07 3514.5 1.01759e+07 196.688 5.7276 1.7724 2.42538e+08 3665.03 3665.03 531080 0 4.02999e+07
3497 2.76731 1.02048 -0.0675 1.01338e+07 3514.5 1.01303e+07 196.333 5.74 1.76 2.42681e+08 3665.03 3665.03 531080 0 4.02535e+07
3498 2.76731 1.02048 -0.05 1.01074e+07 3514.5 1.01038e+07 196.042 5.74866 1.75134 2.42791e+08 3665.03 3665.03 531080 0 4.02264e+07
3499 2.76731 1.02048 -0.0325 1.01004e+07 3514.5 1.00969e+07 195.833 5.75375 1.74625 2.42868e+08 3665.03 3665.03 531080 0 4.02191e+07
3500 2.76731 1.02048 -0.015 1.01132e+07 3514.5 1.01097e+07 195.708 5.75522 1.74478 2.42913e+08 3665.03 3665.03 531080 0 4.02318e+07
3501 2.76731 1.03214 -0.085 7.27129e+06 3514.5 7.26778e+06 185.75 6.4358 1.0642 2.48385e+08 3706.94 3706.94 525142 0 3.73423e+07
3502 2.76731 1.03214 -0.0675 7.20875e+06 3514.5 7.20523e+06 185.438 6.45021 1.04979 2.48538e+08 3706.94 3706.94 525142 0 3.72787e+07
3503 2.76731 1.03214 -0.05 7.17017e+06 3514.5 7.16666e+06 185.208 6.46084 1.03916 2.48657e+08 3706.94 3706.94 525142 0 3.72394e+07
3504 2.76731 1.03214 -0.0325 7.15626e+06 3514.5 7.15274e+06 185.021 6.46733 1.03267 2.48741e+08 3706.94 3706.94 525142 0 3.7225e+07
3505 2.76731 1.03214 -0.015 7.16741e+06 3514.5 7.1639e+06 184.896 6.46979 1.03021 2.4879e+08 3706.94 3706.94 525142 0 3.7236e+07
3506 2.76731 1.04381 -0.085 4.52759e+06 3514.5 4.52407e+06 177.708 7.11582 0.38418 2.54182e+08 3748.84 3748.84 519271 0 3.4551e+07
3507 2.76731 1.04381 -0.0675 4.43426e+06 3514.5 4.43075e+06 177.458 7.13147 0.368531 2.54347e+08 3748.84 3748.84 519271 0 3.44565e+07
3508 2.76731 1.04381 -0.05 4.37246e+06 3514.5 4.36895e+06 177.25 7.143 0.357004 2.54475e+08 3748.84 3748.84 519271 0 3.43939e+07
3509 2.76731 1.04381 -0.0325 4.34396e+06 3514.5 4.34044e+06 177.083 7.15036 0.34964 2.54565e+08 3748.84 3748.84 519271 0 3.43649e+07
3510 2.76731 1.04381 -0.015 4.34984e+06 3514.5 4.34633e+06 176.979 7.1536 0.346398 2.54617e+08 3748.84 3748.84 519271 0 3.43706e+07
3511 2.76731 1.05548 -0.085 2.16846e+06 3514.5 2.16494e+06 171.396 7.75119 0.25119 2.59937e+08 3790.74 3790.74 513465 0 3.21825e+07
3512 2.76731 1.05548 -0.0675 1.97993e+06 3514.5 1.97642e+06 171.167 7.76758 0.267582 2.60107e+08 3790.74 3790.74 513465 0 3.19952e+07
3513 2.76731 1.05548 -0.05 1.83618e+06 3514.5 1.83266e+06 170.979 7.77984 0.279839 2.60238e+08 3790.74 3790.74 513465 0 3.18523e+07
3514 2.76731 1.05548 -0.0325 1.74933e+06 3514.5 1.74582e+06 170.854 7.78791 0.287907 2.6033e+08 3790.74 3790.74 513465 0 3.1766e+07
3515 2.76731 1.05548 -0.015 1.72919e+06 3514.5 1.72567e+06 170.75 7.79166 0.291657 2.60386e+08 3790.74 3790.74 513465 0 3.17461e+07
3516 2.76731 1.06714 -0.085 1.5584e+06 3514.5 1.55489e+06 166.208 8.33986 0.83986 2.65771e+08 3832.64 3832.64 507724 0 3.16137e+07
3517 2.76731 1.06714 -0.0675 1.29092e+06 3514.5 1.28741e+06 166 8.35699 0.856992 2.65976e+08 3832.64 3832.64 507724 0 3.13474e+07
3518 2.76731 1.06714 -0.05 1.04219e+06 3514.5 1.03867e+06 165.812 8.3703 0.870296 2.66151e+08 3832.64 3832.64 507724 0 3.10996e+07
3519 2.76731 1.06714 -0.0325 831649 3514.5 828134 165.688 8.37976 0.879761 2.66302e+08 3832.64 3832.64 507724 0 3.08897e+07
3520 2.76731 1.06714 -0.015 698158 3514.5 694644 165.604 8.385 0.885001 2.6642e+08 3832.64 3832.64 507724 0 3.07566e+07
3521 2.77822 0.997143 -0.085 1.34321e+07 3514.5 1.34286e+07 231.521 4.58744 2.91256 2.30623e+08 3581.23 3581.23 543159 0 4.36325e+07
3522 2.77822 0.997143 -0.0675 1.34226e+07 3514.5 1.34191e+07 230.979 4.59277 2.90723 2.30743e+08 3581.23 3581.23 543159 0 4.36226e+07
3523 2.77822 0.997143 -0.05 1.342e+07 3514.5 1.34165e+07 230.583 4.5964 2.9036 2.30835e+08 3581.23 3581.23 543159 0 4.36198e+07
3524 2.77822 0.997143 -0.0325 1.34248e+07 3514.5 1.34213e+07 230.312 4.59791 2.90209 2.30901e+08 3581.23 3581.23 543159 0 4.36244e+07
3525 2.77822 0.997143 -0.015 1.34369e+07 3514.5 1.34334e+07 230.167 4.59727 2.90273 2.30938e+08 3581.23 3581.23 543159 0 4.36366e+07
3526 2.77822 1.00881 -0.085 1.10882e+07 3514.5 1.10847e+07 208.292 5.19659 2.30341 2.36625e+08 3623.13 3623.13 537086 0 4.12459e+07
3527 2.77822 1.00881 -0.0675 1.10562e+07 3514.5 1.10527e+07 207.875 5.20692 2.29308 2.36756e+08 3623.13 3623.13 537086 0 4.12132e+07
3528 2.77822 1.00881 -0.05 1.10401e+07 3514.5 1.10365e+07 207.542 5.21393 2.28607 2.36857e+08 3623.13 3623.13 537086 0 4.11966e+07
3529 2.77822 1.00881 -0.0325 1.104e+07 3514.5 1.10364e+07 207.312 5.21785 2.28215 2.36929e+08 3623.13 3623.13 537086 0 4.11962e+07
3530 2.77822 1.00881 -0.015 1.10561e+07 3514.5 1.10526e+07 207.167 5.21833 2.28167 2.3697e+08 3623.13 3623.13 537086 0 4.12123e+07
3531 2.77822 1.02048 -0.085 8.06897e+06 3514.5 8.06546e+06 193.625 5.93064 1.56936 2.42536e+08 3665.03 3665.03 531080 0 3.81753e+07
3532 2.77822 1.02048 -0.0675 8.02325e+06 3514.5 8.01973e+06 193.292 5.94429 1.55571 2.42679e+08 3665.03 3665.03 531080 0 3.81286e+07
3533 2.77822 1.02048 -0.05 7.99881e+06 3514.5 7.99529e+06 193.021 5.95403 1.54597 2.42789e+08 3665.03 3665.03 531080 0 3.81035e+07
3534 2.77822 1.02048 -0.0325 7.99607e+06 3514.5 7.99256e+06 192.833 5.95999 1.54001 2.42866e+08 3665.03 3665.03 531080 0 3.81004e+07
3535 2.77822 1.02048 -0.015 8.01527e+06 3514.5 8.01175e+06 192.708 5.96195 1.53805 2.42911e+08 3665.03 3665.03 531080 0 3.81194e+07
3536 2.77822 1.03214 -0.085 5.05007e+06 3514.5 5.04655e+06 183.604 6.66592 0.83408 2.48379e+08 3706.94 3706.94 525142 0 3.51049e+07
3537 2.77822 1.03214 -0.0675 4.98729e+06 3514.5 4.98378e+06 183.333 6.68124 0.818763 2.48533e+08 3706.94 3706.94 525142 0 3.50411e+07
3538 2.77822 1.03214 -0.05 4.95265e+06 3514.5 4.94914e+06 183.104 6.6924 0.807597 2.48652e+08 3706.94 3706.94 525142 0 3.50057e+07
3539 2.77822 1.03214 -0.0325 4.94702e+06 3514.5 4.94351e+06 182.938 6.69947 0.800532 2.48736e+08 3706.94 3706.94 525142 0 3.49995e+07
3540 2.77822 1.03214 -0.015 4.9708e+06 3514.5 4.96729e+06 182.812 6.7023 0.797696 2.48784e+08 3706.94 3706.94 525142 0 3.50231e+07
3541 2.77822 1.04381 -0.085 2.28479e+06 3514.5 2.28128e+06 176.104 7.35784 0.14216 2.5416e+08 3748.84 3748.84 519271 0 3.22912e+07
3542 2.77822 1.04381 -0.0675 2.16793e+06 3514.5 2.16442e+06 175.854 7.37401 0.125993 2.54322e+08 3748.84 3748.84 519271 0 3.21732e+07
3543 2.77822 1.04381 -0.05 2.09725e+06 3514.5 2.09374e+06 175.667 7.38601 0.113989 2.54449e+08 3748.84 3748.84 519271 0 3.21017e+07
3544 2.77822 1.04381 -0.0325 2.07813e+06 3514.5 2.07462e+06 175.521 7.39376 0.106242 2.54539e+08 3748.84 3748.84 519271 0 3.20821e+07
3545 2.77822 1.04381 -0.015 2.1127e+06 3514.5 2.10919e+06 175.417 7.39721 0.102789 2.54594e+08 3748.84 3748.84 519271 0 3.21164e+07
3546 2.77822 1.05548 -0.085 1.0924e+06 3514.5 1.08889e+06 170.125 7.99888 0.498882 2.60018e+08 3790.74 3790.74 513465 0 3.11238e+07
3547 2.77822 1.05548 -0.0675 864113 3514.5 860598 169.896 8.01661 0.516606 2.60229e+08 3790.74 3790.74 513465 0 3.08968e+07
3548 2.77822 1.05548 -0.05 676430 3514.5 672915 169.729 8.03061 0.530607 2.60427e+08 3790.74 3790.74 513465 0 3.07101e+07
3549 2.77822 1.05548 -0.0325 573454 3514.5 569939 169.583 8.04014 0.540138 2.60595e+08 3790.74 3790.74 513465 0 3.06077e+07
3550 2.77822 1.05548 -0.015 603305 3514.5 599790 169.5 8.04359 0.543586 2.60646e+08 3790.74 3790.74 513465 0 3.06378e+07
3551 2.77822 1.06714 -0.085 3.16028e+06 3514.5 3.15677e+06 165.125 8.58528 1.08528 2.65783e+08 3832.64 3832.64 507724 0 3.32327e+07
3552 2.77822 1.06714 -0.0675 3.09349e+06 3514.5 3.08998e+06 164.938 8.60194 1.10194 2.65975e+08 3832.64 3832.64 507724 0 3.31671e+07
3553 2.77822 1.06714 -0.05 3.04256e+06 3514.5 3.03905e+06 164.771 8.6145 1.1145 2.66124e+08 3832.64 3832.64 507724 0 3.31171e+07
3554 2.77822 1.06714 -0.0325 3.00889e+06 3514.5 3.00537e+06 164.646 8.62291 1.12291 2.66229e+08 3832.64 3832.64 507724 0 3.3084e+07
3555 2.77822 1.06714 -0.015 2.99368e+06 3514.5 2.99016e+06 164.542 8.62716 1.12716 2.66289e+08 3832.64 3832.64 507724 0 3.30691e+07
3556 2.78913 0.997143 -0.085 1.19318e+07 3514.5 1.19283e+07 225.208 4.65898 2.84102 2.30622e+08 3581.23 3581.23 543159 0 4.21271e+07
3557 2.78913 0.997143 -0.0675 1.19148e+07 3514.5 1.19113e+07 224.688 4.66603 2.83397 2.30742e+08 3581.23 3581.23 543159 0 4.21097e+07
3558 2.78913 0.997143 -0.05 1.1908e+07 3514.5 1.19045e+07 224.312 4.67104 2.82896 2.30835e+08 3581.23 3581.23 543159 0 4.21025e+07
3559 2.78913 0.997143 -0.0325 1.19117e+07 3514.5 1.19082e+07 224.062 4.67361 2.82639 2.309e+08 3581.23 3581.23 543159 0 4.2106e+07
3560 2.78913 0.997143 -0.015 1.19259e+07 3514.5 1.19224e+07 223.917 4.67337 2.82663 2.30938e+08 3581.23 3581.23 543159 0 4.21202e+07
3561 2.78913 1.00881 -0.085 9.13479e+06 3514.5 9.13128e+06 204.167 5.36622 2.13378 2.36624e+08 3623.13 3623.13 537086 0 3.92806e+07
3562 2.78913 1.00881 -0.0675 9.10162e+06 3514.5 9.09811e+06 203.771 5.37819 2.12181 2.36755e+08 3623.13 3623.13 537086 0 3.92466e+07
3563 2.78913 1.00881 -0.05 9.08643e+06 3514.5 9.08292e+06 203.479 5.38683 2.11317 2.36856e+08 3623.13 3623.13 537086 0 3.92308e+07
3564 2.78913 1.00881 -0.0325 9.08952e+06 3514.5 9.086e+06 203.271 5.39183 2.10817 2.36927e+08 3623.13 3623.13 537086 0 3.92336e+07
3565 2.78913 1.00881 -0.015 9.11099e+06 3514.5 9.10748e+06 203.125 5.3929 2.1071 2.36969e+08 3623.13 3623.13 537086 0 3.9255e+07
3566 2.78913 1.02048 -0.085 5.91869e+06 3514.5 5.91517e+06 190.938 6.1495 1.3505 2.42533e+08 3665.03 3665.03 531080 0 3.60097e+07
3567 2.78913 1.02048 -0.0675 5.8768e+06 3514.5 5.87328e+06 190.625 6.16417 1.33583 2.42675e+08 3665.03 3665.03 531080 0 3.59668e+07
3568 2.78913 1.02048 -0.05 5.85917e+06 3514.5 5.85566e+06 190.375 6.1748 1.3252 2.42785e+08 3665.03 3665.03 531080 0 3.59484e+07
3569 2.78913 1.02048 -0.0325 5.86619e+06 3514.5 5.86268e+06 190.188 6.18134 1.31866 2.42863e+08 3665.03 3665.03 531080 0 3.5955e+07
3570 2.78913 1.02048 -0.015 5.89795e+06 3514.5 5.89444e+06 190.083 6.18386 1.31614 2.42908e+08 3665.03 3665.03 531080 0 3.59866e+07
3571 2.78913 1.03214 -0.085 2.80641e+06 3514.5 2.80289e+06 181.688 6.90445 0.595545 2.48364e+08 3706.94 3706.94 525142 0 3.28446e+07
3572 2.78913 1.03214 -0.0675 2.74779e+06 3514.5 2.74427e+06 181.438 6.92038 0.579617 2.48518e+08 3706.94 3706.94 525142 0 3.27848e+07
3573 2.78913 1.03214 -0.05 2.72754e+06 3514.5 2.72402e+06 181.229 6.93209 0.567914 2.48637e+08 3706.94 3706.94 525142 0 3.27638e+07
3574 2.78913 1.03214 -0.0325 2.7468e+06 3514.5 2.74328e+06 181.062 6.93952 0.560477 2.48722e+08 3706.94 3706.94 525142 0 3.27825e+07
3575 2.78913 1.03214 -0.015 2.80514e+06 3514.5 2.80163e+06 180.958 6.94271 0.557294 2.48772e+08 3706.94 3706.94 525142 0 3.28406e+07
3576 2.78913 1.04381 -0.085 517363 3514.5 513848 174.646 7.61123 0.111229 2.54215e+08 3748.84 3748.84 519271 0 3.05216e+07
3577 2.78913 1.04381 -0.0675 283684 3514.5 280170 174.417 7.63654 0.136543 2.54526e+08 3748.84 3748.84 519271 0 3.02897e+07
3578 2.78913 1.04381 -0.05 189324 3514.5 185809 174.229 7.65856 0.158557 2.5509e+08 3748.84 3748.84 519271 0 3.01969e+07
3579 2.78913 1.04381 -0.0325 367947 3514.5 364432 174.083 7.65218 0.152176 2.54799e+08 3748.84 3748.84 519271 0 3.03751e+07
3580 2.78913 1.04381 -0.015 617946 3514.5 614432 173.979 7.64975 0.149749 2.54731e+08 3748.84 3748.84 519271 0 3.06249e+07
3581 2.78913 1.05548 -0.085 2.87955e+06 3514.5 2.87603e+06 168.938 8.24371 0.743711 2.60022e+08 3790.74 3790.74 513465 0 3.29281e+07
3582 2.78913 1.05548 -0.0675 2.86199e+06 3514.5 2.85848e+06 168.729 8.26039 0.760386 2.60201e+08 3790.74 3790.74 513465 0 3.29117e+07
3583 2.78913 1.05548 -0.05 2.85833e+06 3514.5 2.85482e+06 168.562 8.27289 0.772885 2.60339e+08 3790.74 3790.74 513465 0 3.29089e+07
3584 2.78913 1.05548 -0.0325 2.86899e+06 3514.5 2.86548e+06 168.417 8.28121 0.781212 2.60436e+08 3790.74 3790.74 513465 0 3.29202e+07
3585 2.78913 1.05548 -0.015 2.89432e+06 3514.5 2.8908e+06 168.333 8.28526 0.785263 2.60492e+08 3790.74 3790.74 513465 0 3.29458e+07
3586 2.78913 1.06714 -0.085 5.31995e+06 3514.5 5.31644e+06 164.125 8.83348 1.33348 2.6577e+08 3832.64 3832.64 507724 0 3.54098e+07
3587 2.78913 1.06714 -0.0675 5.31374e+06 3514.5 5.31023e+06 163.938 8.85027 1.35027 2.6596e+08 3832.64 3832.64 507724 0 3.54047e+07
3588 2.78913 1.06714 -0.05 5.31013e+06 3514.5 5.30662e+06 163.771 8.86298 1.36298 2.66107e+08 3832.64 3832.64 507724 0 3.5402e+07
3589 2.78913 1.06714 -0.0325 5.30938e+06 3514.5 5.30587e+06 163.646 8.87151 1.37151 2.6621e+08 3832.64 3832.64 507724 0 3.54019e+07
3590 2.78913 1.06714 -0.015 5.31181e+06 3514.5 5.30829e+06 163.562 8.87584 1.37584 2.6627e+08 3832.64 3832.64 507724 0 3.54046e+07
3591 2.80004 0.997143 -0.085 1.02872e+07 3514.5 1.02837e+07 219.438 4.76703 2.73297 2.30622e+08 3581.23 3581.23 543159 0 4.0475e+07
3592 2.80004 0.997143 -0.0675 1.02653e+07 3514.5 1.02618e+07 218.979 4.77656 2.72344 2.30742e+08 3581.23 3581.23 543159 0 4.04524e+07
3593 2.80004 0.997143 -0.05 1.02565e+07 3514.5 1.0253e+07 218.625 4.78306 2.71694 2.30834e+08 3581.23 3581.23 543159 0 4.04432e+07
3594 2.80004 0.997143 -0.0325 1.0261e+07 3514.5 1.02575e+07 218.375 4.78647 2.71353 2.30899e+08 3581.23 3581.23 543159 0 4.04474e+07
3595 2.80004 0.997143 -0.015 1.02789e+07 3514.5 1.02754e+07 218.25 4.78702 2.71298 2.30937e+08 3581.23 3581.23 543159 0 4.04653e+07
3596 2.80004 1.00881 -0.085 7.11798e+06 3514.5 7.11447e+06 200.562 5.56107 1.93893 2.36622e+08 3623.13 3623.13 537086 0 3.72502e+07
3597 2.80004 1.00881 -0.0675 7.0879e+06 3514.5 7.08438e+06 200.208 5.57466 1.92534 2.36753e+08 3623.13 3623.13 537086 0 3.72192e+07
3598 2.80004 1.00881 -0.05 7.07816e+06 3514.5 7.07465e+06 199.938 5.58443 1.91557 2.36854e+08 3623.13 3623.13 537086 0 3.72087e+07
3599 2.80004 1.00881 -0.0325 7.08898e+06 3514.5 7.08546e+06 199.75 5.59033 1.90967 2.36926e+08 3623.13 3623.13 537086 0 3.72191e+07
3600 2.80004 1.00881 -0.015 7.12033e+06 3514.5 7.11682e+06 199.625 5.59215 1.90785 2.36967e+08 3623.13 3623.13 537086 0 3.72504e+07
3601 2.80004 1.02048 -0.085 3.7455e+06 3514.5 3.74199e+06 188.562 6.38057 1.11943 2.42525e+08 3665.03 3665.03 531080 0 3.38203e+07
3602 2.80004 1.02048 -0.0675 3.71713e+06 3514.5 3.71362e+06 188.271 6.39607 1.10393 2.42668e+08 3665.03 3665.03 531080 0 3.37909e+07
3603 2.80004 1.02048 -0.05 3.71842e+06 3514.5 3.71491e+06 188.042 6.40739 1.09261 2.42778e+08 3665.03 3665.03 531080 0 3.37914e+07
3604 2.80004 1.02048 -0.0325 3.74944e+06 3514.5 3.74592e+06 187.875 6.4145 1.0855 2.42856e+08 3665.03 3665.03 531080 0 3.38219e+07
3605 2.80004 1.02048 -0.015 3.80959e+06 3514.5 3.80608e+06 187.771 6.41735 1.08265 2.42902e+08 3665.03 3665.03 531080 0 3.38819e+07
3606 2.80004 1.03214 -0.085 546060 3514.5 542545 179.979 7.15678 0.343216 2.48222e+08 3706.94 3706.94 525142 0 3.05666e+07
3607 2.80004 1.03214 -0.0675 547236 3514.5 543722 179.729 7.17305 0.326949 2.48409e+08 3706.94 3706.94 525142 0 3.05666e+07
3608 2.80004 1.03214 -0.05 663289 3514.5 659774 179.521 7.18321 0.316792 2.48593e+08 3706.94 3706.94 525142 0 3.06819e+07
3609 2.80004 1.03214 -0.0325 848691 3514.5 845177 179.375 7.18905 0.310955 2.48717e+08 3706.94 3706.94 525142 0 3.08669e+07
3610 2.80004 1.03214 -0.015 1.06862e+06 3514.5 1.0651e+06 179.271 7.1911 0.308899 2.48784e+08 3706.94 3706.94 525142 0 3.10867e+07
3611 2.80004 1.04381 -0.085 2.40772e+06 3514.5 2.4042e+06 173.292 7.85102 0.351024 2.5425e+08 3748.84 3748.84 519271 0 3.24288e+07
3612 2.80004 1.04381 -0.0675 2.4405e+06 3514.5 2.43698e+06 173.083 7.86765 0.367654 2.54416e+08 3748.84 3748.84 519271 0 3.24627e+07
3613 2.80004 1.04381 -0.05 2.48578e+06 3514.5 2.48227e+06 172.896 7.88009 0.380091 2.54544e+08 3748.84 3748.84 519271 0 3.25089e+07
3614 2.80004 1.04381 -0.0325 2.54311e+06 3514.5 2.5396e+06 172.771 7.88823 0.388229 2.54633e+08 3748.84 3748.84 519271 0 3.25668e+07
3615 2.80004 1.04381 -0.015 2.61202e+06 3514.5 2.60851e+06 172.667 7.89212 0.392118 2.54683e+08 3748.84 3748.84 519271 0 3.2636e+07
3616 2.80004 1.05548 -0.085 5.1078e+06 3514.5 5.10429e+06 167.812 8.49299 0.992993 2.60006e+08 3790.74 3790.74 513465 0 3.51738e+07
3617 2.80004 1.05548 -0.0675 5.13259e+06 3514.5 5.12907e+06 167.625 8.5098 1.0098 2.60183e+08 3790.74 3790.74 513465 0 3.51998e+07
3618 2.80004 1.05548 -0.05 5.15733e+06 3514.5 5.15382e+06 167.458 8.52248 1.02248 2.6032e+08 3790.74 3790.74 513465 0 3.52254e+07
3619 2.80004 1.05548 -0.0325 5.18218e+06 3514.5 5.17866e+06 167.333 8.53093 1.03093 2.60417e+08 3790.74 3790.74 513465 0 3.52508e+07
3620 2.80004 1.05548 -0.015 5.20735e+06 3514.5 5.20384e+06 167.25 8.53514 1.03514 2.60473e+08 3790.74 3790.74 513465 0 3.52763e+07
3621 2.80004 1.06714 -0.085 7.5778e+06 3514.5 7.57429e+06 163.167 9.08359 1.58359 2.65763e+08 3832.64 3832.64 507724 0 3.76851e+07
3622 2.80004 1.06714 -0.0675 7.597e+06 3514.5 7.59349e+06 162.979 9.10052 1.60052 2.65953e+08 3832.64 3832.64 507724 0 3.77055e+07
3623 2.80004 1.06714 -0.05 7.61282e+06 3514.5 7.60931e+06 162.833 9.11329 1.61329 2.66099e+08 3832.64 3832.64 507724 0 3.77222e+07
3624 2.80004 1.06714 -0.0325 7.62542e+06 3514.5 7.62191e+06 162.708 9.12196 1.62196 2.66203e+08 3832.64 3832.64 507724 0 3.77354e+07
3625 2.80004 1.06714 -0.015 7.63501e+06 3514.5 7.63149e+06 162.646 9.12632 1.62632 2.66262e+08 3832.64 3832.64 507724 0 3.77453e+07
3626 2.81095 0.997143 -0.085 8.52659e+06 3514.5 8.52307e+06 214.333 4.91196 2.58804 2.30621e+08 3581.23 3581.23 543159 0 3.87042e+07
3627 2.81095 0.997143 -0.0675 8.50342e+06 3514.5 8.4999e+06 213.917 4.92352 2.57648 2.30741e+08 3581.23 3581.23 543159 0 3.86803e+07
3628 2.81095 0.997143 -0.05 8.49599e+06 3514.5 8.49248e+06 213.583 4.93149 2.56851 2.30833e+08 3581.23 3581.23 543159 0 3.86723e+07
3629 2.81095 0.997143 -0.0325 8.50445e+06 3514.5 8.50094e+06 213.375 4.93626 2.56374 2.30899e+08 3581.23 3581.23 543159 0 3.86804e+07
3630 2.81095 0.997143 -0.015 8.52878e+06 3514.5 8.52527e+06 213.25 4.93733 2.56267 2.30936e+08 3581.23 3581.23 543159 0 3.87047e+07
3631 2.81095 1.00881 -0.085 5.06781e+06 3514.5 5.06429e+06 197.458 5.77596 1.72404 2.36618e+08 3623.13 3623.13 537086 0 3.5185e+07
3632 2.81095 1.00881 -0.0675 5.04907e+06 3514.5 5.04556e+06 197.125 5.79069 1.70931 2.36749e+08 3623.13 3623.13 537086 0 3.51652e+07
3633 2.81095 1.00881 -0.05 5.05366e+06 3514.5 5.05015e+06 196.875 5.80139 1.69861 2.36851e+08 3623.13 3623.13 537086 0 3.5169e+07
3634 2.81095 1.00881 -0.0325 5.08151e+06 3514.5 5.07799e+06 196.688 5.80791 1.69209 2.36923e+08 3623.13 3623.13 537086 0 3.51964e+07
3635 2.81095 1.00881 -0.015 5.13224e+06 3514.5 5.12872e+06 196.583 5.81031 1.68969 2.36964e+08 3623.13 3623.13 537086 0 3.5247e+07
3636 2.81095 1.02048 -0.085 1.60888e+06 3514.5 1.60537e+06 186.458 6.62223 0.877773 2.42501e+08 3665.03 3665.03 531080 0 3.16668e+07
3637 2.81095 1.02048 -0.0675 1.64024e+06 3514.5 1.63673e+06 186.188 6.63827 0.861735 2.42649e+08 3665.03 3665.03 531080 0 3.1697e+07
3638 2.81095 1.02048 -0.05 1.71497e+06 3514.5 1.71145e+06 185.979 6.64995 0.850049 2.42765e+08 3665.03 3665.03 531080 0 3.1771e+07
3639 2.81095 1.02048 -0.0325 1.82764e+06 3514.5 1.82412e+06 185.833 6.65727 0.842727 2.42848e+08 3665.03 3665.03 531080 0 3.18831e+07
3640 2.81095 1.02048 -0.015 1.97182e+06 3514.5 1.9683e+06 185.729 6.66022 0.839785 2.42898e+08 3665.03 3665.03 531080 0 3.20271e+07
3641 2.81095 1.03214 -0.085 1.73207e+06 3514.5 1.72855e+06 178.417 7.39727 0.102725 2.48458e+08 3706.94 3706.94 525142 0 3.17357e+07
3642 2.81095 1.03214 -0.0675 1.82916e+06 3514.5 1.82565e+06 178.188 7.41376 0.0862408 2.48609e+08 3706.94 3706.94 525142 0 3.18317e+07
3643 2.81095 1.03214 -0.05 1.93705e+06 3514.5 1.93354e+06 178 7.42597 0.0740264 2.48724e+08 3706.94 3706.94 525142 0 3.19387e+07
3644 2.81095 1.03214 -0.0325 2.05398e+06 3514.5 2.05046e+06 177.854 7.43389 0.0661133 2.48804e+08 3706.94 3706.94 525142 0 3.20551e+07
3645 2.81095 1.03214 -0.015 2.17867e+06 3514.5 2.17515e+06 177.75 7.43747 0.0625273 2.48848e+08 3706.94 3706.94 525142 0 3.21795e+07
3646 2.81095 1.04381 -0.085 4.68381e+06 3514.5 4.6803e+06 172.042 8.10099 0.600994 2.54228e+08 3748.84 3748.84 519271 0 3.47224e+07
3647 2.81095 1.04381 -0.0675 4.73858e+06 3514.5 4.73506e+06 171.833 8.11788 0.617879 2.54393e+08 3748.84 3748.84 519271 0 3.47783e+07
3648 2.81095 1.04381 -0.05 4.79103e+06 3514.5 4.78751e+06 171.667 8.13052 0.63052 2.54521e+08 3748.84 3748.84 519271 0 3.48317e+07
3649 2.81095 1.04381 -0.0325 4.84127e+06 3514.5 4.83775e+06 171.542 8.13888 0.638882 2.54611e+08 3748.84 3748.84 519271 0 3.48825e+07
3650 2.81095 1.04381 -0.015 4.8895e+06 3514.5 4.88598e+06 171.458 8.14294 0.64294 2.54663e+08 3748.84 3748.84 519271 0 3.4931e+07
3651 2.81095 1.05548 -0.085 7.393e+06 3514.5 7.38948e+06 166.771 8.7445 1.2445 2.59998e+08 3790.74 3790.74 513465 0 3.74766e+07
3652 2.81095 1.05548 -0.0675 7.43449e+06 3514.5 7.43098e+06 166.583 8.76147 1.26147 2.60176e+08 3790.74 3790.74 513465 0 3.75193e+07
3653 2.81095 1.05548 -0.05 7.47046e+06 3514.5 7.46694e+06 166.438 8.77422 1.27422 2.60313e+08 3790.74 3790.74 513465 0 3.75561e+07
3654 2.81095 1.05548 -0.0325 7.50102e+06 3514.5 7.4975e+06 166.312 8.78283 1.28283 2.60409e+08 3790.74 3790.74 513465 0 3.75873e+07
3655 2.81095 1.05548 -0.015 7.52637e+06 3514.5 7.52285e+06 166.229 8.78717 1.28717 2.60465e+08 3790.74 3790.74 513465 0 3.7613e+07
3656 2.81095 1.06714 -0.085 9.86863e+06 3514.5 9.86511e+06 162.271 9.33504 1.83504 2.65759e+08 3832.64 3832.64 507724 0 3.99936e+07
3657 2.81095 1.06714 -0.0675 9.90167e+06 3514.5 9.89816e+06 162.083 9.3521 1.8521 2.65949e+08 3832.64 3832.64 507724 0 4.00278e+07
3658 2.81095 1.06714 -0.05 9.92807e+06 3514.5 9.92456e+06 161.938 9.36498 1.86498 2.66095e+08 3832.64 3832.64 507724 0 4.00551e+07
3659 2.81095 1.06714 -0.0325 9.94796e+06 3514.5 9.94445e+06 161.833 9.37366 1.87366 2.66198e+08 3832.64 3832.64 507724 0 4.00756e+07
3660 2.81095 1.06714 -0.015 9.9615e+06 3514.5 9.95799e+06 161.75 9.37822 1.87822 2.66258e+08 3832.64 3832.64 507724 0 4.00895e+07
3661 2.82185 0.997143 -0.085 6.68846e+06 3514.5 6.68495e+06 209.896 5.08937 2.41063 2.30619e+08 3581.23 3581.23 543159 0 3.68537e+07
3662 2.82185 0.997143 -0.0675 6.66983e+06 3514.5 6.66631e+06 209.5 5.10253 2.39747 2.30739e+08 3581.23 3581.23 543159 0 3.68341e+07
3663 2.82185 0.997143 -0.05 6.66941e+06 3514.5 6.66589e+06 209.208 5.11201 2.38799 2.30832e+08 3581.23 3581.23 543159 0 3.68331e+07
3664 2.82185 0.997143 -0.0325 6.68719e+06 3514.5 6.68367e+06 209 5.11757 2.38243 2.30897e+08 3581.23 3581.23 543159 0 3.68504e+07
3665 2.82185 0.997143 -0.015 6.72295e+06 3514.5 6.71943e+06 208.875 5.11917 2.38083 2.30935e+08 3581.23 3581.23 543159 0 3.68861e+07
3666 2.82185 1.00881 -0.085 3.05309e+06 3514.5 3.04958e+06 194.729 6.00594 1.49406 2.36612e+08 3623.13 3623.13 537086 0 3.31542e+07
3667 2.82185 1.00881 -0.0675 3.06865e+06 3514.5 3.06513e+06 194.438 6.02164 1.47836 2.36744e+08 3623.13 3623.13 537086 0 3.31686e+07
3668 2.82185 1.00881 -0.05 3.11179e+06 3514.5 3.10828e+06 194.188 6.033 1.467 2.36846e+08 3623.13 3623.13 537086 0 3.3211e+07
3669 2.82185 1.00881 -0.0325 3.18115e+06 3514.5 3.17763e+06 194.021 6.04009 1.45991 2.36919e+08 3623.13 3623.13 537086 0 3.32798e+07
3670 2.82185 1.00881 -0.015 3.27494e+06 3514.5 3.27143e+06 193.917 6.04282 1.45718 2.36961e+08 3623.13 3623.13 537086 0 3.33734e+07
3671 2.82185 1.02048 -0.085 1.03711e+06 3514.5 1.03359e+06 184.583 6.87037 0.629631 2.42624e+08 3665.03 3665.03 531080 0 3.10777e+07
3672 2.82185 1.02048 -0.0675 1.2309e+06 3514.5 1.22739e+06 184.333 6.88602 0.613982 2.42751e+08 3665.03 3665.03 531080 0 3.12704e+07
3673 2.82185 1.02048 -0.05 1.42345e+06 3514.5 1.41993e+06 184.125 6.89761 0.602393 2.4285e+08 3665.03 3665.03 531080 0 3.14621e+07
3674 2.82185 1.02048 -0.0325 1.6147e+06 3514.5 1.61119e+06 183.979 6.90497 0.595026 2.42919e+08 3665.03 3665.03 531080 0 3.16528e+07
3675 2.82185 1.02048 -0.015 1.80498e+06 3514.5 1.80146e+06 183.896 6.90803 0.591969 2.42957e+08 3665.03 3665.03 531080 0 3.18429e+07
3676 2.82185 1.03214 -0.085 4.02085e+06 3514.5 4.01734e+06 176.979 7.64703 0.147027 2.48423e+08 3706.94 3706.94 525142 0 3.40276e+07
3677 2.82185 1.03214 -0.0675 4.10748e+06 3514.5 4.10396e+06 176.771 7.66391 0.163905 2.48577e+08 3706.94 3706.94 525142 0 3.41154e+07
3678 2.82185 1.03214 -0.05 4.18984e+06 3514.5 4.18633e+06 176.583 7.67655 0.17655 2.48695e+08 3706.94 3706.94 525142 0 3.41987e+07
3679 2.82185 1.03214 -0.0325 4.26809e+06 3514.5 4.26457e+06 176.458 7.68479 0.184789 2.48778e+08 3706.94 3706.94 525142 0 3.42775e+07
3680 2.82185 1.03214 -0.015 4.34244e+06 3514.5 4.33892e+06 176.354 7.68874 0.188737 2.48826e+08 3706.94 3706.94 525142 0 3.43521e+07
3681 2.82185 1.04381 -0.085 6.98482e+06 3514.5 6.98131e+06 170.896 8.3538 0.8538 2.54219e+08 3748.84 3748.84 519271 0 3.70411e+07
3682 2.82185 1.04381 -0.0675 7.04764e+06 3514.5 7.04413e+06 170.688 8.3709 0.870902 2.54385e+08 3748.84 3748.84 519271 0 3.71051e+07
3683 2.82185 1.04381 -0.05 7.10302e+06 3514.5 7.09951e+06 170.521 8.38374 0.883739 2.54513e+08 3748.84 3748.84 519271 0 3.71614e+07
3684 2.82185 1.04381 -0.0325 7.1511e+06 3514.5 7.14759e+06 170.396 8.39228 0.892277 2.54603e+08 3748.84 3748.84 519271 0 3.721e+07
3685 2.82185 1.04381 -0.015 7.19208e+06 3514.5 7.18856e+06 170.312 8.39649 0.89649 2.54655e+08 3748.84 3748.84 519271 0 3.72513e+07
3686 2.82185 1.05548 -0.085 9.69773e+06 3514.5 9.69421e+06 165.792 8.99761 1.49761 2.59994e+08 3790.74 3790.74 513465 0 3.9799e+07
3687 2.82185 1.05548 -0.0675 9.74824e+06 3514.5 9.74472e+06 165.604 9.01473 1.51473 2.60171e+08 3790.74 3790.74 513465 0 3.98508e+07
3688 2.82185 1.05548 -0.05 9.79031e+06 3514.5 9.78679e+06 165.458 9.02761 1.52761 2.60309e+08 3790.74 3790.74 513465 0 3.98937e+07
3689 2.82185 1.05548 -0.0325 9.82407e+06 3514.5 9.82055e+06 165.333 9.03636 1.53636 2.60405e+08 3790.74 3790.74 513465 0 3.99281e+07
3690 2.82185 1.05548 -0.015 9.84966e+06 3514.5 9.84615e+06 165.271 9.0407 1.5407 2.60461e+08 3790.74 3790.74 513465 0 3.9954e+07
3691 2.82185 1.06714 -0.085 1.2175e+07 3514.5 1.21715e+07 161.417 9.58763 2.08763 2.65757e+08 3832.64 3832.64 507724 0 4.23177e+07
3692 2.82185 1.06714 -0.0675 1.22168e+07 3514.5 1.22133e+07 161.229 9.6048 2.1048 2.65946e+08 3832.64 3832.64 507724 0 4.23606e+07
3693 2.82185 1.06714 -0.05 1.22499e+07 3514.5 1.22464e+07 161.083 9.61779 2.11779 2.66092e+08 3832.64 3832.64 507724 0 4.23946e+07
3694 2.82185 1.06714 -0.0325 1.22744e+07 3514.5 1.22709e+07 160.979 9.62657 2.12657 2.66196e+08 3832.64 3832.64 507724 0 4.24198e+07
3695 2.82185 1.06714 -0.015 1.22905e+07 3514.5 1.2287e+07 160.896 9.63123 2.13123 2.66255e+08 3832.64 3832.64 507724 0 4.24362e+07
3696 2.83276 0.997143 -0.085 4.83596e+06 3514.5 4.83245e+06 206.062 5.29306 2.20694 2.30617e+08 3581.23 3581.23 543159 0 3.49869e+07
3697 2.83276 0.997143 -0.0675 4.83296e+06 3514.5 4.82945e+06 205.708 5.30772 2.19228 2.30737e+08 3581.23 3581.23 543159 0 3.49829e+07
3698 2.83276 0.997143 -0.05 4.85052e+06 3514.5 4.84701e+06 205.438 5.31827 2.18173 2.3083e+08 3581.23 3581.23 543159 0 3.49997e+07
3699 2.83276 0.997143 -0.0325 4.88819e+06 3514.5 4.88468e+06 205.25 5.32467 2.17533 2.30896e+08 3581.23 3581.23 543159 0 3.5037e+07
3700 2.83276 0.997143 -0.015 4.9453e+06 3514.5 4.94179e+06 205.125 5.32678 2.17322 2.30934e+08 3581.23 3581.23 543159 0 3.50939e+07
3701 2.83276 1.00881 -0.085 1.48537e+06 3514.5 1.48185e+06 192.333 6.24832 1.25168 2.36623e+08 3623.13 3623.13 537086 0 3.15695e+07
3702 2.83276 1.00881 -0.0675 1.61928e+06 3514.5 1.61577e+06 192.062 6.26432 1.23568 2.36759e+08 3623.13 3623.13 537086 0 3.17023e+07
3703 2.83276 1.00881 -0.05 1.77104e+06 3514.5 1.76752e+06 191.854 6.27597 1.22403 2.36863e+08 3623.13 3623.13 537086 0 3.18532e+07
3704 2.83276 1.00881 -0.0325 1.93573e+06 3514.5 1.93221e+06 191.688 6.28323 1.21677 2.36936e+08 3623.13 3623.13 537086 0 3.20174e+07
3705 2.83276 1.00881 -0.015 2.10996e+06 3514.5 2.10644e+06 191.583 6.28608 1.21392 2.36978e+08 3623.13 3623.13 537086 0 3.21914e+07
3706 2.83276 1.02048 -0.085 3.12551e+06 3514.5 3.12199e+06 182.896 7.1175 0.382501 2.42577e+08 3665.03 3665.03 531080 0 3.31488e+07
3707 2.83276 1.02048 -0.0675 3.2504e+06 3514.5 3.24688e+06 182.646 7.13444 0.365564 2.42718e+08 3665.03 3665.03 531080 0 3.32725e+07
3708 2.83276 1.02048 -0.05 3.36924e+06 3514.5 3.36572e+06 182.458 7.14695 0.353046 2.42827e+08 3665.03 3665.03 531080 0 3.33904e+07
3709 2.83276 1.02048 -0.0325 3.4823e+06 3514.5 3.47878e+06 182.312 7.15508 0.344921 2.42903e+08 3665.03 3665.03 531080 0 3.35029e+07
3710 2.83276 1.02048 -0.015 3.58997e+06 3514.5 3.58646e+06 182.229 7.15871 0.341288 2.42947e+08 3665.03 3665.03 531080 0 3.36104e+07
3711 2.83276 1.03214 -0.085 6.31992e+06 3514.5 6.31641e+06 175.667 7.90096 0.40096 2.48413e+08 3706.94 3706.94 525142 0 3.63445e+07
3712 2.83276 1.03214 -0.0675 6.40426e+06 3514.5 6.40075e+06 175.458 7.9181 0.4181 2.48567e+08 3706.94 3706.94 525142 0 3.643e+07
3713 2.83276 1.03214 -0.05 6.4795e+06 3514.5 6.47599e+06 175.292 7.93091 0.430912 2.48686e+08 3706.94 3706.94 525142 0 3.65062e+07
3714 2.83276 1.03214 -0.0325 6.54582e+06 3514.5 6.54231e+06 175.167 7.93936 0.439361 2.48769e+08 3706.94 3706.94 525142 0 3.65731e+07
3715 2.83276 1.03214 -0.015 6.60346e+06 3514.5 6.59994e+06 175.062 7.94353 0.443527 2.48817e+08 3706.94 3706.94 525142 0 3.6631e+07
3716 2.83276 1.04381 -0.085 9.29631e+06 3514.5 9.29279e+06 169.812 8.6086 1.1086 2.54215e+08 3748.84 3748.84 519271 0 3.93704e+07
3717 2.83276 1.04381 -0.0675 9.3635e+06 3514.5 9.35998e+06 169.604 8.6259 1.1259 2.5438e+08 3748.84 3748.84 519271 0 3.94388e+07
3718 2.83276 1.04381 -0.05 9.42062e+06 3514.5 9.41711e+06 169.458 8.63878 1.13878 2.54508e+08 3748.84 3748.84 519271 0 3.94968e+07
3719 2.83276 1.04381 -0.0325 9.46781e+06 3514.5 9.4643e+06 169.333 8.64748 1.14748 2.54599e+08 3748.84 3748.84 519271 0 3.95446e+07
3720 2.83276 1.04381 -0.015 9.50523e+06 3514.5 9.50171e+06 169.25 8.65183 1.15183 2.5465e+08 3748.84 3748.84 519271 0 3.95823e+07
3721 2.83276 1.05548 -0.085 1.20125e+07 3514.5 1.2009e+07 164.854 9.25209 1.75209 2.59992e+08 3790.74 3790.74 513465 0 4.21316e+07
3722 2.83276 1.05548 -0.0675 1.20687e+07 3514.5 1.20652e+07 164.688 9.2692 1.7692 2.60169e+08 3790.74 3790.74 513465 0 4.2189e+07
3723 2.83276 1.05548 -0.05 1.21147e+07 3514.5 1.21111e+07 164.542 9.2822 1.7822 2.60306e+08 3790.74 3790.74 513465 0 4.22359e+07
3724 2.83276 1.05548 -0.0325 1.21505e+07 3514.5 1.2147e+07 164.417 9.29107 1.79107 2.60403e+08 3790.74 3790.74 513465 0 4.22724e+07
3725 2.83276 1.05548 -0.015 1.21764e+07 3514.5 1.21728e+07 164.354 9.2955 1.7955 2.60458e+08 3790.74 3790.74 513465 0 4.22985e+07
3726 2.83276 1.06714 -0.085 1.44904e+07 3514.5 1.44868e+07 160.583 9.8413 2.3413 2.65755e+08 3832.64 3832.64 507724 0 4.46507e+07
3727 2.83276 1.06714 -0.0675 1.45381e+07 3514.5 1.45346e+07 160.417 9.85844 2.35844 2.65944e+08 3832.64 3832.64 507724 0 4.46997e+07
3728 2.83276 1.06714 -0.05 1.45759e+07 3514.5 1.45723e+07 160.271 9.87153 2.37153 2.66091e+08 3832.64 3832.64 507724 0 4.47384e+07
3729 2.83276 1.06714 -0.0325 1.46036e+07 3514.5 1.46001e+07 160.167 9.88038 2.38038 2.66194e+08 3832.64 3832.64 507724 0 4.47667e+07
3730 2.83276 1.06714 -0.015 1.46215e+07 3514.5 1.4618e+07 160.104 9.88499 2.38499 2.66253e+08 3832.64 3832.64 507724 0 4.47849e+07
3731 2.84367 0.997143 -0.085 3.13216e+06 3514.5 3.12865e+06 202.75 5.5171 1.9829 2.30617e+08 3581.23 3581.23 543159 0 3.32674e+07
3732 2.84367 0.997143 -0.0675 3.17171e+06 3514.5 3.1682e+06 202.417 5.53282 1.96718 2.30737e+08 3581.23 3581.23 543159 0 3.33059e+07
3733 2.84367 0.997143 -0.05 3.23247e+06 3514.5 3.22895e+06 202.167 5.54422 1.95578 2.30831e+08 3581.23 3581.23 543159 0 3.33659e+07
3734 2.84367 0.997143 -0.0325 3.31268e+06 3514.5 3.30916e+06 202 5.55124 1.94876 2.30897e+08 3581.23 3581.23 543159 0 3.34456e+07
3735 2.84367 0.997143 -0.015 3.41055e+06 3514.5 3.40704e+06 201.896 5.55382 1.94618 2.30935e+08 3581.23 3581.23 543159 0 3.35433e+07
3736 2.84367 1.00881 -0.085 2.19189e+06 3514.5 2.18837e+06 190.229 6.4949 1.0051 2.36665e+08 3623.13 3623.13 537086 0 3.22587e+07
3737 2.84367 1.00881 -0.0675 2.35972e+06 3514.5 2.35621e+06 189.958 6.51162 0.988379 2.36793e+08 3623.13 3623.13 537086 0 3.24254e+07
3738 2.84367 1.00881 -0.05 2.52036e+06 3514.5 2.51685e+06 189.75 6.52391 0.97609 2.36892e+08 3623.13 3623.13 537086 0 3.25852e+07
3739 2.84367 1.00881 -0.0325 2.67439e+06 3514.5 2.67088e+06 189.604 6.53171 0.968289 2.36961e+08 3623.13 3623.13 537086 0 3.27387e+07
3740 2.84367 1.00881 -0.015 2.82249e+06 3514.5 2.81898e+06 189.521 6.53499 0.965013 2.37e+08 3623.13 3623.13 537086 0 3.28865e+07
3741 2.84367 1.02048 -0.085 5.37464e+06 3514.5 5.37112e+06 181.354 7.37177 0.128226 2.42563e+08 3665.03 3665.03 531080 0 3.53801e+07
3742 2.84367 1.02048 -0.0675 5.48216e+06 3514.5 5.47865e+06 181.125 7.38903 0.110971 2.42705e+08 3665.03 3665.03 531080 0 3.54864e+07
3743 2.84367 1.02048 -0.05 5.57924e+06 3514.5 5.57572e+06 180.938 7.40189 0.0981102 2.42815e+08 3665.03 3665.03 531080 0 3.55826e+07
3744 2.84367 1.02048 -0.0325 5.66612e+06 3514.5 5.66261e+06 180.812 7.41022 0.089781 2.42893e+08 3665.03 3665.03 531080 0 3.56689e+07
3745 2.84367 1.02048 -0.015 5.74313e+06 3514.5 5.73962e+06 180.708 7.4142 0.0858043 2.42937e+08 3665.03 3665.03 531080 0 3.57456e+07
3746 2.84367 1.03214 -0.085 8.62735e+06 3514.5 8.62384e+06 174.438 8.15747 0.657471 2.48408e+08 3706.94 3706.94 525142 0 3.86699e+07
3747 2.84367 1.03214 -0.0675 8.71102e+06 3514.5 8.70751e+06 174.25 8.17471 0.674705 2.48562e+08 3706.94 3706.94 525142 0 3.87547e+07
3748 2.84367 1.03214 -0.05 8.78318e+06 3514.5 8.77966e+06 174.083 8.18772 0.687718 2.48681e+08 3706.94 3706.94 525142 0 3.88278e+07
3749 2.84367 1.03214 -0.0325 8.84396e+06 3514.5 8.84045e+06 173.958 8.19635 0.696348 2.48765e+08 3706.94 3706.94 525142 0 3.88892e+07
3750 2.84367 1.03214 -0.015 8.89356e+06 3514.5 8.89005e+06 173.875 8.20057 0.700569 2.48813e+08 3706.94 3706.94 525142 0 3.89391e+07
3751 2.84367 1.04381 -0.085 1.16145e+07 3514.5 1.1611e+07 168.771 8.8651 1.3651 2.54212e+08 3748.84 3748.84 519271 0 4.17066e+07
3752 2.84367 1.04381 -0.0675 1.16846e+07 3514.5 1.1681e+07 168.583 8.88242 1.38242 2.54378e+08 3748.84 3748.84 519271 0 4.17778e+07
3753 2.84367 1.04381 -0.05 1.17429e+07 3514.5 1.17394e+07 168.438 8.89544 1.39544 2.54506e+08 3748.84 3748.84 519271 0 4.18371e+07
3754 2.84367 1.04381 -0.0325 1.17897e+07 3514.5 1.17862e+07 168.333 8.90412 1.40412 2.54596e+08 3748.84 3748.84 519271 0 4.18845e+07
3755 2.84367 1.04381 -0.015 1.1825e+07 3514.5 1.18215e+07 168.25 8.9086 1.4086 2.54648e+08 3748.84 3748.84 519271 0 4.19201e+07
3756 2.84367 1.05548 -0.085 1.43335e+07 3514.5 1.433e+07 163.979 9.50755 2.00755 2.5999e+08 3790.74 3790.74 513465 0 4.44705e+07
3757 2.84367 1.05548 -0.0675 1.43936e+07 3514.5 1.43901e+07 163.792 9.52492 2.02492 2.60167e+08 3790.74 3790.74 513465 0 4.45319e+07
3758 2.84367 1.05548 -0.05 1.44424e+07 3514.5 1.44388e+07 163.646 9.53803 2.03803 2.60304e+08 3790.74 3790.74 513465 0 4.45815e+07
3759 2.84367 1.05548 -0.0325 1.44797e+07 3514.5 1.44762e+07 163.542 9.54685 2.04685 2.60401e+08 3790.74 3790.74 513465 0 4.46195e+07
3760 2.84367 1.05548 -0.015 1.45058e+07 3514.5 1.45023e+07 163.479 9.55136 2.05136 2.60456e+08 3790.74 3790.74 513465 0 4.46459e+07
3761 2.84367 1.06714 -0.085 1.68114e+07 3514.5 1.68078e+07 159.792 10.0958 2.59579 2.65754e+08 3832.64 3832.64 507724 0 4.70312e+07
3762 2.84367 1.06714 -0.0675 1.68636e+07 3514.5 1.686e+07 159.625 10.113 2.61301 2.65943e+08 3832.64 3832.64 507724 0 4.71179e+07
3763 2.84367 1.06714 -0.05 1.69047e+07 3514.5 1.69012e+07 159.5 10.126 2.62601 2.66089e+08 3832.64 3832.64 507724 0 4.7185e+07
3764 2.84367 1.06714 -0.0325 1.69348e+07 3514.5 1.69313e+07 159.396 10.1349 2.63494 2.66192e+08 3832.64 3832.64 507724 0 4.72366e+07
3765 2.84367 1.06714 -0.015 1.69541e+07 3514.5 1.69505e+07 159.312 10.1398 2.63979 2.66252e+08 3832.64 3832.64 507724 0 4.72728e+07
3766 2.85458 0.997143 -0.085 2.21035e+06 3514.5 2.20683e+06 199.875 5.75601 1.74399 2.30634e+08 3581.23 3581.23 543159 0 3.23289e+07
3767 2.85458 0.997143 -0.0675 2.33616e+06 3514.5 2.33265e+06 199.583 5.77243 1.72757 2.30755e+08 3581.23 3581.23 543159 0 3.24536e+07
3768 2.85458 0.997143 -0.05 2.46963e+06 3514.5 2.46611e+06 199.354 5.78438 1.71562 2.30847e+08 3581.23 3581.23 543159 0 3.25862e+07
3769 2.85458 0.997143 -0.0325 2.6086e+06 3514.5 2.60508e+06 199.188 5.79182 1.70818 2.30912e+08 3581.23 3581.23 543159 0 3.27247e+07
3770 2.85458 0.997143 -0.015 2.75156e+06 3514.5 2.74805e+06 199.083 5.79471 1.70529 2.3095e+08 3581.23 3581.23 543159 0 3.28674e+07
3771 2.85458 1.00881 -0.085 4.18002e+06 3514.5 4.17651e+06 188.333 6.74762 0.752382 2.36651e+08 3623.13 3623.13 537086 0 3.42292e+07
3772 2.85458 1.00881 -0.0675 4.31343e+06 3514.5 4.30991e+06 188.083 6.76491 0.73509 2.36781e+08 3623.13 3623.13 537086 0 3.43614e+07
3773 2.85458 1.00881 -0.05 4.4357e+06 3514.5 4.43218e+06 187.896 6.77765 0.722352 2.36882e+08 3623.13 3623.13 537086 0 3.44827e+07
3774 2.85458 1.00881 -0.0325 4.54723e+06 3514.5 4.54371e+06 187.75 6.78589 0.714111 2.36953e+08 3623.13 3623.13 537086 0 3.45937e+07
3775 2.85458 1.00881 -0.015 4.64848e+06 3514.5 4.64496e+06 187.667 6.78951 0.710494 2.36993e+08 3623.13 3623.13 537086 0 3.46947e+07
3776 2.85458 1.02048 -0.085 7.65467e+06 3514.5 7.65116e+06 179.938 7.62958 0.129581 2.42558e+08 3665.03 3665.03 531080 0 3.76602e+07
3777 2.85458 1.02048 -0.0675 7.75523e+06 3514.5 7.75172e+06 179.708 7.64714 0.147139 2.427e+08 3665.03 3665.03 531080 0 3.7762e+07
3778 2.85458 1.02048 -0.05 7.84306e+06 3514.5 7.83955e+06 179.542 7.66014 0.160141 2.4281e+08 3665.03 3665.03 531080 0 3.78508e+07
3779 2.85458 1.02048 -0.0325 7.91834e+06 3514.5 7.91482e+06 179.417 7.66869 0.168686 2.42887e+08 3665.03 3665.03 531080 0 3.79266e+07
3780 2.85458 1.02048 -0.015 7.98128e+06 3514.5 7.97777e+06 179.333 7.67275 0.172749 2.42932e+08 3665.03 3665.03 531080 0 3.79899e+07
3781 2.85458 1.03214 -0.085 1.09417e+07 3514.5 1.09382e+07 173.292 8.4159 0.915899 2.48405e+08 3706.94 3706.94 525142 0 4.10023e+07
3782 2.85458 1.03214 -0.0675 1.10252e+07 3514.5 1.10217e+07 173.104 8.4333 0.933303 2.48559e+08 3706.94 3706.94 525142 0 4.10871e+07
3783 2.85458 1.03214 -0.05 1.10958e+07 3514.5 1.10923e+07 172.938 8.4465 0.946496 2.48678e+08 3706.94 3706.94 525142 0 4.11585e+07
3784 2.85458 1.03214 -0.0325 1.11535e+07 3514.5 1.115e+07 172.833 8.45513 0.955127 2.48762e+08 3706.94 3706.94 525142 0 4.12168e+07
3785 2.85458 1.03214 -0.015 1.11985e+07 3514.5 1.1195e+07 172.75 8.45949 0.959493 2.4881e+08 3706.94 3706.94 525142 0 4.12621e+07
3786 2.85458 1.04381 -0.085 1.39378e+07 3514.5 1.39343e+07 167.812 9.12269 1.62269 2.54211e+08 3748.84 3748.84 519271 0 4.40479e+07
3787 2.85458 1.04381 -0.0675 1.40098e+07 3514.5 1.40063e+07 167.625 9.14015 1.64015 2.54376e+08 3748.84 3748.84 519271 0 4.41211e+07
3788 2.85458 1.04381 -0.05 1.40691e+07 3514.5 1.40656e+07 167.479 9.15328 1.65328 2.54504e+08 3748.84 3748.84 519271 0 4.41813e+07
3789 2.85458 1.04381 -0.0325 1.41157e+07 3514.5 1.41122e+07 167.375 9.16207 1.66207 2.54594e+08 3748.84 3748.84 519271 0 4.42285e+07
3790 2.85458 1.04381 -0.015 1.41497e+07 3514.5 1.41462e+07 167.292 9.16667 1.66667 2.54646e+08 3748.84 3748.84 519271 0 4.42629e+07
3791 2.85458 1.05548 -0.085 1.66589e+07 3514.5 1.66554e+07 163.125 9.7641 2.2641 2.59989e+08 3790.74 3790.74 513465 0 4.68138e+07
3792 2.85458 1.05548 -0.0675 1.67219e+07 3514.5 1.67184e+07 162.958 9.78139 2.28139 2.60166e+08 3790.74 3790.74 513465 0 4.68781e+07
3793 2.85458 1.05548 -0.05 1.67727e+07 3514.5 1.67692e+07 162.812 9.7946 2.2946 2.60303e+08 3790.74 3790.74 513465 0 4.69298e+07
3794 2.85458 1.05548 -0.0325 1.68112e+07 3514.5 1.68076e+07 162.708 9.80351 2.30351 2.60399e+08 3790.74 3790.74 513465 0 4.69689e+07
3795 2.85458 1.05548 -0.015 1.68375e+07 3514.5 1.6834e+07 162.625 9.80828 2.30828 2.60455e+08 3790.74 3790.74 513465 0 4.69955e+07
3796 2.85458 1.06714 -0.085 1.91362e+07 3514.5 1.91327e+07 159.021 10.3511 2.85111 2.65753e+08 3832.64 3832.64 507724 0 4.95281e+07
3797 2.85458 1.06714 -0.0675 1.91918e+07 3514.5 1.91883e+07 158.875 10.3682 2.86821 2.65942e+08 3832.64 3832.64 507724 0 4.96141e+07
3798 2.85458 1.06714 -0.05 1.92355e+07 3514.5 1.9232e+07 158.729 10.3815 2.88147 2.66088e+08 3832.64 3832.64 507724 0 4.96879e+07
3799 2.85458 1.06714 -0.0325 1.92675e+07 3514.5 1.9264e+07 158.625 10.3905 2.89048 2.66191e+08 3832.64 3832.64 507724 0 4.97413e+07
3800 2.85458 1.06714 -0.015 1.92878e+07 3514.5 1.92843e+07 158.562 10.3952 2.89522 2.66251e+08 3832.64 3832.64 507724 0 4.97745e+07
3801 2.86549 0.997143 -0.085 3.04442e+06 3514.5 3.0409e+06 197.375 6.00373 1.49627 2.30647e+08 3581.23 3581.23 543159 0 3.31456e+07
3802 2.86549 0.997143 -0.0675 3.19325e+06 3514.5 3.18973e+06 197.104 6.02084 1.47916 2.30766e+08 3581.23 3581.23 543159 0 3.32933e+07
3803 2.86549 0.997143 -0.05 3.33407e+06 3514.5 3.33055e+06 196.875 6.03345 1.46655 2.30858e+08 3581.23 3581.23 543159 0 3.34332e+07
3804 2.86549 0.997143 -0.0325 3.46697e+06 3514.5 3.46345e+06 196.729 6.04136 1.45864 2.30922e+08 3581.23 3581.23 543159 0 3.35656e+07
3805 2.86549 0.997143 -0.015 3.59223e+06 3514.5 3.58871e+06 196.646 6.0446 1.4554 2.30959e+08 3581.23 3581.23 543159 0 3.36906e+07
3806 2.86549 1.00881 -0.085 6.3625e+06 3514.5 6.35899e+06 186.625 7.00577 0.494229 2.36644e+08 3623.13 3623.13 537086 0 3.63936e+07
3807 2.86549 1.00881 -0.0675 6.4807e+06 3514.5 6.47718e+06 186.375 7.02349 0.476511 2.36774e+08 3623.13 3623.13 537086 0 3.65105e+07
3808 2.86549 1.00881 -0.05 6.5854e+06 3514.5 6.58189e+06 186.208 7.03644 0.463557 2.36876e+08 3623.13 3623.13 537086 0 3.66143e+07
3809 2.86549 1.00881 -0.0325 6.67685e+06 3514.5 6.67333e+06 186.062 7.045 0.455005 2.36947e+08 3623.13 3623.13 537086 0 3.67052e+07
3810 2.86549 1.00881 -0.015 6.75532e+06 3514.5 6.75181e+06 185.979 7.04885 0.451148 2.36988e+08 3623.13 3623.13 537086 0 3.67834e+07
3811 2.86549 1.02048 -0.085 9.95076e+06 3514.5 9.94725e+06 178.625 7.88996 0.389956 2.42554e+08 3665.03 3665.03 531080 0 3.99745e+07
3812 2.86549 1.02048 -0.0675 1.00478e+07 3514.5 1.00443e+07 178.417 7.90761 0.407614 2.42697e+08 3665.03 3665.03 531080 0 4.00728e+07
3813 2.86549 1.02048 -0.05 1.01307e+07 3514.5 1.01272e+07 178.25 7.92083 0.420825 2.42807e+08 3665.03 3665.03 531080 0 4.01567e+07
3814 2.86549 1.02048 -0.0325 1.01997e+07 3514.5 1.01961e+07 178.125 7.92956 0.42956 2.42884e+08 3665.03 3665.03 531080 0 4.02262e+07
3815 2.86549 1.02048 -0.015 1.02548e+07 3514.5 1.02512e+07 178.042 7.93379 0.433792 2.42929e+08 3665.03 3665.03 531080 0 4.02816e+07
3816 2.86549 1.03214 -0.085 1.32619e+07 3514.5 1.32584e+07 172.229 8.67575 1.17575 2.48403e+08 3706.94 3706.94 525142 0 4.33407e+07
3817 2.86549 1.03214 -0.0675 1.33455e+07 3514.5 1.33419e+07 172.042 8.69331 1.19331 2.48557e+08 3706.94 3706.94 525142 0 4.34255e+07
3818 2.86549 1.03214 -0.05 1.34151e+07 3514.5 1.34116e+07 171.875 8.70666 1.20666 2.48676e+08 3706.94 3706.94 525142 0 4.3496e+07
3819 2.86549 1.03214 -0.0325 1.34709e+07 3514.5 1.34674e+07 171.771 8.71541 1.21541 2.4876e+08 3706.94 3706.94 525142 0 4.35524e+07
3820 2.86549 1.03214 -0.015 1.35129e+07 3514.5 1.35094e+07 171.688 8.71991 1.21991 2.48808e+08 3706.94 3706.94 525142 0 4.35948e+07
3821 2.86549 1.04381 -0.085 1.6265e+07 3514.5 1.62614e+07 166.896 9.3814 1.8814 2.54209e+08 3748.84 3748.84 519271 0 4.63931e+07
3822 2.86549 1.04381 -0.0675 1.63385e+07 3514.5 1.6335e+07 166.708 9.39897 1.89897 2.54375e+08 3748.84 3748.84 519271 0 4.64679e+07
3823 2.86549 1.04381 -0.05 1.63985e+07 3514.5 1.6395e+07 166.562 9.41221 1.91221 2.54503e+08 3748.84 3748.84 519271 0 4.65288e+07
3824 2.86549 1.04381 -0.0325 1.6445e+07 3514.5 1.64415e+07 166.458 9.4211 1.9211 2.54593e+08 3748.84 3748.84 519271 0 4.6576e+07
3825 2.86549 1.04381 -0.015 1.64782e+07 3514.5 1.64747e+07 166.396 9.4256 1.9256 2.54645e+08 3748.84 3748.84 519271 0 4.66095e+07
3826 2.86549 1.05548 -0.085 1.89874e+07 3514.5 1.89839e+07 162.312 10.0214 2.52142 2.59987e+08 3790.74 3790.74 513465 0 4.91604e+07
3827 2.86549 1.05548 -0.0675 1.90527e+07 3514.5 1.90492e+07 162.146 10.0388 2.53879 2.60165e+08 3790.74 3790.74 513465 0 4.92269e+07
3828 2.86549 1.05548 -0.05 1.91051e+07 3514.5 1.91015e+07 162 10.0521 2.55209 2.60302e+08 3790.74 3790.74 513465 0 4.92802e+07
3829 2.86549 1.05548 -0.0325 1.91444e+07 3514.5 1.91409e+07 161.896 10.0611 2.56108 2.60398e+08 3790.74 3790.74 513465 0 4.93202e+07
3830 2.86549 1.05548 -0.015 1.9171e+07 3514.5 1.91675e+07 161.833 10.0657 2.56574 2.60454e+08 3790.74 3790.74 513465 0 4.93471e+07
3831 2.86549 1.06714 -0.085 2.14639e+07 3514.5 2.14604e+07 158.292 10.607 3.10698 2.65752e+08 3832.64 3832.64 507724 0 5.20195e+07
3832 2.86549 1.06714 -0.0675 2.15221e+07 3514.5 2.15186e+07 158.125 10.6243 3.12434 2.65941e+08 3832.64 3832.64 507724 0 5.21123e+07
3833 2.86549 1.06714 -0.05 2.15679e+07 3514.5 2.15644e+07 158 10.6375 3.13747 2.66087e+08 3832.64 3832.64 507724 0 5.2184e+07
3834 2.86549 1.06714 -0.0325 2.16014e+07 3514.5 2.15978e+07 157.896 10.6465 3.14654 2.6619e+08 3832.64 3832.64 507724 0 5.22389e+07
3835 2.86549 1.06714 -0.015 2.16225e+07 3514.5 2.1619e+07 157.833 10.6513 3.15134 2.6625e+08 3832.64 3832.64 507724 0 5.22729e+07
